cola_p1,cola_p2,dist_p1,dist_p2,decision_correcta
38,44,5.0,12.0,Pala 1
28,16,5.0,12.0,Pala 2
14,39,5.0,12.0,Pala 1
42,20,5.0,12.0,Pala 2
7,1,5.0,12.0,Pala 1
20,36,5.0,12.0,Pala 1
38,5,5.0,12.0,Pala 2
18,43,5.0,12.0,Pala 1
22,17,5.0,12.0,Pala 1
10,29,5.0,12.0,Pala 1
10,21,5.0,12.0,Pala 1
23,32,5.0,12.0,Pala 1
35,29,5.0,12.0,Pala 2
39,16,5.0,12.0,Pala 2
23,42,5.0,12.0,Pala 1
2,31,5.0,12.0,Pala 1
21,41,5.0,12.0,Pala 1
1,13,5.0,12.0,Pala 1
23,9,5.0,12.0,Pala 2
43,46,5.0,12.0,Pala 1
29,35,5.0,12.0,Pala 1
37,33,5.0,12.0,Pala 1
1,8,5.0,12.0,Pala 1
20,41,5.0,12.0,Pala 1
32,27,5.0,12.0,Pala 2
11,10,5.0,12.0,Pala 1
21,13,5.0,12.0,Pala 2
43,38,5.0,12.0,Pala 2
24,46,5.0,12.0,Pala 1
48,18,5.0,12.0,Pala 2
26,14,5.0,12.0,Pala 2
41,27,5.0,12.0,Pala 2
27,23,5.0,12.0,Pala 1
15,7,5.0,12.0,Pala 2
14,42,5.0,12.0,Pala 1
46,8,5.0,12.0,Pala 2
43,46,5.0,12.0,Pala 1
2,32,5.0,12.0,Pala 1
36,32,5.0,12.0,Pala 2
6,18,5.0,12.0,Pala 1
20,2,5.0,12.0,Pala 2
8,9,5.0,12.0,Pala 1
38,39,5.0,12.0,Pala 2
17,46,5.0,12.0,Pala 1
3,41,5.0,12.0,Pala 1
24,0,5.0,12.0,Pala 2
13,28,5.0,12.0,Pala 1
49,49,5.0,12.0,Pala 2
8,33,5.0,12.0,Pala 1
25,12,5.0,12.0,Pala 2
1,0,5.0,12.0,Pala 1
19,33,5.0,12.0,Pala 1
27,28,5.0,12.0,Pala 1
46,47,5.0,12.0,Pala 1
6,46,5.0,12.0,Pala 1
43,12,5.0,12.0,Pala 2
7,47,5.0,12.0,Pala 1
46,48,5.0,12.0,Pala 1
34,28,5.0,12.0,Pala 2
13,38,5.0,12.0,Pala 1
16,23,5.0,12.0,Pala 1
35,25,5.0,12.0,Pala 2
49,16,5.0,12.0,Pala 2
39,6,5.0,12.0,Pala 2
3,12,5.0,12.0,Pala 1
1,4,5.0,12.0,Pala 1
5,25,5.0,12.0,Pala 1
41,48,5.0,12.0,Pala 1
3,2,5.0,12.0,Pala 1
28,6,5.0,12.0,Pala 2
17,48,5.0,12.0,Pala 1
25,38,5.0,12.0,Pala 1
43,0,5.0,12.0,Pala 2
33,48,5.0,12.0,Pala 1
9,16,5.0,12.0,Pala 1
35,42,5.0,12.0,Pala 1
13,24,5.0,12.0,Pala 1
30,2,5.0,12.0,Pala 2
47,14,5.0,12.0,Pala 2
14,28,5.0,12.0,Pala 1
7,42,5.0,12.0,Pala 1
13,31,5.0,12.0,Pala 1
22,25,5.0,12.0,Pala 1
39,15,5.0,12.0,Pala 2
20,24,5.0,12.0,Pala 1
15,27,5.0,12.0,Pala 1
44,8,5.0,12.0,Pala 2
17,0,5.0,12.0,Pala 2
46,28,5.0,12.0,Pala 2
23,21,5.0,12.0,Pala 1
25,15,5.0,12.0,Pala 2
24,40,5.0,12.0,Pala 1
44,43,5.0,12.0,Pala 2
40,40,5.0,12.0,Pala 1
28,6,5.0,12.0,Pala 2
14,13,5.0,12.0,Pala 2
44,28,5.0,12.0,Pala 2
0,18,5.0,12.0,Pala 1
24,18,5.0,12.0,Pala 1
6,1,5.0,12.0,Pala 1
8,40,5.0,12.0,Pala 1
23,44,5.0,12.0,Pala 1
0,14,5.0,12.0,Pala 1
43,2,5.0,12.0,Pala 2
7,10,5.0,12.0,Pala 1
23,45,5.0,12.0,Pala 1
10,29,5.0,12.0,Pala 1
16,39,5.0,12.0,Pala 1
7,17,5.0,12.0,Pala 1
34,47,5.0,12.0,Pala 1
34,1,5.0,12.0,Pala 2
32,31,5.0,12.0,Pala 1
4,7,5.0,12.0,Pala 1
41,21,5.0,12.0,Pala 2
38,5,5.0,12.0,Pala 2
40,11,5.0,12.0,Pala 2
27,46,5.0,12.0,Pala 1
6,39,5.0,12.0,Pala 1
8,35,5.0,12.0,Pala 1
7,14,5.0,12.0,Pala 1
11,27,5.0,12.0,Pala 1
33,48,5.0,12.0,Pala 1
32,44,5.0,12.0,Pala 1
47,17,5.0,12.0,Pala 2
22,1,5.0,12.0,Pala 2
23,12,5.0,12.0,Pala 2
36,44,5.0,12.0,Pala 1
34,14,5.0,12.0,Pala 2
43,19,5.0,12.0,Pala 2
39,28,5.0,12.0,Pala 2
21,41,5.0,12.0,Pala 1
26,28,5.0,12.0,Pala 1
34,2,5.0,12.0,Pala 2
0,18,5.0,12.0,Pala 1
34,2,5.0,12.0,Pala 2
36,13,5.0,12.0,Pala 2
46,39,5.0,12.0,Pala 1
13,3,5.0,12.0,Pala 2
2,10,5.0,12.0,Pala 1
0,30,5.0,12.0,Pala 1
4,42,5.0,12.0,Pala 1
25,31,5.0,12.0,Pala 1
13,26,5.0,12.0,Pala 1
38,29,5.0,12.0,Pala 2
26,42,5.0,12.0,Pala 1
8,1,5.0,12.0,Pala 2
14,48,5.0,12.0,Pala 1
14,8,5.0,12.0,Pala 2
25,27,5.0,12.0,Pala 1
41,30,5.0,12.0,Pala 2
12,33,5.0,12.0,Pala 1
31,14,5.0,12.0,Pala 2
38,47,5.0,12.0,Pala 1
48,24,5.0,12.0,Pala 2
31,35,5.0,12.0,Pala 1
3,7,5.0,12.0,Pala 1
29,8,5.0,12.0,Pala 2
36,36,5.0,12.0,Pala 1
22,47,5.0,12.0,Pala 1
38,44,5.0,12.0,Pala 1
44,38,5.0,12.0,Pala 2
14,31,5.0,12.0,Pala 1
42,16,5.0,12.0,Pala 2
28,34,5.0,12.0,Pala 1
35,36,5.0,12.0,Pala 1
12,18,5.0,12.0,Pala 1
31,43,5.0,12.0,Pala 1
6,28,5.0,12.0,Pala 1
21,6,5.0,12.0,Pala 2
27,27,5.0,12.0,Pala 1
1,8,5.0,12.0,Pala 1
41,27,5.0,12.0,Pala 2
44,5,5.0,12.0,Pala 2
5,28,5.0,12.0,Pala 1
27,16,5.0,12.0,Pala 2
27,15,5.0,12.0,Pala 2
43,22,5.0,12.0,Pala 2
43,30,5.0,12.0,Pala 2
19,2,5.0,12.0,Pala 2
29,20,5.0,12.0,Pala 2
10,25,5.0,12.0,Pala 1
27,35,5.0,12.0,Pala 1
24,41,5.0,12.0,Pala 1
38,36,5.0,12.0,Pala 1
32,21,5.0,12.0,Pala 2
0,41,5.0,12.0,Pala 1
26,11,5.0,12.0,Pala 2
12,41,5.0,12.0,Pala 1
40,12,5.0,12.0,Pala 2
2,10,5.0,12.0,Pala 1
38,15,5.0,12.0,Pala 2
5,7,5.0,12.0,Pala 1
7,39,5.0,12.0,Pala 1
26,39,5.0,12.0,Pala 1
8,44,5.0,12.0,Pala 1
36,1,5.0,12.0,Pala 2
32,29,5.0,12.0,Pala 1
41,29,5.0,12.0,Pala 2
43,11,5.0,12.0,Pala 2
23,9,5.0,12.0,Pala 2
14,43,5.0,12.0,Pala 1
31,10,5.0,12.0,Pala 2
31,14,5.0,12.0,Pala 2
23,15,5.0,12.0,Pala 2
40,16,5.0,12.0,Pala 2
48,25,5.0,12.0,Pala 2
48,1,5.0,12.0,Pala 2
11,49,5.0,12.0,Pala 1
38,11,5.0,12.0,Pala 2
1,25,5.0,12.0,Pala 1
2,22,5.0,12.0,Pala 1
48,17,5.0,12.0,Pala 2
36,31,5.0,12.0,Pala 2
48,48,5.0,12.0,Pala 2
16,37,5.0,12.0,Pala 1
48,46,5.0,12.0,Pala 2
1,2,5.0,12.0,Pala 1
1,37,5.0,12.0,Pala 1
27,2,5.0,12.0,Pala 2
22,29,5.0,12.0,Pala 1
36,0,5.0,12.0,Pala 2
31,29,5.0,12.0,Pala 1
32,44,5.0,12.0,Pala 1
0,31,5.0,12.0,Pala 1
18,27,5.0,12.0,Pala 1
1,20,5.0,12.0,Pala 1
43,45,5.0,12.0,Pala 1
25,12,5.0,12.0,Pala 2
31,26,5.0,12.0,Pala 2
5,35,5.0,12.0,Pala 1
31,6,5.0,12.0,Pala 2
3,21,5.0,12.0,Pala 1
10,9,5.0,12.0,Pala 1
16,38,5.0,12.0,Pala 1
37,14,5.0,12.0,Pala 2
23,14,5.0,12.0,Pala 2
4,3,5.0,12.0,Pala 1
33,31,5.0,12.0,Pala 1
5,22,5.0,12.0,Pala 1
21,5,5.0,12.0,Pala 2
10,23,5.0,12.0,Pala 1
47,19,5.0,12.0,Pala 2
15,36,5.0,12.0,Pala 1
32,19,5.0,12.0,Pala 2
8,11,5.0,12.0,Pala 1
5,32,5.0,12.0,Pala 1
15,27,5.0,12.0,Pala 1
28,7,5.0,12.0,Pala 2
2,0,5.0,12.0,Pala 1
19,36,5.0,12.0,Pala 1
35,21,5.0,12.0,Pala 2
18,5,5.0,12.0,Pala 2
25,20,5.0,12.0,Pala 2
2,31,5.0,12.0,Pala 1
18,34,5.0,12.0,Pala 1
19,14,5.0,12.0,Pala 2
31,4,5.0,12.0,Pala 2
6,45,5.0,12.0,Pala 1
40,49,5.0,12.0,Pala 1
32,47,5.0,12.0,Pala 1
39,5,5.0,12.0,Pala 2
38,24,5.0,12.0,Pala 2
17,45,5.0,12.0,Pala 1
39,39,5.0,12.0,Pala 1
0,28,5.0,12.0,Pala 1
10,6,5.0,12.0,Pala 1
27,39,5.0,12.0,Pala 1
24,12,5.0,12.0,Pala 2
49,37,5.0,12.0,Pala 2
22,17,5.0,12.0,Pala 2
30,1,5.0,12.0,Pala 2
29,7,5.0,12.0,Pala 2
41,10,5.0,12.0,Pala 2
34,32,5.0,12.0,Pala 1
6,37,5.0,12.0,Pala 1
15,47,5.0,12.0,Pala 1
25,26,5.0,12.0,Pala 1
47,19,5.0,12.0,Pala 2
48,11,5.0,12.0,Pala 2
1,42,5.0,12.0,Pala 1
0,30,5.0,12.0,Pala 1
47,26,5.0,12.0,Pala 2
11,31,5.0,12.0,Pala 1
4,9,5.0,12.0,Pala 1
36,2,5.0,12.0,Pala 2
31,44,5.0,12.0,Pala 1
8,26,5.0,12.0,Pala 1
40,34,5.0,12.0,Pala 2
34,30,5.0,12.0,Pala 1
18,14,5.0,12.0,Pala 2
47,15,5.0,12.0,Pala 2
15,12,5.0,12.0,Pala 2
2,48,5.0,12.0,Pala 1
19,34,5.0,12.0,Pala 1
23,10,5.0,12.0,Pala 2
32,20,5.0,12.0,Pala 2
23,10,5.0,12.0,Pala 2
10,29,5.0,12.0,Pala 1
48,47,5.0,12.0,Pala 1
7,34,5.0,12.0,Pala 1
35,21,5.0,12.0,Pala 2
37,37,5.0,12.0,Pala 1
39,30,5.0,12.0,Pala 2
19,13,5.0,12.0,Pala 1
34,23,5.0,12.0,Pala 2
47,49,5.0,12.0,Pala 1
24,48,5.0,12.0,Pala 1
34,31,5.0,12.0,Pala 2
24,35,5.0,12.0,Pala 1
28,31,5.0,12.0,Pala 1
17,14,5.0,12.0,Pala 2
45,42,5.0,12.0,Pala 1
17,34,5.0,12.0,Pala 1
1,2,5.0,12.0,Pala 1
34,15,5.0,12.0,Pala 2
15,4,5.0,12.0,Pala 2
40,20,5.0,12.0,Pala 2
35,9,5.0,12.0,Pala 2
32,18,5.0,12.0,Pala 2
3,24,5.0,12.0,Pala 1
32,3,5.0,12.0,Pala 2
13,28,5.0,12.0,Pala 1
20,18,5.0,12.0,Pala 1
47,42,5.0,12.0,Pala 2
19,1,5.0,12.0,Pala 2
7,9,5.0,12.0,Pala 1
6,42,5.0,12.0,Pala 1
2,24,5.0,12.0,Pala 1
16,19,5.0,12.0,Pala 1
32,47,5.0,12.0,Pala 1
47,18,5.0,12.0,Pala 2
11,22,5.0,12.0,Pala 1
21,23,5.0,12.0,Pala 1
21,10,5.0,12.0,Pala 2
45,45,5.0,12.0,Pala 1
29,33,5.0,12.0,Pala 1
37,27,5.0,12.0,Pala 2
37,4,5.0,12.0,Pala 2
44,4,5.0,12.0,Pala 2
7,20,5.0,12.0,Pala 1
26,11,5.0,12.0,Pala 2
26,49,5.0,12.0,Pala 1
33,3,5.0,12.0,Pala 2
20,48,5.0,12.0,Pala 1
29,41,5.0,12.0,Pala 1
32,19,5.0,12.0,Pala 2
27,37,5.0,12.0,Pala 1
46,24,5.0,12.0,Pala 2
32,13,5.0,12.0,Pala 2
4,10,5.0,12.0,Pala 1
47,31,5.0,12.0,Pala 2
18,10,5.0,12.0,Pala 2
3,17,5.0,12.0,Pala 1
34,26,5.0,12.0,Pala 2
48,17,5.0,12.0,Pala 2
16,22,5.0,12.0,Pala 1
43,10,5.0,12.0,Pala 2
27,20,5.0,12.0,Pala 2
29,43,5.0,12.0,Pala 1
28,4,5.0,12.0,Pala 2
45,22,5.0,12.0,Pala 2
5,40,5.0,12.0,Pala 1
34,24,5.0,12.0,Pala 2
40,40,5.0,12.0,Pala 1
36,9,5.0,12.0,Pala 2
23,21,5.0,12.0,Pala 1
28,18,5.0,12.0,Pala 2
48,0,5.0,12.0,Pala 2
45,6,5.0,12.0,Pala 2
30,3,5.0,12.0,Pala 2
34,0,5.0,12.0,Pala 2
32,14,5.0,12.0,Pala 2
20,39,5.0,12.0,Pala 1
31,11,5.0,12.0,Pala 2
22,21,5.0,12.0,Pala 2
32,21,5.0,12.0,Pala 2
2,49,5.0,12.0,Pala 1
17,46,5.0,12.0,Pala 1
24,16,5.0,12.0,Pala 1
41,28,5.0,12.0,Pala 2
30,45,5.0,12.0,Pala 1
2,13,5.0,12.0,Pala 1
39,49,5.0,12.0,Pala 1
45,19,5.0,12.0,Pala 2
23,49,5.0,12.0,Pala 1
49,47,5.0,12.0,Pala 2
31,32,5.0,12.0,Pala 1
46,42,5.0,12.0,Pala 2
21,14,5.0,12.0,Pala 2
22,11,5.0,12.0,Pala 2
1,39,5.0,12.0,Pala 1
26,19,5.0,12.0,Pala 2
41,29,5.0,12.0,Pala 2
1,37,5.0,12.0,Pala 1
25,2,5.0,12.0,Pala 2
16,27,5.0,12.0,Pala 1
39,25,5.0,12.0,Pala 2
32,29,5.0,12.0,Pala 1
8,12,5.0,12.0,Pala 1
42,12,5.0,12.0,Pala 2
47,1,5.0,12.0,Pala 2
38,36,5.0,12.0,Pala 1
28,48,5.0,12.0,Pala 1
41,37,5.0,12.0,Pala 2
25,1,5.0,12.0,Pala 2
34,35,5.0,12.0,Pala 1
49,25,5.0,12.0,Pala 2
24,10,5.0,12.0,Pala 2
23,7,5.0,12.0,Pala 2
12,43,5.0,12.0,Pala 1
6,39,5.0,12.0,Pala 1
35,42,5.0,12.0,Pala 1
44,21,5.0,12.0,Pala 2
19,19,5.0,12.0,Pala 1
0,7,5.0,12.0,Pala 1
7,28,5.0,12.0,Pala 1
45,39,5.0,12.0,Pala 2
15,25,5.0,12.0,Pala 1
13,29,5.0,12.0,Pala 1
11,16,5.0,12.0,Pala 1
22,19,5.0,12.0,Pala 2
14,15,5.0,12.0,Pala 1
27,45,5.0,12.0,Pala 1
33,42,5.0,12.0,Pala 1
1,6,5.0,12.0,Pala 1
31,15,5.0,12.0,Pala 2
22,44,5.0,12.0,Pala 1
21,46,5.0,12.0,Pala 1
24,47,5.0,12.0,Pala 1
21,26,5.0,12.0,Pala 1
21,22,5.0,12.0,Pala 2
48,23,5.0,12.0,Pala 2
41,8,5.0,12.0,Pala 2
5,34,5.0,12.0,Pala 1
14,19,5.0,12.0,Pala 1
42,36,5.0,12.0,Pala 1
36,41,5.0,12.0,Pala 1
32,16,5.0,12.0,Pala 2
7,46,5.0,12.0,Pala 1
43,30,5.0,12.0,Pala 2
43,7,5.0,12.0,Pala 2
4,14,5.0,12.0,Pala 1
38,30,5.0,12.0,Pala 1
3,29,5.0,12.0,Pala 1
5,45,5.0,12.0,Pala 1
44,19,5.0,12.0,Pala 2
31,38,5.0,12.0,Pala 1
29,11,5.0,12.0,Pala 2
46,48,5.0,12.0,Pala 2
34,16,5.0,12.0,Pala 2
39,41,5.0,12.0,Pala 1
15,29,5.0,12.0,Pala 1
12,28,5.0,12.0,Pala 1
49,18,5.0,12.0,Pala 2
41,45,5.0,12.0,Pala 1
29,10,5.0,12.0,Pala 2
18,33,5.0,12.0,Pala 1
16,49,5.0,12.0,Pala 1
18,6,5.0,12.0,Pala 2
27,43,5.0,12.0,Pala 1
25,33,5.0,12.0,Pala 1
36,19,5.0,12.0,Pala 2
25,49,5.0,12.0,Pala 1
22,37,5.0,12.0,Pala 1
8,23,5.0,12.0,Pala 1
11,9,5.0,12.0,Pala 2
0,31,5.0,12.0,Pala 1
0,14,5.0,12.0,Pala 1
46,36,5.0,12.0,Pala 2
33,19,5.0,12.0,Pala 2
31,2,5.0,12.0,Pala 2
47,36,5.0,12.0,Pala 2
24,39,5.0,12.0,Pala 1
39,7,5.0,12.0,Pala 2
44,39,5.0,12.0,Pala 2
0,43,5.0,12.0,Pala 1
15,22,5.0,12.0,Pala 1
38,39,5.0,12.0,Pala 1
4,10,5.0,12.0,Pala 1
21,45,5.0,12.0,Pala 1
28,7,5.0,12.0,Pala 2
2,28,5.0,12.0,Pala 1
11,29,5.0,12.0,Pala 1
25,9,5.0,12.0,Pala 2
15,38,5.0,12.0,Pala 1
36,27,5.0,12.0,Pala 2
21,48,5.0,12.0,Pala 1
28,35,5.0,12.0,Pala 1
13,12,5.0,12.0,Pala 1
27,31,5.0,12.0,Pala 1
4,35,5.0,12.0,Pala 1
46,36,5.0,12.0,Pala 2
48,25,5.0,12.0,Pala 2
29,21,5.0,12.0,Pala 1
45,3,5.0,12.0,Pala 2
4,30,5.0,12.0,Pala 1
11,17,5.0,12.0,Pala 1
15,37,5.0,12.0,Pala 1
25,23,5.0,12.0,Pala 1
25,22,5.0,12.0,Pala 2
47,21,5.0,12.0,Pala 2
20,1,5.0,12.0,Pala 2
38,30,5.0,12.0,Pala 2
35,10,5.0,12.0,Pala 2
32,27,5.0,12.0,Pala 2
29,45,5.0,12.0,Pala 1
36,31,5.0,12.0,Pala 2
22,4,5.0,12.0,Pala 2
9,37,5.0,12.0,Pala 1
4,9,5.0,12.0,Pala 1
35,39,5.0,12.0,Pala 1
33,45,5.0,12.0,Pala 1
30,23,5.0,12.0,Pala 2
9,34,5.0,12.0,Pala 1
18,43,5.0,12.0,Pala 1
31,47,5.0,12.0,Pala 1
0,22,5.0,12.0,Pala 1
4,16,5.0,12.0,Pala 1
44,0,5.0,12.0,Pala 2
3,30,5.0,12.0,Pala 1
15,30,5.0,12.0,Pala 1
23,41,5.0,12.0,Pala 1
15,41,5.0,12.0,Pala 1
1,33,5.0,12.0,Pala 1
48,8,5.0,12.0,Pala 2
27,21,5.0,12.0,Pala 2
31,12,5.0,12.0,Pala 2
26,24,5.0,12.0,Pala 2
19,47,5.0,12.0,Pala 1
23,17,5.0,12.0,Pala 2
11,11,5.0,12.0,Pala 2
49,39,5.0,12.0,Pala 2
34,16,5.0,12.0,Pala 2
32,14,5.0,12.0,Pala 2
32,41,5.0,12.0,Pala 1
42,14,5.0,12.0,Pala 2
36,14,5.0,12.0,Pala 2
11,38,5.0,12.0,Pala 1
2,12,5.0,12.0,Pala 1
0,16,5.0,12.0,Pala 1
32,31,5.0,12.0,Pala 1
39,8,5.0,12.0,Pala 2
9,39,5.0,12.0,Pala 1
42,19,5.0,12.0,Pala 2
43,25,5.0,12.0,Pala 2
28,26,5.0,12.0,Pala 2
12,20,5.0,12.0,Pala 1
11,17,5.0,12.0,Pala 1
30,12,5.0,12.0,Pala 2
45,15,5.0,12.0,Pala 2
1,8,5.0,12.0,Pala 1
49,11,5.0,12.0,Pala 2
34,43,5.0,12.0,Pala 1
22,37,5.0,12.0,Pala 1
16,18,5.0,12.0,Pala 1
25,6,5.0,12.0,Pala 2
7,34,5.0,12.0,Pala 1
28,47,5.0,12.0,Pala 1
25,17,5.0,12.0,Pala 2
9,15,5.0,12.0,Pala 1
25,38,5.0,12.0,Pala 1
33,3,5.0,12.0,Pala 2
40,24,5.0,12.0,Pala 2
6,31,5.0,12.0,Pala 1
3,39,5.0,12.0,Pala 1
49,12,5.0,12.0,Pala 2
44,44,5.0,12.0,Pala 1
10,16,5.0,12.0,Pala 1
28,48,5.0,12.0,Pala 1
35,36,5.0,12.0,Pala 1
24,5,5.0,12.0,Pala 2
20,18,5.0,12.0,Pala 1
35,12,5.0,12.0,Pala 2
9,25,5.0,12.0,Pala 1
36,13,5.0,12.0,Pala 2
8,30,5.0,12.0,Pala 1
23,3,5.0,12.0,Pala 2
34,38,5.0,12.0,Pala 1
48,7,5.0,12.0,Pala 2
34,24,5.0,12.0,Pala 2
47,12,5.0,12.0,Pala 2
35,31,5.0,12.0,Pala 1
17,37,5.0,12.0,Pala 1
48,37,5.0,12.0,Pala 2
38,27,5.0,12.0,Pala 2
31,29,5.0,12.0,Pala 1
23,2,5.0,12.0,Pala 2
22,27,5.0,12.0,Pala 1
31,2,5.0,12.0,Pala 2
36,44,5.0,12.0,Pala 1
11,33,5.0,12.0,Pala 1
48,15,5.0,12.0,Pala 2
12,21,5.0,12.0,Pala 1
22,31,5.0,12.0,Pala 1
24,37,5.0,12.0,Pala 1
34,7,5.0,12.0,Pala 2
40,7,5.0,12.0,Pala 2
29,5,5.0,12.0,Pala 2
16,13,5.0,12.0,Pala 2
48,31,5.0,12.0,Pala 2
19,34,5.0,12.0,Pala 1
47,9,5.0,12.0,Pala 2
24,2,5.0,12.0,Pala 2
21,11,5.0,12.0,Pala 2
12,48,5.0,12.0,Pala 1
18,30,5.0,12.0,Pala 1
48,28,5.0,12.0,Pala 2
35,4,5.0,12.0,Pala 2
11,24,5.0,12.0,Pala 1
40,40,5.0,12.0,Pala 1
18,30,5.0,12.0,Pala 1
11,20,5.0,12.0,Pala 1
8,19,5.0,12.0,Pala 1
6,38,5.0,12.0,Pala 1
27,21,5.0,12.0,Pala 1
13,3,5.0,12.0,Pala 2
30,12,5.0,12.0,Pala 2
18,44,5.0,12.0,Pala 1
46,41,5.0,12.0,Pala 1
15,49,5.0,12.0,Pala 1
4,48,5.0,12.0,Pala 1
34,19,5.0,12.0,Pala 2
11,12,5.0,12.0,Pala 1
24,16,5.0,12.0,Pala 2
20,35,5.0,12.0,Pala 1
35,32,5.0,12.0,Pala 1
22,0,5.0,12.0,Pala 2
15,14,5.0,12.0,Pala 2
38,12,5.0,12.0,Pala 2
44,16,5.0,12.0,Pala 2
41,23,5.0,12.0,Pala 2
38,7,5.0,12.0,Pala 2
13,49,5.0,12.0,Pala 1
30,26,5.0,12.0,Pala 2
4,44,5.0,12.0,Pala 1
34,22,5.0,12.0,Pala 2
22,45,5.0,12.0,Pala 1
28,7,5.0,12.0,Pala 2
42,7,5.0,12.0,Pala 2
10,25,5.0,12.0,Pala 1
17,46,5.0,12.0,Pala 1
46,12,5.0,12.0,Pala 2
11,38,5.0,12.0,Pala 1
8,36,5.0,12.0,Pala 1
9,48,5.0,12.0,Pala 1
43,27,5.0,12.0,Pala 2
16,24,5.0,12.0,Pala 1
37,15,5.0,12.0,Pala 2
6,1,5.0,12.0,Pala 2
45,17,5.0,12.0,Pala 2
12,16,5.0,12.0,Pala 1
39,29,5.0,12.0,Pala 2
41,38,5.0,12.0,Pala 2
8,12,5.0,12.0,Pala 1
49,31,5.0,12.0,Pala 2
26,49,5.0,12.0,Pala 1
1,28,5.0,12.0,Pala 1
4,45,5.0,12.0,Pala 1
28,29,5.0,12.0,Pala 1
36,17,5.0,12.0,Pala 2
37,12,5.0,12.0,Pala 2
18,42,5.0,12.0,Pala 1
7,20,5.0,12.0,Pala 1
47,29,5.0,12.0,Pala 2
44,20,5.0,12.0,Pala 2
0,47,5.0,12.0,Pala 1
21,16,5.0,12.0,Pala 1
16,39,5.0,12.0,Pala 1
6,18,5.0,12.0,Pala 1
24,14,5.0,12.0,Pala 2
44,8,5.0,12.0,Pala 2
3,9,5.0,12.0,Pala 1
35,43,5.0,12.0,Pala 1
5,30,5.0,12.0,Pala 1
30,22,5.0,12.0,Pala 2
18,29,5.0,12.0,Pala 1
43,32,5.0,12.0,Pala 2
38,8,5.0,12.0,Pala 2
26,46,5.0,12.0,Pala 1
9,0,5.0,12.0,Pala 2
25,43,5.0,12.0,Pala 1
18,34,5.0,12.0,Pala 1
38,10,5.0,12.0,Pala 2
2,33,5.0,12.0,Pala 1
44,15,5.0,12.0,Pala 2
12,8,5.0,12.0,Pala 1
49,31,5.0,12.0,Pala 2
27,14,5.0,12.0,Pala 2
19,11,5.0,12.0,Pala 2
27,32,5.0,12.0,Pala 1
7,44,5.0,12.0,Pala 1
40,13,5.0,12.0,Pala 2
38,7,5.0,12.0,Pala 2
0,7,5.0,12.0,Pala 1
2,26,5.0,12.0,Pala 1
12,11,5.0,12.0,Pala 1
27,0,5.0,12.0,Pala 2
48,42,5.0,12.0,Pala 2
24,39,5.0,12.0,Pala 1
32,41,5.0,12.0,Pala 1
37,10,5.0,12.0,Pala 2
5,38,5.0,12.0,Pala 1
43,42,5.0,12.0,Pala 2
44,30,5.0,12.0,Pala 2
31,16,5.0,12.0,Pala 2
44,32,5.0,12.0,Pala 2
46,31,5.0,12.0,Pala 2
20,28,5.0,12.0,Pala 1
15,20,5.0,12.0,Pala 1
20,20,5.0,12.0,Pala 1
10,39,5.0,12.0,Pala 1
36,22,5.0,12.0,Pala 2
35,5,5.0,12.0,Pala 2
34,21,5.0,12.0,Pala 2
18,49,5.0,12.0,Pala 1
19,37,5.0,12.0,Pala 1
17,36,5.0,12.0,Pala 1
46,44,5.0,12.0,Pala 2
40,7,5.0,12.0,Pala 2
48,40,5.0,12.0,Pala 2
13,48,5.0,12.0,Pala 1
14,34,5.0,12.0,Pala 1
30,10,5.0,12.0,Pala 2
0,23,5.0,12.0,Pala 1
2,48,5.0,12.0,Pala 1
15,20,5.0,12.0,Pala 1
22,1,5.0,12.0,Pala 2
10,39,5.0,12.0,Pala 1
11,18,5.0,12.0,Pala 1
9,38,5.0,12.0,Pala 1
31,27,5.0,12.0,Pala 1
15,16,5.0,12.0,Pala 1
7,5,5.0,12.0,Pala 2
37,18,5.0,12.0,Pala 2
11,37,5.0,12.0,Pala 1
23,27,5.0,12.0,Pala 1
27,1,5.0,12.0,Pala 2
7,37,5.0,12.0,Pala 1
27,36,5.0,12.0,Pala 1
35,3,5.0,12.0,Pala 2
25,21,5.0,12.0,Pala 1
7,25,5.0,12.0,Pala 1
49,48,5.0,12.0,Pala 1
27,42,5.0,12.0,Pala 1
27,35,5.0,12.0,Pala 1
36,12,5.0,12.0,Pala 2
40,31,5.0,12.0,Pala 2
35,16,5.0,12.0,Pala 2
26,40,5.0,12.0,Pala 1
16,35,5.0,12.0,Pala 1
8,45,5.0,12.0,Pala 1
32,18,5.0,12.0,Pala 2
19,34,5.0,12.0,Pala 1
12,45,5.0,12.0,Pala 1
27,39,5.0,12.0,Pala 1
47,27,5.0,12.0,Pala 2
28,0,5.0,12.0,Pala 2
12,41,5.0,12.0,Pala 1
45,17,5.0,12.0,Pala 2
34,47,5.0,12.0,Pala 1
5,39,5.0,12.0,Pala 1
17,32,5.0,12.0,Pala 1
4,11,5.0,12.0,Pala 1
46,7,5.0,12.0,Pala 2
24,23,5.0,12.0,Pala 2
1,15,5.0,12.0,Pala 1
9,49,5.0,12.0,Pala 1
29,3,5.0,12.0,Pala 2
49,37,5.0,12.0,Pala 1
44,43,5.0,12.0,Pala 1
4,26,5.0,12.0,Pala 1
32,8,5.0,12.0,Pala 2
0,46,5.0,12.0,Pala 1
17,15,5.0,12.0,Pala 1
31,11,5.0,12.0,Pala 2
46,30,5.0,12.0,Pala 2
48,23,5.0,12.0,Pala 2
10,13,5.0,12.0,Pala 1
20,44,5.0,12.0,Pala 1
25,24,5.0,12.0,Pala 1
24,33,5.0,12.0,Pala 1
21,2,5.0,12.0,Pala 2
26,23,5.0,12.0,Pala 1
48,41,5.0,12.0,Pala 2
12,8,5.0,12.0,Pala 1
32,25,5.0,12.0,Pala 2
33,19,5.0,12.0,Pala 2
40,39,5.0,12.0,Pala 1
34,9,5.0,12.0,Pala 2
0,18,5.0,12.0,Pala 1
20,2,5.0,12.0,Pala 2
47,23,5.0,12.0,Pala 2
5,4,5.0,12.0,Pala 2
27,2,5.0,12.0,Pala 2
16,26,5.0,12.0,Pala 1
4,15,5.0,12.0,Pala 1
30,48,5.0,12.0,Pala 1
4,14,5.0,12.0,Pala 1
37,34,5.0,12.0,Pala 2
2,11,5.0,12.0,Pala 1
22,40,5.0,12.0,Pala 1
36,43,5.0,12.0,Pala 1
36,25,5.0,12.0,Pala 2
9,46,5.0,12.0,Pala 1
9,33,5.0,12.0,Pala 1
18,22,5.0,12.0,Pala 1
16,30,5.0,12.0,Pala 1
20,49,5.0,12.0,Pala 1
13,19,5.0,12.0,Pala 1
8,11,5.0,12.0,Pala 1
45,22,5.0,12.0,Pala 2
0,3,5.0,12.0,Pala 1
44,22,5.0,12.0,Pala 2
12,47,5.0,12.0,Pala 1
3,47,5.0,12.0,Pala 1
0,0,5.0,12.0,Pala 1
48,24,5.0,12.0,Pala 2
39,1,5.0,12.0,Pala 2
31,29,5.0,12.0,Pala 2
33,2,5.0,12.0,Pala 2
27,20,5.0,12.0,Pala 2
30,24,5.0,12.0,Pala 2
7,19,5.0,12.0,Pala 1
38,48,5.0,12.0,Pala 1
25,21,5.0,12.0,Pala 1
33,20,5.0,12.0,Pala 2
2,32,5.0,12.0,Pala 1
49,37,5.0,12.0,Pala 2
11,14,5.0,12.0,Pala 1
0,45,5.0,12.0,Pala 1
43,14,5.0,12.0,Pala 2
4,45,5.0,12.0,Pala 1
29,24,5.0,12.0,Pala 1
29,20,5.0,12.0,Pala 2
16,23,5.0,12.0,Pala 1
47,4,5.0,12.0,Pala 2
46,5,5.0,12.0,Pala 2
22,48,5.0,12.0,Pala 1
14,42,5.0,12.0,Pala 1
36,47,5.0,12.0,Pala 1
20,43,5.0,12.0,Pala 1
13,46,5.0,12.0,Pala 1
1,22,5.0,12.0,Pala 1
10,3,5.0,12.0,Pala 2
38,26,5.0,12.0,Pala 2
37,17,5.0,12.0,Pala 2
33,20,5.0,12.0,Pala 2
37,27,5.0,12.0,Pala 2
49,34,5.0,12.0,Pala 2
33,21,5.0,12.0,Pala 2
17,39,5.0,12.0,Pala 1
29,22,5.0,12.0,Pala 2
14,2,5.0,12.0,Pala 2
26,39,5.0,12.0,Pala 1
33,49,5.0,12.0,Pala 1
37,9,5.0,12.0,Pala 2
32,24,5.0,12.0,Pala 2
23,48,5.0,12.0,Pala 1
14,7,5.0,12.0,Pala 2
29,10,5.0,12.0,Pala 2
41,4,5.0,12.0,Pala 2
16,44,5.0,12.0,Pala 1
4,36,5.0,12.0,Pala 1
28,44,5.0,12.0,Pala 1
3,37,5.0,12.0,Pala 1
9,28,5.0,12.0,Pala 1
16,4,5.0,12.0,Pala 2
9,8,5.0,12.0,Pala 2
16,47,5.0,12.0,Pala 1
19,1,5.0,12.0,Pala 2
23,0,5.0,12.0,Pala 2
4,39,5.0,12.0,Pala 1
33,29,5.0,12.0,Pala 2
5,10,5.0,12.0,Pala 1
1,27,5.0,12.0,Pala 1
12,43,5.0,12.0,Pala 1
42,11,5.0,12.0,Pala 2
42,38,5.0,12.0,Pala 2
47,25,5.0,12.0,Pala 2
10,12,5.0,12.0,Pala 1
46,7,5.0,12.0,Pala 2
22,27,5.0,12.0,Pala 1
15,29,5.0,12.0,Pala 1
30,8,5.0,12.0,Pala 2
10,38,5.0,12.0,Pala 1
15,30,5.0,12.0,Pala 1
7,20,5.0,12.0,Pala 1
3,46,5.0,12.0,Pala 1
39,33,5.0,12.0,Pala 2
3,30,5.0,12.0,Pala 1
24,24,5.0,12.0,Pala 1
2,11,5.0,12.0,Pala 1
31,0,5.0,12.0,Pala 2
2,21,5.0,12.0,Pala 1
26,39,5.0,12.0,Pala 1
28,36,5.0,12.0,Pala 1
31,46,5.0,12.0,Pala 1
49,0,5.0,12.0,Pala 2
18,0,5.0,12.0,Pala 2
20,41,5.0,12.0,Pala 1
4,41,5.0,12.0,Pala 1
17,20,5.0,12.0,Pala 1
27,14,5.0,12.0,Pala 2
41,16,5.0,12.0,Pala 2
21,21,5.0,12.0,Pala 1
20,37,5.0,12.0,Pala 1
5,34,5.0,12.0,Pala 1
0,44,5.0,12.0,Pala 1
4,15,5.0,12.0,Pala 1
40,7,5.0,12.0,Pala 2
11,46,5.0,12.0,Pala 1
25,16,5.0,12.0,Pala 2
45,16,5.0,12.0,Pala 2
33,25,5.0,12.0,Pala 2
48,12,5.0,12.0,Pala 2
13,16,5.0,12.0,Pala 1
25,37,5.0,12.0,Pala 1
44,16,5.0,12.0,Pala 2
26,47,5.0,12.0,Pala 1
8,13,5.0,12.0,Pala 1
25,44,5.0,12.0,Pala 1
46,5,5.0,12.0,Pala 2
21,34,5.0,12.0,Pala 1
46,45,5.0,12.0,Pala 2
29,13,5.0,12.0,Pala 2
42,46,5.0,12.0,Pala 1
47,7,5.0,12.0,Pala 2
16,14,5.0,12.0,Pala 1
25,26,5.0,12.0,Pala 1
35,12,5.0,12.0,Pala 2
0,48,5.0,12.0,Pala 1
7,30,5.0,12.0,Pala 1
48,34,5.0,12.0,Pala 2
34,5,5.0,12.0,Pala 2
14,4,5.0,12.0,Pala 1
46,21,5.0,12.0,Pala 2
21,48,5.0,12.0,Pala 1
13,22,5.0,12.0,Pala 1
25,24,5.0,12.0,Pala 1
27,33,5.0,12.0,Pala 1
22,25,5.0,12.0,Pala 1
13,46,5.0,12.0,Pala 1
23,4,5.0,12.0,Pala 2
1,25,5.0,12.0,Pala 1
44,19,5.0,12.0,Pala 2
25,5,5.0,12.0,Pala 2
13,5,5.0,12.0,Pala 2
6,49,5.0,12.0,Pala 1
2,17,5.0,12.0,Pala 1
46,3,5.0,12.0,Pala 2
22,16,5.0,12.0,Pala 2
45,13,5.0,12.0,Pala 2
42,13,5.0,12.0,Pala 2
46,12,5.0,12.0,Pala 2
44,6,5.0,12.0,Pala 2
17,43,5.0,12.0,Pala 1
37,14,5.0,12.0,Pala 2
34,18,5.0,12.0,Pala 2
14,42,5.0,12.0,Pala 1
24,46,5.0,12.0,Pala 1
36,43,5.0,12.0,Pala 1
27,34,5.0,12.0,Pala 1
9,16,5.0,12.0,Pala 1
38,34,5.0,12.0,Pala 2
16,18,5.0,12.0,Pala 1
38,19,5.0,12.0,Pala 2
21,35,5.0,12.0,Pala 1
25,34,5.0,12.0,Pala 1
43,31,5.0,12.0,Pala 2
24,47,5.0,12.0,Pala 1
16,43,5.0,12.0,Pala 1
12,39,5.0,12.0,Pala 1
19,23,5.0,12.0,Pala 2
24,16,5.0,12.0,Pala 2
3,6,5.0,12.0,Pala 1
9,42,5.0,12.0,Pala 1
2,49,5.0,12.0,Pala 1
40,0,5.0,12.0,Pala 2
44,34,5.0,12.0,Pala 2
17,31,5.0,12.0,Pala 1
46,35,5.0,12.0,Pala 2
35,12,5.0,12.0,Pala 2
46,5,5.0,12.0,Pala 2
21,13,5.0,12.0,Pala 2
33,36,5.0,12.0,Pala 1
46,47,5.0,12.0,Pala 1
7,14,5.0,12.0,Pala 1
39,46,5.0,12.0,Pala 1
48,3,5.0,12.0,Pala 2
43,39,5.0,12.0,Pala 2
18,15,5.0,12.0,Pala 1
41,27,5.0,12.0,Pala 2
40,15,5.0,12.0,Pala 2
36,3,5.0,12.0,Pala 2
5,44,5.0,12.0,Pala 1
25,25,5.0,12.0,Pala 1
33,27,5.0,12.0,Pala 2
44,31,5.0,12.0,Pala 2
5,44,5.0,12.0,Pala 1
36,1,5.0,12.0,Pala 2
32,30,5.0,12.0,Pala 1
21,2,5.0,12.0,Pala 2
20,7,5.0,12.0,Pala 2
5,23,5.0,12.0,Pala 1
5,14,5.0,12.0,Pala 1
47,42,5.0,12.0,Pala 2
3,30,5.0,12.0,Pala 1
29,8,5.0,12.0,Pala 2
10,38,5.0,12.0,Pala 1
29,44,5.0,12.0,Pala 1
30,1,5.0,12.0,Pala 2
23,7,5.0,12.0,Pala 2
8,6,5.0,12.0,Pala 1
2,43,5.0,12.0,Pala 1
30,38,5.0,12.0,Pala 1
39,41,5.0,12.0,Pala 1
36,15,5.0,12.0,Pala 2
35,34,5.0,12.0,Pala 1
23,29,5.0,12.0,Pala 1
30,9,5.0,12.0,Pala 2
5,37,5.0,12.0,Pala 1
1,17,5.0,12.0,Pala 1
19,49,5.0,12.0,Pala 1
27,4,5.0,12.0,Pala 2
10,28,5.0,12.0,Pala 1
3,38,5.0,12.0,Pala 1
14,33,5.0,12.0,Pala 1
5,42,5.0,12.0,Pala 1
48,44,5.0,12.0,Pala 2
29,22,5.0,12.0,Pala 2
37,4,5.0,12.0,Pala 2
1,29,5.0,12.0,Pala 1
14,5,5.0,12.0,Pala 1
10,45,5.0,12.0,Pala 1
7,43,5.0,12.0,Pala 1
25,3,5.0,12.0,Pala 2
44,28,5.0,12.0,Pala 2
43,22,5.0,12.0,Pala 2
4,5,5.0,12.0,Pala 1
5,31,5.0,12.0,Pala 1
25,41,5.0,12.0,Pala 1
3,17,5.0,12.0,Pala 1
18,14,5.0,12.0,Pala 2
19,39,5.0,12.0,Pala 1
32,31,5.0,12.0,Pala 1
19,8,5.0,12.0,Pala 2
48,36,5.0,12.0,Pala 2
11,9,5.0,12.0,Pala 1
46,19,5.0,12.0,Pala 2
0,5,5.0,12.0,Pala 1
25,47,5.0,12.0,Pala 1
13,2,5.0,12.0,Pala 2
37,41,5.0,12.0,Pala 1
36,10,5.0,12.0,Pala 2
10,42,5.0,12.0,Pala 1
35,16,5.0,12.0,Pala 2
12,31,5.0,12.0,Pala 1
42,3,5.0,12.0,Pala 2
2,3,5.0,12.0,Pala 1
32,16,5.0,12.0,Pala 2
5,40,5.0,12.0,Pala 1
49,18,5.0,12.0,Pala 2
9,4,5.0,12.0,Pala 2
4,31,5.0,12.0,Pala 1
22,21,5.0,12.0,Pala 1
9,5,5.0,12.0,Pala 1
43,34,5.0,12.0,Pala 1
1,21,5.0,12.0,Pala 1
12,0,5.0,12.0,Pala 2
39,19,5.0,12.0,Pala 2
1,21,5.0,12.0,Pala 1
19,47,5.0,12.0,Pala 1
0,10,5.0,12.0,Pala 1
36,12,5.0,12.0,Pala 2
8,41,5.0,12.0,Pala 1
16,2,5.0,12.0,Pala 2
8,8,5.0,12.0,Pala 1
10,11,5.0,12.0,Pala 1
14,22,5.0,12.0,Pala 1
23,13,5.0,12.0,Pala 2
37,32,5.0,12.0,Pala 2
34,17,5.0,12.0,Pala 2
29,48,5.0,12.0,Pala 1
30,40,5.0,12.0,Pala 1
48,8,5.0,12.0,Pala 2
4,22,5.0,12.0,Pala 1
43,9,5.0,12.0,Pala 2
49,18,5.0,12.0,Pala 2
13,46,5.0,12.0,Pala 1
10,4,5.0,12.0,Pala 1
8,46,5.0,12.0,Pala 1
33,22,5.0,12.0,Pala 1
11,29,5.0,12.0,Pala 1
34,24,5.0,12.0,Pala 2
34,27,5.0,12.0,Pala 2
0,33,5.0,12.0,Pala 1
39,44,5.0,12.0,Pala 1
21,47,5.0,12.0,Pala 1
28,46,5.0,12.0,Pala 1
7,24,5.0,12.0,Pala 1
10,9,5.0,12.0,Pala 1
40,13,5.0,12.0,Pala 2
36,41,5.0,12.0,Pala 1
13,45,5.0,12.0,Pala 1
29,29,5.0,12.0,Pala 2
34,40,5.0,12.0,Pala 1
20,24,5.0,12.0,Pala 1
36,13,5.0,12.0,Pala 2
4,34,5.0,12.0,Pala 1
18,47,5.0,12.0,Pala 1
13,33,5.0,12.0,Pala 1
25,9,5.0,12.0,Pala 2
3,34,5.0,12.0,Pala 1
24,10,5.0,12.0,Pala 2
44,10,5.0,12.0,Pala 2
41,20,5.0,12.0,Pala 2
24,20,5.0,12.0,Pala 2
17,21,5.0,12.0,Pala 1
39,44,5.0,12.0,Pala 1
7,6,5.0,12.0,Pala 1
38,16,5.0,12.0,Pala 2
39,1,5.0,12.0,Pala 2
13,11,5.0,12.0,Pala 2
31,41,5.0,12.0,Pala 1
37,17,5.0,12.0,Pala 2
32,10,5.0,12.0,Pala 2
22,15,5.0,12.0,Pala 2
14,48,5.0,12.0,Pala 1
32,17,5.0,12.0,Pala 2
24,34,5.0,12.0,Pala 1
16,25,5.0,12.0,Pala 1
32,15,5.0,12.0,Pala 2
46,5,5.0,12.0,Pala 2
1,43,5.0,12.0,Pala 1
13,42,5.0,12.0,Pala 1
39,46,5.0,12.0,Pala 1
39,46,5.0,12.0,Pala 1
38,47,5.0,12.0,Pala 1
5,41,5.0,12.0,Pala 1
5,11,5.0,12.0,Pala 1
2,12,5.0,12.0,Pala 1
6,3,5.0,12.0,Pala 1
7,38,5.0,12.0,Pala 1
41,1,5.0,12.0,Pala 2
14,25,5.0,12.0,Pala 1
46,26,5.0,12.0,Pala 2
28,26,5.0,12.0,Pala 1
32,14,5.0,12.0,Pala 2
29,7,5.0,12.0,Pala 2
38,6,5.0,12.0,Pala 2
26,46,5.0,12.0,Pala 1
35,45,5.0,12.0,Pala 1
28,39,5.0,12.0,Pala 1
37,11,5.0,12.0,Pala 2
32,12,5.0,12.0,Pala 2
36,42,5.0,12.0,Pala 1
26,16,5.0,12.0,Pala 2
32,16,5.0,12.0,Pala 2
3,35,5.0,12.0,Pala 1
21,20,5.0,12.0,Pala 2
1,7,5.0,12.0,Pala 1
9,4,5.0,12.0,Pala 1
4,25,5.0,12.0,Pala 1
9,15,5.0,12.0,Pala 1
32,35,5.0,12.0,Pala 1
37,27,5.0,12.0,Pala 2
12,28,5.0,12.0,Pala 1
30,46,5.0,12.0,Pala 1
46,11,5.0,12.0,Pala 2
35,36,5.0,12.0,Pala 2
44,29,5.0,12.0,Pala 2
23,22,5.0,12.0,Pala 1
14,15,5.0,12.0,Pala 1
28,13,5.0,12.0,Pala 2
7,9,5.0,12.0,Pala 1
4,6,5.0,12.0,Pala 1
28,44,5.0,12.0,Pala 1
46,36,5.0,12.0,Pala 2
3,28,5.0,12.0,Pala 1
11,2,5.0,12.0,Pala 2
44,14,5.0,12.0,Pala 2
1,35,5.0,12.0,Pala 1
26,46,5.0,12.0,Pala 1
30,45,5.0,12.0,Pala 1
35,18,5.0,12.0,Pala 2
35,12,5.0,12.0,Pala 2
25,41,5.0,12.0,Pala 1
42,20,5.0,12.0,Pala 2
26,36,5.0,12.0,Pala 1
4,26,5.0,12.0,Pala 1
19,28,5.0,12.0,Pala 1
10,19,5.0,12.0,Pala 1
9,24,5.0,12.0,Pala 1
39,5,5.0,12.0,Pala 2
37,35,5.0,12.0,Pala 2
5,1,5.0,12.0,Pala 2
7,21,5.0,12.0,Pala 1
22,31,5.0,12.0,Pala 1
46,15,5.0,12.0,Pala 2
25,17,5.0,12.0,Pala 1
45,4,5.0,12.0,Pala 2
42,35,5.0,12.0,Pala 2
11,29,5.0,12.0,Pala 1
25,44,5.0,12.0,Pala 1
12,18,5.0,12.0,Pala 1
39,22,5.0,12.0,Pala 2
17,33,5.0,12.0,Pala 1
24,12,5.0,12.0,Pala 2
32,42,5.0,12.0,Pala 1
46,28,5.0,12.0,Pala 2
39,35,5.0,12.0,Pala 1
42,21,5.0,12.0,Pala 2
11,46,5.0,12.0,Pala 1
43,35,5.0,12.0,Pala 2
35,8,5.0,12.0,Pala 2
47,38,5.0,12.0,Pala 2
3,18,5.0,12.0,Pala 1
4,37,5.0,12.0,Pala 1
36,5,5.0,12.0,Pala 2
7,46,5.0,12.0,Pala 1
41,14,5.0,12.0,Pala 2
48,19,5.0,12.0,Pala 2
27,8,5.0,12.0,Pala 2
30,31,5.0,12.0,Pala 1
8,3,5.0,12.0,Pala 2
28,49,5.0,12.0,Pala 1
13,17,5.0,12.0,Pala 1
39,4,5.0,12.0,Pala 2
40,19,5.0,12.0,Pala 2
21,22,5.0,12.0,Pala 1
10,10,5.0,12.0,Pala 2
22,36,5.0,12.0,Pala 1
0,21,5.0,12.0,Pala 1
45,3,5.0,12.0,Pala 2
36,28,5.0,12.0,Pala 2
20,43,5.0,12.0,Pala 1
25,33,5.0,12.0,Pala 1
45,12,5.0,12.0,Pala 2
35,41,5.0,12.0,Pala 1
22,8,5.0,12.0,Pala 2
0,41,5.0,12.0,Pala 1
39,30,5.0,12.0,Pala 2
14,6,5.0,12.0,Pala 2
20,3,5.0,12.0,Pala 2
46,18,5.0,12.0,Pala 2
8,41,5.0,12.0,Pala 1
8,29,5.0,12.0,Pala 1
9,30,5.0,12.0,Pala 1
25,34,5.0,12.0,Pala 1
40,20,5.0,12.0,Pala 2
34,30,5.0,12.0,Pala 1
24,18,5.0,12.0,Pala 2
25,30,5.0,12.0,Pala 1
10,31,5.0,12.0,Pala 1
37,1,5.0,12.0,Pala 2
1,9,5.0,12.0,Pala 1
6,1,5.0,12.0,Pala 2
17,1,5.0,12.0,Pala 2
26,23,5.0,12.0,Pala 1
33,16,5.0,12.0,Pala 2
26,31,5.0,12.0,Pala 1
16,15,5.0,12.0,Pala 1
42,15,5.0,12.0,Pala 2
43,45,5.0,12.0,Pala 1
23,38,5.0,12.0,Pala 1
24,30,5.0,12.0,Pala 1
6,42,5.0,12.0,Pala 1
5,23,5.0,12.0,Pala 1
23,0,5.0,12.0,Pala 2
32,10,5.0,12.0,Pala 2
48,20,5.0,12.0,Pala 2
28,3,5.0,12.0,Pala 2
42,6,5.0,12.0,Pala 2
21,25,5.0,12.0,Pala 1
25,46,5.0,12.0,Pala 1
27,49,5.0,12.0,Pala 1
49,11,5.0,12.0,Pala 2
20,30,5.0,12.0,Pala 1
48,16,5.0,12.0,Pala 2
6,32,5.0,12.0,Pala 1
16,10,5.0,12.0,Pala 2
19,27,5.0,12.0,Pala 1
40,31,5.0,12.0,Pala 2
48,0,5.0,12.0,Pala 2
19,46,5.0,12.0,Pala 1
21,27,5.0,12.0,Pala 1
27,41,5.0,12.0,Pala 1
39,6,5.0,12.0,Pala 2
48,1,5.0,12.0,Pala 2
6,41,5.0,12.0,Pala 1
0,23,5.0,12.0,Pala 1
31,3,5.0,12.0,Pala 2
12,43,5.0,12.0,Pala 1
29,18,5.0,12.0,Pala 2
22,25,5.0,12.0,Pala 1
18,10,5.0,12.0,Pala 2
31,39,5.0,12.0,Pala 1
29,49,5.0,12.0,Pala 1
28,42,5.0,12.0,Pala 1
48,10,5.0,12.0,Pala 2
44,44,5.0,12.0,Pala 2
28,2,5.0,12.0,Pala 2
29,11,5.0,12.0,Pala 2
15,2,5.0,12.0,Pala 2
39,41,5.0,12.0,Pala 1
18,26,5.0,12.0,Pala 1
17,48,5.0,12.0,Pala 1
0,1,5.0,12.0,Pala 1
13,48,5.0,12.0,Pala 1
46,15,5.0,12.0,Pala 2
49,1,5.0,12.0,Pala 2
1,29,5.0,12.0,Pala 1
27,19,5.0,12.0,Pala 2
48,37,5.0,12.0,Pala 2
49,27,5.0,12.0,Pala 2
29,24,5.0,12.0,Pala 2
37,31,5.0,12.0,Pala 2
3,9,5.0,12.0,Pala 1
0,41,5.0,12.0,Pala 1
7,39,5.0,12.0,Pala 1
28,32,5.0,12.0,Pala 1
38,12,5.0,12.0,Pala 2
2,40,5.0,12.0,Pala 1
31,41,5.0,12.0,Pala 1
9,46,5.0,12.0,Pala 1
9,36,5.0,12.0,Pala 1
18,15,5.0,12.0,Pala 2
45,44,5.0,12.0,Pala 2
33,21,5.0,12.0,Pala 2
32,19,5.0,12.0,Pala 2
22,49,5.0,12.0,Pala 1
27,42,5.0,12.0,Pala 1
31,26,5.0,12.0,Pala 2
49,40,5.0,12.0,Pala 2
6,15,5.0,12.0,Pala 1
28,33,5.0,12.0,Pala 1
7,31,5.0,12.0,Pala 1
0,25,5.0,12.0,Pala 1
2,24,5.0,12.0,Pala 1
23,1,5.0,12.0,Pala 2
22,11,5.0,12.0,Pala 1
7,39,5.0,12.0,Pala 1
46,8,5.0,12.0,Pala 2
36,11,5.0,12.0,Pala 2
2,25,5.0,12.0,Pala 1
32,8,5.0,12.0,Pala 2
27,9,5.0,12.0,Pala 2
46,31,5.0,12.0,Pala 2
7,33,5.0,12.0,Pala 1
33,47,5.0,12.0,Pala 1
34,19,5.0,12.0,Pala 2
31,38,5.0,12.0,Pala 1
23,1,5.0,12.0,Pala 2
13,0,5.0,12.0,Pala 2
31,35,5.0,12.0,Pala 1
45,23,5.0,12.0,Pala 2
42,26,5.0,12.0,Pala 2
15,1,5.0,12.0,Pala 2
3,30,5.0,12.0,Pala 1
36,13,5.0,12.0,Pala 2
20,1,5.0,12.0,Pala 2
13,28,5.0,12.0,Pala 1
30,14,5.0,12.0,Pala 2
47,11,5.0,12.0,Pala 2
17,36,5.0,12.0,Pala 1
6,27,5.0,12.0,Pala 1
9,19,5.0,12.0,Pala 1
6,38,5.0,12.0,Pala 1
32,23,5.0,12.0,Pala 2
22,20,5.0,12.0,Pala 1
20,9,5.0,12.0,Pala 2
18,45,5.0,12.0,Pala 1
47,13,5.0,12.0,Pala 2
18,36,5.0,12.0,Pala 1
35,17,5.0,12.0,Pala 2
28,23,5.0,12.0,Pala 2
17,13,5.0,12.0,Pala 2
1,33,5.0,12.0,Pala 1
0,11,5.0,12.0,Pala 1
46,21,5.0,12.0,Pala 2
4,5,5.0,12.0,Pala 1
19,35,5.0,12.0,Pala 1
10,44,5.0,12.0,Pala 1
41,35,5.0,12.0,Pala 2
1,21,5.0,12.0,Pala 1
2,13,5.0,12.0,Pala 1
22,15,5.0,12.0,Pala 2
11,35,5.0,12.0,Pala 1
19,24,5.0,12.0,Pala 1
4,31,5.0,12.0,Pala 1
36,32,5.0,12.0,Pala 1
37,44,5.0,12.0,Pala 1
29,35,5.0,12.0,Pala 1
8,19,5.0,12.0,Pala 1
33,17,5.0,12.0,Pala 2
43,37,5.0,12.0,Pala 2
34,2,5.0,12.0,Pala 2
21,22,5.0,12.0,Pala 1
43,31,5.0,12.0,Pala 2
23,44,5.0,12.0,Pala 1
16,15,5.0,12.0,Pala 1
9,4,5.0,12.0,Pala 1
29,3,5.0,12.0,Pala 2
45,20,5.0,12.0,Pala 2
22,39,5.0,12.0,Pala 1
31,13,5.0,12.0,Pala 2
16,38,5.0,12.0,Pala 1
49,30,5.0,12.0,Pala 2
16,13,5.0,12.0,Pala 1
13,5,5.0,12.0,Pala 2
8,11,5.0,12.0,Pala 1
39,15,5.0,12.0,Pala 2
1,16,5.0,12.0,Pala 1
44,44,5.0,12.0,Pala 2
24,22,5.0,12.0,Pala 2
38,13,5.0,12.0,Pala 2
8,6,5.0,12.0,Pala 1
21,45,5.0,12.0,Pala 1
42,31,5.0,12.0,Pala 2
45,14,5.0,12.0,Pala 2
3,43,5.0,12.0,Pala 1
25,16,5.0,12.0,Pala 2
28,40,5.0,12.0,Pala 1
44,46,5.0,12.0,Pala 1
33,43,5.0,12.0,Pala 1
22,33,5.0,12.0,Pala 1
36,4,5.0,12.0,Pala 2
10,44,5.0,12.0,Pala 1
5,26,5.0,12.0,Pala 1
17,22,5.0,12.0,Pala 1
20,39,5.0,12.0,Pala 1
41,13,5.0,12.0,Pala 2
35,14,5.0,12.0,Pala 2
40,42,5.0,12.0,Pala 1
37,32,5.0,12.0,Pala 2
33,30,5.0,12.0,Pala 2
16,34,5.0,12.0,Pala 1
36,16,5.0,12.0,Pala 2
24,27,5.0,12.0,Pala 1
37,18,5.0,12.0,Pala 2
11,45,5.0,12.0,Pala 1
22,22,5.0,12.0,Pala 1
41,31,5.0,12.0,Pala 2
21,39,5.0,12.0,Pala 1
20,12,5.0,12.0,Pala 2
26,19,5.0,12.0,Pala 2
30,34,5.0,12.0,Pala 1
5,4,5.0,12.0,Pala 1
26,8,5.0,12.0,Pala 2
39,28,5.0,12.0,Pala 2
33,5,5.0,12.0,Pala 2
11,24,5.0,12.0,Pala 1
44,30,5.0,12.0,Pala 2
6,21,5.0,12.0,Pala 1
9,1,5.0,12.0,Pala 2
44,44,5.0,12.0,Pala 1
16,4,5.0,12.0,Pala 2
25,26,5.0,12.0,Pala 1
20,24,5.0,12.0,Pala 1
27,7,5.0,12.0,Pala 2
45,0,5.0,12.0,Pala 2
1,19,5.0,12.0,Pala 1
42,43,5.0,12.0,Pala 1
0,22,5.0,12.0,Pala 1
35,31,5.0,12.0,Pala 2
25,10,5.0,12.0,Pala 2
28,38,5.0,12.0,Pala 1
20,46,5.0,12.0,Pala 1
10,23,5.0,12.0,Pala 1
39,10,5.0,12.0,Pala 2
10,28,5.0,12.0,Pala 1
35,25,5.0,12.0,Pala 2
48,15,5.0,12.0,Pala 2
38,34,5.0,12.0,Pala 1
39,19,5.0,12.0,Pala 2
34,45,5.0,12.0,Pala 1
33,2,5.0,12.0,Pala 2
46,0,5.0,12.0,Pala 2
23,46,5.0,12.0,Pala 1
21,0,5.0,12.0,Pala 2
4,16,5.0,12.0,Pala 1
32,1,5.0,12.0,Pala 2
35,28,5.0,12.0,Pala 2
46,19,5.0,12.0,Pala 2
19,5,5.0,12.0,Pala 2
18,7,5.0,12.0,Pala 2
34,28,5.0,12.0,Pala 1
42,47,5.0,12.0,Pala 1
16,32,5.0,12.0,Pala 1
44,2,5.0,12.0,Pala 2
42,34,5.0,12.0,Pala 2
33,4,5.0,12.0,Pala 2
8,26,5.0,12.0,Pala 1
25,43,5.0,12.0,Pala 1
1,11,5.0,12.0,Pala 1
8,19,5.0,12.0,Pala 1
8,44,5.0,12.0,Pala 1
39,19,5.0,12.0,Pala 2
16,8,5.0,12.0,Pala 2
0,38,5.0,12.0,Pala 1
24,3,5.0,12.0,Pala 2
42,18,5.0,12.0,Pala 2
39,37,5.0,12.0,Pala 1
41,26,5.0,12.0,Pala 2
24,44,5.0,12.0,Pala 1
38,42,5.0,12.0,Pala 1
34,12,5.0,12.0,Pala 2
2,12,5.0,12.0,Pala 1
49,21,5.0,12.0,Pala 2
36,27,5.0,12.0,Pala 1
43,46,5.0,12.0,Pala 1
43,44,5.0,12.0,Pala 1
29,21,5.0,12.0,Pala 2
37,42,5.0,12.0,Pala 1
33,18,5.0,12.0,Pala 2
11,7,5.0,12.0,Pala 1
18,7,5.0,12.0,Pala 2
36,41,5.0,12.0,Pala 1
43,25,5.0,12.0,Pala 2
48,47,5.0,12.0,Pala 1
16,25,5.0,12.0,Pala 1
9,22,5.0,12.0,Pala 1
48,42,5.0,12.0,Pala 2
46,12,5.0,12.0,Pala 2
11,27,5.0,12.0,Pala 1
15,8,5.0,12.0,Pala 2
23,19,5.0,12.0,Pala 1
18,18,5.0,12.0,Pala 1
7,47,5.0,12.0,Pala 1
30,38,5.0,12.0,Pala 1
20,11,5.0,12.0,Pala 2
16,14,5.0,12.0,Pala 1
22,30,5.0,12.0,Pala 1
36,13,5.0,12.0,Pala 2
15,10,5.0,12.0,Pala 2
5,25,5.0,12.0,Pala 1
7,41,5.0,12.0,Pala 1
24,26,5.0,12.0,Pala 1
17,10,5.0,12.0,Pala 2
24,37,5.0,12.0,Pala 1
11,33,5.0,12.0,Pala 1
14,42,5.0,12.0,Pala 1
25,18,5.0,12.0,Pala 2
40,5,5.0,12.0,Pala 2
44,45,5.0,12.0,Pala 1
25,37,5.0,12.0,Pala 1
46,48,5.0,12.0,Pala 1
31,41,5.0,12.0,Pala 1
9,27,5.0,12.0,Pala 1
15,0,5.0,12.0,Pala 2
6,34,5.0,12.0,Pala 1
16,39,5.0,12.0,Pala 1
22,7,5.0,12.0,Pala 2
25,46,5.0,12.0,Pala 1
20,6,5.0,12.0,Pala 2
21,10,5.0,12.0,Pala 2
6,38,5.0,12.0,Pala 1
13,3,5.0,12.0,Pala 2
14,24,5.0,12.0,Pala 1
6,11,5.0,12.0,Pala 1
8,25,5.0,12.0,Pala 1
47,37,5.0,12.0,Pala 2
7,45,5.0,12.0,Pala 1
49,11,5.0,12.0,Pala 2
22,42,5.0,12.0,Pala 1
28,36,5.0,12.0,Pala 1
17,45,5.0,12.0,Pala 1
30,23,5.0,12.0,Pala 2
29,15,5.0,12.0,Pala 2
38,12,5.0,12.0,Pala 2
34,24,5.0,12.0,Pala 2
17,3,5.0,12.0,Pala 2
41,10,5.0,12.0,Pala 2
38,31,5.0,12.0,Pala 2
16,48,5.0,12.0,Pala 1
13,6,5.0,12.0,Pala 1
30,45,5.0,12.0,Pala 1
23,10,5.0,12.0,Pala 2
34,27,5.0,12.0,Pala 1
43,40,5.0,12.0,Pala 2
44,22,5.0,12.0,Pala 2
33,44,5.0,12.0,Pala 1
2,22,5.0,12.0,Pala 1
36,49,5.0,12.0,Pala 1
42,27,5.0,12.0,Pala 2
39,42,5.0,12.0,Pala 1
25,46,5.0,12.0,Pala 1
22,25,5.0,12.0,Pala 1
43,24,5.0,12.0,Pala 2
38,28,5.0,12.0,Pala 2
14,18,5.0,12.0,Pala 1
48,32,5.0,12.0,Pala 2
3,35,5.0,12.0,Pala 1
28,13,5.0,12.0,Pala 2
21,13,5.0,12.0,Pala 1
24,34,5.0,12.0,Pala 1
12,29,5.0,12.0,Pala 1
17,27,5.0,12.0,Pala 1
32,16,5.0,12.0,Pala 2
15,2,5.0,12.0,Pala 2
44,15,5.0,12.0,Pala 2
41,45,5.0,12.0,Pala 1
43,29,5.0,12.0,Pala 2
1,28,5.0,12.0,Pala 1
34,44,5.0,12.0,Pala 1
41,14,5.0,12.0,Pala 2
33,45,5.0,12.0,Pala 1
29,24,5.0,12.0,Pala 1
12,37,5.0,12.0,Pala 1
12,41,5.0,12.0,Pala 1
17,46,5.0,12.0,Pala 1
31,37,5.0,12.0,Pala 1
31,22,5.0,12.0,Pala 2
34,24,5.0,12.0,Pala 2
38,41,5.0,12.0,Pala 1
45,6,5.0,12.0,Pala 2
28,21,5.0,12.0,Pala 2
48,16,5.0,12.0,Pala 2
28,17,5.0,12.0,Pala 2
43,48,5.0,12.0,Pala 1
15,40,5.0,12.0,Pala 1
43,9,5.0,12.0,Pala 2
46,9,5.0,12.0,Pala 2
9,6,5.0,12.0,Pala 1
29,47,5.0,12.0,Pala 1
24,49,5.0,12.0,Pala 1
38,37,5.0,12.0,Pala 1
19,26,5.0,12.0,Pala 1
4,32,5.0,12.0,Pala 1
0,0,5.0,12.0,Pala 1
29,43,5.0,12.0,Pala 1
48,33,5.0,12.0,Pala 2
2,3,5.0,12.0,Pala 1
44,16,5.0,12.0,Pala 2
13,3,5.0,12.0,Pala 2
29,42,5.0,12.0,Pala 1
49,25,5.0,12.0,Pala 2
3,3,5.0,12.0,Pala 1
17,0,5.0,12.0,Pala 2
36,6,5.0,12.0,Pala 2
24,29,5.0,12.0,Pala 1
47,49,5.0,12.0,Pala 1
0,8,5.0,12.0,Pala 1
45,34,5.0,12.0,Pala 2
14,7,5.0,12.0,Pala 2
8,23,5.0,12.0,Pala 1
14,18,5.0,12.0,Pala 1
48,35,5.0,12.0,Pala 2
23,49,5.0,12.0,Pala 1
3,42,5.0,12.0,Pala 1
11,26,5.0,12.0,Pala 1
36,31,5.0,12.0,Pala 2
36,13,5.0,12.0,Pala 2
42,17,5.0,12.0,Pala 2
5,27,5.0,12.0,Pala 1
38,28,5.0,12.0,Pala 2
45,15,5.0,12.0,Pala 2
23,34,5.0,12.0,Pala 1
10,46,5.0,12.0,Pala 1
12,30,5.0,12.0,Pala 1
33,3,5.0,12.0,Pala 2
24,36,5.0,12.0,Pala 1
6,16,5.0,12.0,Pala 1
3,38,5.0,12.0,Pala 1
7,47,5.0,12.0,Pala 1
19,45,5.0,12.0,Pala 1
28,25,5.0,12.0,Pala 1
44,47,5.0,12.0,Pala 1
45,38,5.0,12.0,Pala 2
9,40,5.0,12.0,Pala 1
42,3,5.0,12.0,Pala 2
33,29,5.0,12.0,Pala 2
25,29,5.0,12.0,Pala 1
40,21,5.0,12.0,Pala 2
48,10,5.0,12.0,Pala 2
2,1,5.0,12.0,Pala 2
5,43,5.0,12.0,Pala 1
4,11,5.0,12.0,Pala 1
4,29,5.0,12.0,Pala 1
46,35,5.0,12.0,Pala 2
22,17,5.0,12.0,Pala 2
48,25,5.0,12.0,Pala 2
8,6,5.0,12.0,Pala 1
34,0,5.0,12.0,Pala 2
19,25,5.0,12.0,Pala 1
48,22,5.0,12.0,Pala 2
41,25,5.0,12.0,Pala 2
34,44,5.0,12.0,Pala 1
49,5,5.0,12.0,Pala 2
17,5,5.0,12.0,Pala 2
16,43,5.0,12.0,Pala 1
23,7,5.0,12.0,Pala 2
2,23,5.0,12.0,Pala 1
31,21,5.0,12.0,Pala 2
34,18,5.0,12.0,Pala 2
37,36,5.0,12.0,Pala 1
12,17,5.0,12.0,Pala 1
46,30,5.0,12.0,Pala 2
24,36,5.0,12.0,Pala 1
8,29,5.0,12.0,Pala 1
3,41,5.0,12.0,Pala 1
13,32,5.0,12.0,Pala 1
36,9,5.0,12.0,Pala 2
33,36,5.0,12.0,Pala 2
10,11,5.0,12.0,Pala 1
40,29,5.0,12.0,Pala 2
2,26,5.0,12.0,Pala 1
27,38,5.0,12.0,Pala 1
28,8,5.0,12.0,Pala 2
8,20,5.0,12.0,Pala 1
2,11,5.0,12.0,Pala 1
24,28,5.0,12.0,Pala 1
33,32,5.0,12.0,Pala 2
11,42,5.0,12.0,Pala 1
41,14,5.0,12.0,Pala 2
8,1,5.0,12.0,Pala 2
14,38,5.0,12.0,Pala 1
39,43,5.0,12.0,Pala 1
24,17,5.0,12.0,Pala 2
4,2,5.0,12.0,Pala 1
10,6,5.0,12.0,Pala 1
33,42,5.0,12.0,Pala 1
23,17,5.0,12.0,Pala 2
14,43,5.0,12.0,Pala 1
37,37,5.0,12.0,Pala 1
7,36,5.0,12.0,Pala 1
4,32,5.0,12.0,Pala 1
47,43,5.0,12.0,Pala 2
25,30,5.0,12.0,Pala 1
17,10,5.0,12.0,Pala 2
5,3,5.0,12.0,Pala 1
36,17,5.0,12.0,Pala 2
47,3,5.0,12.0,Pala 2
12,48,5.0,12.0,Pala 1
27,33,5.0,12.0,Pala 1
4,28,5.0,12.0,Pala 1
12,23,5.0,12.0,Pala 1
16,21,5.0,12.0,Pala 1
49,1,5.0,12.0,Pala 2
39,43,5.0,12.0,Pala 1
44,5,5.0,12.0,Pala 2
31,41,5.0,12.0,Pala 1
28,24,5.0,12.0,Pala 1
2,20,5.0,12.0,Pala 1
39,15,5.0,12.0,Pala 2
33,30,5.0,12.0,Pala 2
39,13,5.0,12.0,Pala 2
26,38,5.0,12.0,Pala 1
12,27,5.0,12.0,Pala 1
44,31,5.0,12.0,Pala 2
32,27,5.0,12.0,Pala 2
5,48,5.0,12.0,Pala 1
23,8,5.0,12.0,Pala 2
18,44,5.0,12.0,Pala 1
15,21,5.0,12.0,Pala 1
39,31,5.0,12.0,Pala 2
27,4,5.0,12.0,Pala 2
32,22,5.0,12.0,Pala 2
47,4,5.0,12.0,Pala 2
40,41,5.0,12.0,Pala 1
12,31,5.0,12.0,Pala 1
42,9,5.0,12.0,Pala 2
44,38,5.0,12.0,Pala 2
24,14,5.0,12.0,Pala 2
41,6,5.0,12.0,Pala 2
35,28,5.0,12.0,Pala 1
26,46,5.0,12.0,Pala 1
37,2,5.0,12.0,Pala 2
6,18,5.0,12.0,Pala 1
4,9,5.0,12.0,Pala 1
42,27,5.0,12.0,Pala 2
44,28,5.0,12.0,Pala 2
30,14,5.0,12.0,Pala 2
22,34,5.0,12.0,Pala 1
41,5,5.0,12.0,Pala 2
9,11,5.0,12.0,Pala 1
31,46,5.0,12.0,Pala 1
42,37,5.0,12.0,Pala 1
29,12,5.0,12.0,Pala 2
38,28,5.0,12.0,Pala 2
30,18,5.0,12.0,Pala 2
17,2,5.0,12.0,Pala 2
35,7,5.0,12.0,Pala 2
1,7,5.0,12.0,Pala 1
13,19,5.0,12.0,Pala 1
12,46,5.0,12.0,Pala 1
28,3,5.0,12.0,Pala 2
11,20,5.0,12.0,Pala 1
38,2,5.0,12.0,Pala 2
1,44,5.0,12.0,Pala 1
31,7,5.0,12.0,Pala 2
12,22,5.0,12.0,Pala 1
45,15,5.0,12.0,Pala 2
26,12,5.0,12.0,Pala 2
48,2,5.0,12.0,Pala 2
40,47,5.0,12.0,Pala 1
16,8,5.0,12.0,Pala 2
39,13,5.0,12.0,Pala 2
30,12,5.0,12.0,Pala 2
33,6,5.0,12.0,Pala 2
23,14,5.0,12.0,Pala 2
44,6,5.0,12.0,Pala 2
34,37,5.0,12.0,Pala 1
47,33,5.0,12.0,Pala 2
5,40,5.0,12.0,Pala 1
18,21,5.0,12.0,Pala 1
29,23,5.0,12.0,Pala 2
6,48,5.0,12.0,Pala 1
9,36,5.0,12.0,Pala 1
40,43,5.0,12.0,Pala 1
31,0,5.0,12.0,Pala 2
33,9,5.0,12.0,Pala 2
27,42,5.0,12.0,Pala 1
14,15,5.0,12.0,Pala 1
29,45,5.0,12.0,Pala 1
36,7,5.0,12.0,Pala 2
28,48,5.0,12.0,Pala 1
21,24,5.0,12.0,Pala 1
3,49,5.0,12.0,Pala 1
19,11,5.0,12.0,Pala 2
31,24,5.0,12.0,Pala 2
35,16,5.0,12.0,Pala 2
49,25,5.0,12.0,Pala 2
3,45,5.0,12.0,Pala 1
26,47,5.0,12.0,Pala 1
16,13,5.0,12.0,Pala 2
11,40,5.0,12.0,Pala 1
21,35,5.0,12.0,Pala 1
16,22,5.0,12.0,Pala 1
9,42,5.0,12.0,Pala 1
0,5,5.0,12.0,Pala 1
21,46,5.0,12.0,Pala 1
25,4,5.0,12.0,Pala 2
17,42,5.0,12.0,Pala 1
49,24,5.0,12.0,Pala 2
13,17,5.0,12.0,Pala 1
46,12,5.0,12.0,Pala 2
28,42,5.0,12.0,Pala 1
11,13,5.0,12.0,Pala 1
35,27,5.0,12.0,Pala 1
34,17,5.0,12.0,Pala 2
11,27,5.0,12.0,Pala 1
6,26,5.0,12.0,Pala 1
28,31,5.0,12.0,Pala 1
10,46,5.0,12.0,Pala 1
32,8,5.0,12.0,Pala 2
5,39,5.0,12.0,Pala 1
46,31,5.0,12.0,Pala 2
14,19,5.0,12.0,Pala 1
31,27,5.0,12.0,Pala 2
10,32,5.0,12.0,Pala 1
22,3,5.0,12.0,Pala 2
25,45,5.0,12.0,Pala 1
33,33,5.0,12.0,Pala 2
45,47,5.0,12.0,Pala 1
33,2,5.0,12.0,Pala 2
28,25,5.0,12.0,Pala 2
3,7,5.0,12.0,Pala 1
16,5,5.0,12.0,Pala 2
34,15,5.0,12.0,Pala 2
12,23,5.0,12.0,Pala 1
40,47,5.0,12.0,Pala 1
38,38,5.0,12.0,Pala 1
14,29,5.0,12.0,Pala 1
28,44,5.0,12.0,Pala 1
28,12,5.0,12.0,Pala 2
10,4,5.0,12.0,Pala 2
31,24,5.0,12.0,Pala 2
1,19,5.0,12.0,Pala 1
46,17,5.0,12.0,Pala 2
13,46,5.0,12.0,Pala 1
19,17,5.0,12.0,Pala 1
21,1,5.0,12.0,Pala 2
10,9,5.0,12.0,Pala 1
26,44,5.0,12.0,Pala 1
2,49,5.0,12.0,Pala 1
16,46,5.0,12.0,Pala 1
43,11,5.0,12.0,Pala 2
27,46,5.0,12.0,Pala 1
28,12,5.0,12.0,Pala 2
20,49,5.0,12.0,Pala 1
46,46,5.0,12.0,Pala 1
15,10,5.0,12.0,Pala 1
36,18,5.0,12.0,Pala 2
19,34,5.0,12.0,Pala 1
5,38,5.0,12.0,Pala 1
18,25,5.0,12.0,Pala 1
4,45,5.0,12.0,Pala 1
2,13,5.0,12.0,Pala 1
0,44,5.0,12.0,Pala 1
37,43,5.0,12.0,Pala 1
14,23,5.0,12.0,Pala 1
33,40,5.0,12.0,Pala 1
34,0,5.0,12.0,Pala 2
48,42,5.0,12.0,Pala 2
24,21,5.0,12.0,Pala 2
23,22,5.0,12.0,Pala 2
11,18,5.0,12.0,Pala 1
17,17,5.0,12.0,Pala 1
14,11,5.0,12.0,Pala 2
43,27,5.0,12.0,Pala 2
15,27,5.0,12.0,Pala 1
26,32,5.0,12.0,Pala 1
7,18,5.0,12.0,Pala 1
45,27,5.0,12.0,Pala 2
24,48,5.0,12.0,Pala 1
16,36,5.0,12.0,Pala 1
28,25,5.0,12.0,Pala 1
7,34,5.0,12.0,Pala 1
14,33,5.0,12.0,Pala 1
26,34,5.0,12.0,Pala 1
45,39,5.0,12.0,Pala 1
49,15,5.0,12.0,Pala 2
6,37,5.0,12.0,Pala 1
2,12,5.0,12.0,Pala 1
28,22,5.0,12.0,Pala 2
43,21,5.0,12.0,Pala 2
23,15,5.0,12.0,Pala 2
2,27,5.0,12.0,Pala 1
19,47,5.0,12.0,Pala 1
45,34,5.0,12.0,Pala 2
14,44,5.0,12.0,Pala 1
24,45,5.0,12.0,Pala 1
29,7,5.0,12.0,Pala 2
13,43,5.0,12.0,Pala 1
6,21,5.0,12.0,Pala 1
16,20,5.0,12.0,Pala 1
43,25,5.0,12.0,Pala 2
19,39,5.0,12.0,Pala 1
35,20,5.0,12.0,Pala 2
8,24,5.0,12.0,Pala 1
37,40,5.0,12.0,Pala 1
47,0,5.0,12.0,Pala 2
21,5,5.0,12.0,Pala 2
1,22,5.0,12.0,Pala 1
23,22,5.0,12.0,Pala 1
7,42,5.0,12.0,Pala 1
10,42,5.0,12.0,Pala 1
12,22,5.0,12.0,Pala 1
16,31,5.0,12.0,Pala 1
7,29,5.0,12.0,Pala 1
20,12,5.0,12.0,Pala 2
17,42,5.0,12.0,Pala 1
29,17,5.0,12.0,Pala 2
17,22,5.0,12.0,Pala 1
45,14,5.0,12.0,Pala 2
46,32,5.0,12.0,Pala 2
30,20,5.0,12.0,Pala 2
37,38,5.0,12.0,Pala 1
31,22,5.0,12.0,Pala 2
10,26,5.0,12.0,Pala 1
44,44,5.0,12.0,Pala 1
24,43,5.0,12.0,Pala 1
32,17,5.0,12.0,Pala 2
37,23,5.0,12.0,Pala 2
40,46,5.0,12.0,Pala 1
7,39,5.0,12.0,Pala 1
10,41,5.0,12.0,Pala 1
21,6,5.0,12.0,Pala 2
23,49,5.0,12.0,Pala 1
40,47,5.0,12.0,Pala 1
16,19,5.0,12.0,Pala 1
11,26,5.0,12.0,Pala 1
45,5,5.0,12.0,Pala 2
31,26,5.0,12.0,Pala 2
14,8,5.0,12.0,Pala 1
15,44,5.0,12.0,Pala 1
21,30,5.0,12.0,Pala 1
27,20,5.0,12.0,Pala 1
19,25,5.0,12.0,Pala 1
32,39,5.0,12.0,Pala 1
9,47,5.0,12.0,Pala 1
39,44,5.0,12.0,Pala 1
31,12,5.0,12.0,Pala 2
49,48,5.0,12.0,Pala 1
32,22,5.0,12.0,Pala 2
1,19,5.0,12.0,Pala 1
32,36,5.0,12.0,Pala 1
32,27,5.0,12.0,Pala 2
40,16,5.0,12.0,Pala 2
12,27,5.0,12.0,Pala 1
29,40,5.0,12.0,Pala 1
32,1,5.0,12.0,Pala 2
12,24,5.0,12.0,Pala 1
25,49,5.0,12.0,Pala 1
21,40,5.0,12.0,Pala 1
38,5,5.0,12.0,Pala 2
1,10,5.0,12.0,Pala 1
37,37,5.0,12.0,Pala 1
38,5,5.0,12.0,Pala 2
25,44,5.0,12.0,Pala 1
45,10,5.0,12.0,Pala 2
49,13,5.0,12.0,Pala 2
14,1,5.0,12.0,Pala 2
33,39,5.0,12.0,Pala 1
41,2,5.0,12.0,Pala 2
43,34,5.0,12.0,Pala 2
48,32,5.0,12.0,Pala 2
39,23,5.0,12.0,Pala 2
10,18,5.0,12.0,Pala 1
2,17,5.0,12.0,Pala 1
5,48,5.0,12.0,Pala 1
8,23,5.0,12.0,Pala 1
5,44,5.0,12.0,Pala 1
8,34,5.0,12.0,Pala 1
38,0,5.0,12.0,Pala 2
30,35,5.0,12.0,Pala 1
31,24,5.0,12.0,Pala 2
40,44,5.0,12.0,Pala 1
49,48,5.0,12.0,Pala 2
11,42,5.0,12.0,Pala 1
7,33,5.0,12.0,Pala 1
7,24,5.0,12.0,Pala 1
49,15,5.0,12.0,Pala 2
27,33,5.0,12.0,Pala 1
19,28,5.0,12.0,Pala 1
46,18,5.0,12.0,Pala 2
6,22,5.0,12.0,Pala 1
10,18,5.0,12.0,Pala 1
19,24,5.0,12.0,Pala 1
15,15,5.0,12.0,Pala 1
3,8,5.0,12.0,Pala 1
5,0,5.0,12.0,Pala 1
21,41,5.0,12.0,Pala 1
25,18,5.0,12.0,Pala 2
2,32,5.0,12.0,Pala 1
40,33,5.0,12.0,Pala 2
41,15,5.0,12.0,Pala 2
13,43,5.0,12.0,Pala 1
10,39,5.0,12.0,Pala 1
17,17,5.0,12.0,Pala 1
11,33,5.0,12.0,Pala 1
22,24,5.0,12.0,Pala 1
11,44,5.0,12.0,Pala 1
12,5,5.0,12.0,Pala 2
24,20,5.0,12.0,Pala 2
44,5,5.0,12.0,Pala 2
18,31,5.0,12.0,Pala 1
45,40,5.0,12.0,Pala 2
35,47,5.0,12.0,Pala 1
44,42,5.0,12.0,Pala 1
7,38,5.0,12.0,Pala 1
28,30,5.0,12.0,Pala 1
31,41,5.0,12.0,Pala 1
43,9,5.0,12.0,Pala 2
17,29,5.0,12.0,Pala 1
5,17,5.0,12.0,Pala 1
17,23,5.0,12.0,Pala 1
18,8,5.0,12.0,Pala 2
21,30,5.0,12.0,Pala 1
36,14,5.0,12.0,Pala 2
31,3,5.0,12.0,Pala 2
40,39,5.0,12.0,Pala 1
2,8,5.0,12.0,Pala 1
27,44,5.0,12.0,Pala 1
9,8,5.0,12.0,Pala 1
34,25,5.0,12.0,Pala 2
28,3,5.0,12.0,Pala 2
14,16,5.0,12.0,Pala 1
32,15,5.0,12.0,Pala 2
6,14,5.0,12.0,Pala 1
11,34,5.0,12.0,Pala 1
48,4,5.0,12.0,Pala 2
29,4,5.0,12.0,Pala 2
20,19,5.0,12.0,Pala 1
30,14,5.0,12.0,Pala 2
23,17,5.0,12.0,Pala 2
19,46,5.0,12.0,Pala 1
36,1,5.0,12.0,Pala 2
3,28,5.0,12.0,Pala 1
27,12,5.0,12.0,Pala 2
43,3,5.0,12.0,Pala 2
19,41,5.0,12.0,Pala 1
23,44,5.0,12.0,Pala 1
49,9,5.0,12.0,Pala 2
48,30,5.0,12.0,Pala 2
31,40,5.0,12.0,Pala 1
40,7,5.0,12.0,Pala 2
35,2,5.0,12.0,Pala 2
33,47,5.0,12.0,Pala 1
35,45,5.0,12.0,Pala 1
1,8,5.0,12.0,Pala 1
14,29,5.0,12.0,Pala 1
33,10,5.0,12.0,Pala 2
35,34,5.0,12.0,Pala 1
5,36,5.0,12.0,Pala 1
38,41,5.0,12.0,Pala 2
41,12,5.0,12.0,Pala 2
11,35,5.0,12.0,Pala 1
2,12,5.0,12.0,Pala 1
44,11,5.0,12.0,Pala 2
17,36,5.0,12.0,Pala 1
39,9,5.0,12.0,Pala 2
20,8,5.0,12.0,Pala 2
14,6,5.0,12.0,Pala 2
32,1,5.0,12.0,Pala 2
34,22,5.0,12.0,Pala 2
25,38,5.0,12.0,Pala 1
7,39,5.0,12.0,Pala 1
35,38,5.0,12.0,Pala 1
47,20,5.0,12.0,Pala 2
29,22,5.0,12.0,Pala 2
22,28,5.0,12.0,Pala 1
41,13,5.0,12.0,Pala 2
43,25,5.0,12.0,Pala 2
13,4,5.0,12.0,Pala 2
13,30,5.0,12.0,Pala 1
1,24,5.0,12.0,Pala 1
36,30,5.0,12.0,Pala 1
4,49,5.0,12.0,Pala 1
37,19,5.0,12.0,Pala 2
44,43,5.0,12.0,Pala 2
40,16,5.0,12.0,Pala 2
46,44,5.0,12.0,Pala 2
13,1,5.0,12.0,Pala 2
38,24,5.0,12.0,Pala 2
24,12,5.0,12.0,Pala 2
19,38,5.0,12.0,Pala 1
1,27,5.0,12.0,Pala 1
38,41,5.0,12.0,Pala 1
5,5,5.0,12.0,Pala 1
16,2,5.0,12.0,Pala 2
24,34,5.0,12.0,Pala 1
27,17,5.0,12.0,Pala 2
1,10,5.0,12.0,Pala 1
34,19,5.0,12.0,Pala 2
36,4,5.0,12.0,Pala 2
4,18,5.0,12.0,Pala 1
0,21,5.0,12.0,Pala 1
39,18,5.0,12.0,Pala 2
11,46,5.0,12.0,Pala 1
35,15,5.0,12.0,Pala 2
44,23,5.0,12.0,Pala 2
22,40,5.0,12.0,Pala 1
46,3,5.0,12.0,Pala 2
30,14,5.0,12.0,Pala 2
10,24,5.0,12.0,Pala 1
9,43,5.0,12.0,Pala 1
2,34,5.0,12.0,Pala 1
13,13,5.0,12.0,Pala 1
15,48,5.0,12.0,Pala 1
9,18,5.0,12.0,Pala 1
28,37,5.0,12.0,Pala 1
9,35,5.0,12.0,Pala 1
11,6,5.0,12.0,Pala 2
29,29,5.0,12.0,Pala 1
40,18,5.0,12.0,Pala 2
0,48,5.0,12.0,Pala 1
4,24,5.0,12.0,Pala 1
19,15,5.0,12.0,Pala 2
7,46,5.0,12.0,Pala 1
42,39,5.0,12.0,Pala 1
11,7,5.0,12.0,Pala 2
0,17,5.0,12.0,Pala 1
19,27,5.0,12.0,Pala 1
27,15,5.0,12.0,Pala 2
42,18,5.0,12.0,Pala 2
36,41,5.0,12.0,Pala 1
46,16,5.0,12.0,Pala 2
36,44,5.0,12.0,Pala 1
11,12,5.0,12.0,Pala 1
36,6,5.0,12.0,Pala 2
48,26,5.0,12.0,Pala 2
48,9,5.0,12.0,Pala 2
43,33,5.0,12.0,Pala 2
27,35,5.0,12.0,Pala 1
46,24,5.0,12.0,Pala 2
14,5,5.0,12.0,Pala 2
5,23,5.0,12.0,Pala 1
43,17,5.0,12.0,Pala 2
19,22,5.0,12.0,Pala 1
49,5,5.0,12.0,Pala 2
13,28,5.0,12.0,Pala 1
1,24,5.0,12.0,Pala 1
8,16,5.0,12.0,Pala 1
36,45,5.0,12.0,Pala 1
19,23,5.0,12.0,Pala 1
25,10,5.0,12.0,Pala 2
28,25,5.0,12.0,Pala 2
0,33,5.0,12.0,Pala 1
34,27,5.0,12.0,Pala 2
5,2,5.0,12.0,Pala 2
36,10,5.0,12.0,Pala 2
4,37,5.0,12.0,Pala 1
32,13,5.0,12.0,Pala 2
48,25,5.0,12.0,Pala 2
13,47,5.0,12.0,Pala 1
11,20,5.0,12.0,Pala 1
41,38,5.0,12.0,Pala 1
19,29,5.0,12.0,Pala 1
49,7,5.0,12.0,Pala 2
23,19,5.0,12.0,Pala 2
42,47,5.0,12.0,Pala 1
33,31,5.0,12.0,Pala 1
24,21,5.0,12.0,Pala 2
49,6,5.0,12.0,Pala 2
28,8,5.0,12.0,Pala 2
38,44,5.0,12.0,Pala 1
30,0,5.0,12.0,Pala 2
46,28,5.0,12.0,Pala 2
42,7,5.0,12.0,Pala 2
49,3,5.0,12.0,Pala 2
22,34,5.0,12.0,Pala 1
43,2,5.0,12.0,Pala 2
37,44,5.0,12.0,Pala 1
19,39,5.0,12.0,Pala 1
22,6,5.0,12.0,Pala 2
44,26,5.0,12.0,Pala 2
15,0,5.0,12.0,Pala 2
49,26,5.0,12.0,Pala 2
41,15,5.0,12.0,Pala 2
7,37,5.0,12.0,Pala 1
49,6,5.0,12.0,Pala 2
20,43,5.0,12.0,Pala 1
0,22,5.0,12.0,Pala 1
7,40,5.0,12.0,Pala 1
28,10,5.0,12.0,Pala 2
31,41,5.0,12.0,Pala 1
37,32,5.0,12.0,Pala 2
4,49,5.0,12.0,Pala 1
46,35,5.0,12.0,Pala 2
21,36,5.0,12.0,Pala 1
46,40,5.0,12.0,Pala 2
33,16,5.0,12.0,Pala 2
0,34,5.0,12.0,Pala 1
25,47,5.0,12.0,Pala 1
42,4,5.0,12.0,Pala 2
9,47,5.0,12.0,Pala 1
29,31,5.0,12.0,Pala 1
49,2,5.0,12.0,Pala 2
17,46,5.0,12.0,Pala 1
16,34,5.0,12.0,Pala 1
25,13,5.0,12.0,Pala 2
7,47,5.0,12.0,Pala 1
46,30,5.0,12.0,Pala 2
39,30,5.0,12.0,Pala 2
48,16,5.0,12.0,Pala 2
11,23,5.0,12.0,Pala 1
26,22,5.0,12.0,Pala 2
7,17,5.0,12.0,Pala 1
24,49,5.0,12.0,Pala 1
45,13,5.0,12.0,Pala 2
3,49,5.0,12.0,Pala 1
32,14,5.0,12.0,Pala 2
0,14,5.0,12.0,Pala 1
18,5,5.0,12.0,Pala 2
30,26,5.0,12.0,Pala 2
15,14,5.0,12.0,Pala 1
13,49,5.0,12.0,Pala 1
47,35,5.0,12.0,Pala 2
4,7,5.0,12.0,Pala 1
40,14,5.0,12.0,Pala 2
25,2,5.0,12.0,Pala 2
27,46,5.0,12.0,Pala 1
1,12,5.0,12.0,Pala 1
49,40,5.0,12.0,Pala 2
5,33,5.0,12.0,Pala 1
8,23,5.0,12.0,Pala 1
32,39,5.0,12.0,Pala 1
40,31,5.0,12.0,Pala 2
24,31,5.0,12.0,Pala 1
47,29,5.0,12.0,Pala 2
12,48,5.0,12.0,Pala 1
8,12,5.0,12.0,Pala 1
12,0,5.0,12.0,Pala 2
30,33,5.0,12.0,Pala 1
40,14,5.0,12.0,Pala 2
10,43,5.0,12.0,Pala 1
3,13,5.0,12.0,Pala 1
33,28,5.0,12.0,Pala 1
37,33,5.0,12.0,Pala 2
45,17,5.0,12.0,Pala 2
3,6,5.0,12.0,Pala 1
37,28,5.0,12.0,Pala 2
18,30,5.0,12.0,Pala 1
5,24,5.0,12.0,Pala 1
33,37,5.0,12.0,Pala 1
17,13,5.0,12.0,Pala 2
12,7,5.0,12.0,Pala 2
40,26,5.0,12.0,Pala 2
22,1,5.0,12.0,Pala 2
18,16,5.0,12.0,Pala 1
44,36,5.0,12.0,Pala 1
10,13,5.0,12.0,Pala 1
0,24,5.0,12.0,Pala 1
23,29,5.0,12.0,Pala 1
6,28,5.0,12.0,Pala 1
24,19,5.0,12.0,Pala 2
20,20,5.0,12.0,Pala 1
14,21,5.0,12.0,Pala 1
0,34,5.0,12.0,Pala 1
11,36,5.0,12.0,Pala 1
6,15,5.0,12.0,Pala 1
14,49,5.0,12.0,Pala 1
20,48,5.0,12.0,Pala 1
18,42,5.0,12.0,Pala 1
28,16,5.0,12.0,Pala 2
24,15,5.0,12.0,Pala 2
32,1,5.0,12.0,Pala 2
48,3,5.0,12.0,Pala 2
31,20,5.0,12.0,Pala 2
48,38,5.0,12.0,Pala 2
34,33,5.0,12.0,Pala 1
43,29,5.0,12.0,Pala 2
37,5,5.0,12.0,Pala 2
25,16,5.0,12.0,Pala 2
10,38,5.0,12.0,Pala 1
34,24,5.0,12.0,Pala 2
7,4,5.0,12.0,Pala 2
45,4,5.0,12.0,Pala 2
13,19,5.0,12.0,Pala 1
9,15,5.0,12.0,Pala 1
1,40,5.0,12.0,Pala 1
45,36,5.0,12.0,Pala 2
8,39,5.0,12.0,Pala 1
2,8,5.0,12.0,Pala 1
20,4,5.0,12.0,Pala 2
25,41,5.0,12.0,Pala 1
7,1,5.0,12.0,Pala 2
47,8,5.0,12.0,Pala 2
1,42,5.0,12.0,Pala 1
5,35,5.0,12.0,Pala 1
27,21,5.0,12.0,Pala 2
28,21,5.0,12.0,Pala 2
25,21,5.0,12.0,Pala 1
24,33,5.0,12.0,Pala 1
11,28,5.0,12.0,Pala 1
4,37,5.0,12.0,Pala 1
33,45,5.0,12.0,Pala 1
47,32,5.0,12.0,Pala 2
36,17,5.0,12.0,Pala 2
14,6,5.0,12.0,Pala 2
43,0,5.0,12.0,Pala 2
35,32,5.0,12.0,Pala 1
14,0,5.0,12.0,Pala 2
42,23,5.0,12.0,Pala 2
47,3,5.0,12.0,Pala 2
22,3,5.0,12.0,Pala 2
5,17,5.0,12.0,Pala 1
45,26,5.0,12.0,Pala 2
49,42,5.0,12.0,Pala 2
43,31,5.0,12.0,Pala 2
42,32,5.0,12.0,Pala 2
44,27,5.0,12.0,Pala 2
20,41,5.0,12.0,Pala 1
22,40,5.0,12.0,Pala 1
42,35,5.0,12.0,Pala 2
15,5,5.0,12.0,Pala 1
46,15,5.0,12.0,Pala 2
14,33,5.0,12.0,Pala 1
24,22,5.0,12.0,Pala 1
35,49,5.0,12.0,Pala 1
10,41,5.0,12.0,Pala 1
14,23,5.0,12.0,Pala 1
3,48,5.0,12.0,Pala 1
20,12,5.0,12.0,Pala 2
12,17,5.0,12.0,Pala 1
21,12,5.0,12.0,Pala 2
18,48,5.0,12.0,Pala 1
33,36,5.0,12.0,Pala 1
13,42,5.0,12.0,Pala 1
3,38,5.0,12.0,Pala 1
47,41,5.0,12.0,Pala 2
45,16,5.0,12.0,Pala 2
26,14,5.0,12.0,Pala 2
28,17,5.0,12.0,Pala 2
46,22,5.0,12.0,Pala 2
27,29,5.0,12.0,Pala 1
34,33,5.0,12.0,Pala 1
7,3,5.0,12.0,Pala 1
15,2,5.0,12.0,Pala 2
41,6,5.0,12.0,Pala 2
35,17,5.0,12.0,Pala 2
29,41,5.0,12.0,Pala 1
17,6,5.0,12.0,Pala 2
1,39,5.0,12.0,Pala 1
48,5,5.0,12.0,Pala 2
12,21,5.0,12.0,Pala 1
3,0,5.0,12.0,Pala 1
25,3,5.0,12.0,Pala 2
24,45,5.0,12.0,Pala 1
29,48,5.0,12.0,Pala 1
10,49,5.0,12.0,Pala 1
6,42,5.0,12.0,Pala 1
30,28,5.0,12.0,Pala 1
43,20,5.0,12.0,Pala 2
9,25,5.0,12.0,Pala 1
38,13,5.0,12.0,Pala 2
12,8,5.0,12.0,Pala 2
30,46,5.0,12.0,Pala 1
6,11,5.0,12.0,Pala 1
48,41,5.0,12.0,Pala 1
41,5,5.0,12.0,Pala 2
41,19,5.0,12.0,Pala 2
35,23,5.0,12.0,Pala 2
19,26,5.0,12.0,Pala 1
3,37,5.0,12.0,Pala 1
6,7,5.0,12.0,Pala 1
0,0,5.0,12.0,Pala 1
43,48,5.0,12.0,Pala 1
44,48,5.0,12.0,Pala 2
41,23,5.0,12.0,Pala 2
46,46,5.0,12.0,Pala 1
12,6,5.0,12.0,Pala 1
21,18,5.0,12.0,Pala 2
20,21,5.0,12.0,Pala 1
21,34,5.0,12.0,Pala 1
27,29,5.0,12.0,Pala 1
8,28,5.0,12.0,Pala 1
25,21,5.0,12.0,Pala 2
8,10,5.0,12.0,Pala 1
14,19,5.0,12.0,Pala 1
9,28,5.0,12.0,Pala 1
23,40,5.0,12.0,Pala 1
41,41,5.0,12.0,Pala 2
7,33,5.0,12.0,Pala 1
23,0,5.0,12.0,Pala 2
15,30,5.0,12.0,Pala 1
48,29,5.0,12.0,Pala 2
25,47,5.0,12.0,Pala 1
26,17,5.0,12.0,Pala 2
36,16,5.0,12.0,Pala 2
3,37,5.0,12.0,Pala 1
49,13,5.0,12.0,Pala 2
23,22,5.0,12.0,Pala 1
18,24,5.0,12.0,Pala 1
35,14,5.0,12.0,Pala 2
38,45,5.0,12.0,Pala 1
9,21,5.0,12.0,Pala 1
24,2,5.0,12.0,Pala 2
17,18,5.0,12.0,Pala 1
18,43,5.0,12.0,Pala 1
35,33,5.0,12.0,Pala 1
9,34,5.0,12.0,Pala 1
32,49,5.0,12.0,Pala 1
49,0,5.0,12.0,Pala 2
4,20,5.0,12.0,Pala 1
46,28,5.0,12.0,Pala 2
48,5,5.0,12.0,Pala 2
34,36,5.0,12.0,Pala 1
43,0,5.0,12.0,Pala 2
33,0,5.0,12.0,Pala 2
32,26,5.0,12.0,Pala 2
20,20,5.0,12.0,Pala 1
16,15,5.0,12.0,Pala 2
21,43,5.0,12.0,Pala 1
47,39,5.0,12.0,Pala 2
36,25,5.0,12.0,Pala 2
14,15,5.0,12.0,Pala 1
34,27,5.0,12.0,Pala 2
27,0,5.0,12.0,Pala 2
6,35,5.0,12.0,Pala 1
31,9,5.0,12.0,Pala 2
10,42,5.0,12.0,Pala 1
9,16,5.0,12.0,Pala 1
8,22,5.0,12.0,Pala 1
13,6,5.0,12.0,Pala 2
12,43,5.0,12.0,Pala 1
24,6,5.0,12.0,Pala 2
1,43,5.0,12.0,Pala 1
34,14,5.0,12.0,Pala 2
6,33,5.0,12.0,Pala 1
20,45,5.0,12.0,Pala 1
17,44,5.0,12.0,Pala 1
2,3,5.0,12.0,Pala 2
41,13,5.0,12.0,Pala 2
38,13,5.0,12.0,Pala 2
40,15,5.0,12.0,Pala 2
48,6,5.0,12.0,Pala 2
10,31,5.0,12.0,Pala 1
38,18,5.0,12.0,Pala 2
23,1,5.0,12.0,Pala 2
45,9,5.0,12.0,Pala 2
18,49,5.0,12.0,Pala 1
3,16,5.0,12.0,Pala 1
25,36,5.0,12.0,Pala 1
37,11,5.0,12.0,Pala 2
41,5,5.0,12.0,Pala 2
31,21,5.0,12.0,Pala 2
38,31,5.0,12.0,Pala 1
44,40,5.0,12.0,Pala 2
45,19,5.0,12.0,Pala 2
35,0,5.0,12.0,Pala 2
39,46,5.0,12.0,Pala 1
36,5,5.0,12.0,Pala 2
32,18,5.0,12.0,Pala 2
35,17,5.0,12.0,Pala 2
2,5,5.0,12.0,Pala 1
8,44,5.0,12.0,Pala 1
7,32,5.0,12.0,Pala 1
32,22,5.0,12.0,Pala 2
5,22,5.0,12.0,Pala 1
40,25,5.0,12.0,Pala 2
38,12,5.0,12.0,Pala 2
3,6,5.0,12.0,Pala 1
12,14,5.0,12.0,Pala 1
48,43,5.0,12.0,Pala 2
1,26,5.0,12.0,Pala 1
4,25,5.0,12.0,Pala 1
43,32,5.0,12.0,Pala 2
26,14,5.0,12.0,Pala 2
31,35,5.0,12.0,Pala 1
20,44,5.0,12.0,Pala 1
7,26,5.0,12.0,Pala 1
37,4,5.0,12.0,Pala 2
7,1,5.0,12.0,Pala 2
49,32,5.0,12.0,Pala 2
2,15,5.0,12.0,Pala 1
43,22,5.0,12.0,Pala 2
2,37,5.0,12.0,Pala 1
21,15,5.0,12.0,Pala 2
5,13,5.0,12.0,Pala 1
1,28,5.0,12.0,Pala 1
22,25,5.0,12.0,Pala 1
43,34,5.0,12.0,Pala 2
1,14,5.0,12.0,Pala 1
37,2,5.0,12.0,Pala 2
16,22,5.0,12.0,Pala 1
34,28,5.0,12.0,Pala 2
33,33,5.0,12.0,Pala 1
22,32,5.0,12.0,Pala 1
29,40,5.0,12.0,Pala 1
7,40,5.0,12.0,Pala 1
21,22,5.0,12.0,Pala 2
43,6,5.0,12.0,Pala 2
35,2,5.0,12.0,Pala 2
4,31,5.0,12.0,Pala 1
12,30,5.0,12.0,Pala 1
28,17,5.0,12.0,Pala 2
30,42,5.0,12.0,Pala 1
46,6,5.0,12.0,Pala 2
15,40,5.0,12.0,Pala 1
41,0,5.0,12.0,Pala 2
29,13,5.0,12.0,Pala 2
15,31,5.0,12.0,Pala 1
11,5,5.0,12.0,Pala 1
16,38,5.0,12.0,Pala 1
15,9,5.0,12.0,Pala 2
11,6,5.0,12.0,Pala 2
7,25,5.0,12.0,Pala 1
19,33,5.0,12.0,Pala 1
2,29,5.0,12.0,Pala 1
15,35,5.0,12.0,Pala 1
29,20,5.0,12.0,Pala 2
44,16,5.0,12.0,Pala 2
22,32,5.0,12.0,Pala 1
27,9,5.0,12.0,Pala 2
39,46,5.0,12.0,Pala 1
4,41,5.0,12.0,Pala 1
19,11,5.0,12.0,Pala 2
39,15,5.0,12.0,Pala 2
43,40,5.0,12.0,Pala 2
0,31,5.0,12.0,Pala 1
29,14,5.0,12.0,Pala 2
20,26,5.0,12.0,Pala 1
19,27,5.0,12.0,Pala 1
5,16,5.0,12.0,Pala 1
21,45,5.0,12.0,Pala 1
17,49,5.0,12.0,Pala 1
7,1,5.0,12.0,Pala 2
38,35,5.0,12.0,Pala 1
31,49,5.0,12.0,Pala 1
32,6,5.0,12.0,Pala 2
15,12,5.0,12.0,Pala 2
11,14,5.0,12.0,Pala 1
37,24,5.0,12.0,Pala 2
33,22,5.0,12.0,Pala 2
13,21,5.0,12.0,Pala 1
35,25,5.0,12.0,Pala 2
32,32,5.0,12.0,Pala 1
22,10,5.0,12.0,Pala 2
49,9,5.0,12.0,Pala 2
44,24,5.0,12.0,Pala 2
1,36,5.0,12.0,Pala 1
40,47,5.0,12.0,Pala 1
20,42,5.0,12.0,Pala 1
1,37,5.0,12.0,Pala 1
26,40,5.0,12.0,Pala 1
8,44,5.0,12.0,Pala 1
0,23,5.0,12.0,Pala 1
10,39,5.0,12.0,Pala 1
2,45,5.0,12.0,Pala 1
22,32,5.0,12.0,Pala 1
25,16,5.0,12.0,Pala 2
3,23,5.0,12.0,Pala 1
17,36,5.0,12.0,Pala 1
5,1,5.0,12.0,Pala 2
34,31,5.0,12.0,Pala 1
21,23,5.0,12.0,Pala 1
42,8,5.0,12.0,Pala 2
14,3,5.0,12.0,Pala 2
21,16,5.0,12.0,Pala 2
36,16,5.0,12.0,Pala 2
41,49,5.0,12.0,Pala 1
11,47,5.0,12.0,Pala 1
46,29,5.0,12.0,Pala 2
48,39,5.0,12.0,Pala 2
41,10,5.0,12.0,Pala 2
37,20,5.0,12.0,Pala 2
17,20,5.0,12.0,Pala 1
44,17,5.0,12.0,Pala 2
34,28,5.0,12.0,Pala 1
29,23,5.0,12.0,Pala 2
23,9,5.0,12.0,Pala 2
41,44,5.0,12.0,Pala 1
29,16,5.0,12.0,Pala 2
13,17,5.0,12.0,Pala 1
5,41,5.0,12.0,Pala 1
2,47,5.0,12.0,Pala 1
15,19,5.0,12.0,Pala 1
6,36,5.0,12.0,Pala 1
13,44,5.0,12.0,Pala 1
8,17,5.0,12.0,Pala 1
14,16,5.0,12.0,Pala 2
20,8,5.0,12.0,Pala 2
34,13,5.0,12.0,Pala 2
1,48,5.0,12.0,Pala 1
26,28,5.0,12.0,Pala 1
1,30,5.0,12.0,Pala 1
34,3,5.0,12.0,Pala 2
17,17,5.0,12.0,Pala 2
13,19,5.0,12.0,Pala 1
19,46,5.0,12.0,Pala 1
17,42,5.0,12.0,Pala 1
9,43,5.0,12.0,Pala 1
24,8,5.0,12.0,Pala 2
1,12,5.0,12.0,Pala 1
24,14,5.0,12.0,Pala 2
32,26,5.0,12.0,Pala 2
35,14,5.0,12.0,Pala 2
30,27,5.0,12.0,Pala 1
13,36,5.0,12.0,Pala 1
0,18,5.0,12.0,Pala 1
45,25,5.0,12.0,Pala 2
15,25,5.0,12.0,Pala 1
45,24,5.0,12.0,Pala 2
2,25,5.0,12.0,Pala 1
34,25,5.0,12.0,Pala 2
40,45,5.0,12.0,Pala 1
5,27,5.0,12.0,Pala 1
24,48,5.0,12.0,Pala 1
12,17,5.0,12.0,Pala 1
33,31,5.0,12.0,Pala 2
7,2,5.0,12.0,Pala 2
20,1,5.0,12.0,Pala 2
33,32,5.0,12.0,Pala 1
3,41,5.0,12.0,Pala 1
24,18,5.0,12.0,Pala 2
14,16,5.0,12.0,Pala 1
3,43,5.0,12.0,Pala 1
44,32,5.0,12.0,Pala 2
11,11,5.0,12.0,Pala 1
31,48,5.0,12.0,Pala 1
31,2,5.0,12.0,Pala 2
27,42,5.0,12.0,Pala 1
12,48,5.0,12.0,Pala 1
30,25,5.0,12.0,Pala 2
13,34,5.0,12.0,Pala 1
19,7,5.0,12.0,Pala 2
17,35,5.0,12.0,Pala 1
28,6,5.0,12.0,Pala 2
5,45,5.0,12.0,Pala 1
31,45,5.0,12.0,Pala 1
28,35,5.0,12.0,Pala 1
42,15,5.0,12.0,Pala 2
1,23,5.0,12.0,Pala 1
22,0,5.0,12.0,Pala 2
18,48,5.0,12.0,Pala 1
30,24,5.0,12.0,Pala 2
4,9,5.0,12.0,Pala 1
18,15,5.0,12.0,Pala 2
33,15,5.0,12.0,Pala 2
9,7,5.0,12.0,Pala 2
24,28,5.0,12.0,Pala 1
1,38,5.0,12.0,Pala 1
10,27,5.0,12.0,Pala 1
49,5,5.0,12.0,Pala 2
30,15,5.0,12.0,Pala 2
14,19,5.0,12.0,Pala 1
8,15,5.0,12.0,Pala 1
22,6,5.0,12.0,Pala 2
18,40,5.0,12.0,Pala 1
8,13,5.0,12.0,Pala 1
34,42,5.0,12.0,Pala 1
20,25,5.0,12.0,Pala 1
8,25,5.0,12.0,Pala 1
27,13,5.0,12.0,Pala 2
45,6,5.0,12.0,Pala 2
6,32,5.0,12.0,Pala 1
15,25,5.0,12.0,Pala 1
15,44,5.0,12.0,Pala 1
32,19,5.0,12.0,Pala 2
3,2,5.0,12.0,Pala 1
3,3,5.0,12.0,Pala 1
38,25,5.0,12.0,Pala 2
39,10,5.0,12.0,Pala 2
16,1,5.0,12.0,Pala 2
36,13,5.0,12.0,Pala 2
38,43,5.0,12.0,Pala 1
28,29,5.0,12.0,Pala 1
35,48,5.0,12.0,Pala 1
37,11,5.0,12.0,Pala 2
38,25,5.0,12.0,Pala 2
49,43,5.0,12.0,Pala 1
36,32,5.0,12.0,Pala 2
34,12,5.0,12.0,Pala 2
6,13,5.0,12.0,Pala 1
26,23,5.0,12.0,Pala 1
27,33,5.0,12.0,Pala 1
21,43,5.0,12.0,Pala 1
13,25,5.0,12.0,Pala 1
6,20,5.0,12.0,Pala 1
36,27,5.0,12.0,Pala 2
21,47,5.0,12.0,Pala 1
4,35,5.0,12.0,Pala 1
1,39,5.0,12.0,Pala 1
26,1,5.0,12.0,Pala 2
20,41,5.0,12.0,Pala 1
37,8,5.0,12.0,Pala 2
14,22,5.0,12.0,Pala 1
20,14,5.0,12.0,Pala 1
9,12,5.0,12.0,Pala 1
22,22,5.0,12.0,Pala 1
38,16,5.0,12.0,Pala 2
4,47,5.0,12.0,Pala 1
0,1,5.0,12.0,Pala 1
12,19,5.0,12.0,Pala 1
20,19,5.0,12.0,Pala 2
25,45,5.0,12.0,Pala 1
49,2,5.0,12.0,Pala 2
44,11,5.0,12.0,Pala 2
20,39,5.0,12.0,Pala 1
17,1,5.0,12.0,Pala 2
36,35,5.0,12.0,Pala 2
44,13,5.0,12.0,Pala 2
31,15,5.0,12.0,Pala 2
35,18,5.0,12.0,Pala 2
16,33,5.0,12.0,Pala 1
34,43,5.0,12.0,Pala 1
48,45,5.0,12.0,Pala 2
10,5,5.0,12.0,Pala 2
20,12,5.0,12.0,Pala 2
25,35,5.0,12.0,Pala 1
3,21,5.0,12.0,Pala 1
33,17,5.0,12.0,Pala 2
47,11,5.0,12.0,Pala 2
17,29,5.0,12.0,Pala 1
39,39,5.0,12.0,Pala 1
34,6,5.0,12.0,Pala 2
40,31,5.0,12.0,Pala 2
28,47,5.0,12.0,Pala 1
28,18,5.0,12.0,Pala 2
37,5,5.0,12.0,Pala 2
41,19,5.0,12.0,Pala 2
20,26,5.0,12.0,Pala 1
41,42,5.0,12.0,Pala 1
12,36,5.0,12.0,Pala 1
48,47,5.0,12.0,Pala 1
40,6,5.0,12.0,Pala 2
16,4,5.0,12.0,Pala 2
8,10,5.0,12.0,Pala 1
40,14,5.0,12.0,Pala 2
0,2,5.0,12.0,Pala 1
1,4,5.0,12.0,Pala 1
47,22,5.0,12.0,Pala 2
28,36,5.0,12.0,Pala 1
32,8,5.0,12.0,Pala 2
9,14,5.0,12.0,Pala 1
49,2,5.0,12.0,Pala 2
39,28,5.0,12.0,Pala 2
20,5,5.0,12.0,Pala 2
27,16,5.0,12.0,Pala 2
10,25,5.0,12.0,Pala 1
33,20,5.0,12.0,Pala 2
7,7,5.0,12.0,Pala 2
21,20,5.0,12.0,Pala 2
7,10,5.0,12.0,Pala 1
48,37,5.0,12.0,Pala 2
14,7,5.0,12.0,Pala 2
16,41,5.0,12.0,Pala 1
22,23,5.0,12.0,Pala 1
23,34,5.0,12.0,Pala 1
44,13,5.0,12.0,Pala 2
18,13,5.0,12.0,Pala 2
4,9,5.0,12.0,Pala 1
31,11,5.0,12.0,Pala 2
43,37,5.0,12.0,Pala 2
0,43,5.0,12.0,Pala 1
22,45,5.0,12.0,Pala 1
36,33,5.0,12.0,Pala 1
7,40,5.0,12.0,Pala 1
12,9,5.0,12.0,Pala 2
7,16,5.0,12.0,Pala 1
22,16,5.0,12.0,Pala 2
42,2,5.0,12.0,Pala 2
0,30,5.0,12.0,Pala 1
44,0,5.0,12.0,Pala 2
23,11,5.0,12.0,Pala 2
34,38,5.0,12.0,Pala 1
23,3,5.0,12.0,Pala 2
16,41,5.0,12.0,Pala 1
4,12,5.0,12.0,Pala 1
19,33,5.0,12.0,Pala 1
20,41,5.0,12.0,Pala 1
39,20,5.0,12.0,Pala 2
30,21,5.0,12.0,Pala 2
45,3,5.0,12.0,Pala 2
35,17,5.0,12.0,Pala 2
10,4,5.0,12.0,Pala 2
14,18,5.0,12.0,Pala 1
18,1,5.0,12.0,Pala 2
6,11,5.0,12.0,Pala 1
27,16,5.0,12.0,Pala 2
42,9,5.0,12.0,Pala 2
4,33,5.0,12.0,Pala 1
4,5,5.0,12.0,Pala 1
29,7,5.0,12.0,Pala 2
31,10,5.0,12.0,Pala 2
7,11,5.0,12.0,Pala 1
9,8,5.0,12.0,Pala 2
37,1,5.0,12.0,Pala 2
46,7,5.0,12.0,Pala 2
31,10,5.0,12.0,Pala 2
47,35,5.0,12.0,Pala 2
27,9,5.0,12.0,Pala 2
16,20,5.0,12.0,Pala 1
30,19,5.0,12.0,Pala 2
7,47,5.0,12.0,Pala 1
39,7,5.0,12.0,Pala 2
24,35,5.0,12.0,Pala 1
8,28,5.0,12.0,Pala 1
1,41,5.0,12.0,Pala 1
14,11,5.0,12.0,Pala 2
49,13,5.0,12.0,Pala 2
2,47,5.0,12.0,Pala 1
48,49,5.0,12.0,Pala 1
35,20,5.0,12.0,Pala 2
3,21,5.0,12.0,Pala 1
13,20,5.0,12.0,Pala 1
40,43,5.0,12.0,Pala 1
40,49,5.0,12.0,Pala 1
24,29,5.0,12.0,Pala 1
49,38,5.0,12.0,Pala 2
9,19,5.0,12.0,Pala 1
20,23,5.0,12.0,Pala 1
35,22,5.0,12.0,Pala 1
11,6,5.0,12.0,Pala 1
26,8,5.0,12.0,Pala 2
39,0,5.0,12.0,Pala 2
1,25,5.0,12.0,Pala 1
12,37,5.0,12.0,Pala 1
31,37,5.0,12.0,Pala 1
30,43,5.0,12.0,Pala 1
15,21,5.0,12.0,Pala 1
31,43,5.0,12.0,Pala 1
31,9,5.0,12.0,Pala 2
33,5,5.0,12.0,Pala 2
10,16,5.0,12.0,Pala 1
9,49,5.0,12.0,Pala 1
14,37,5.0,12.0,Pala 1
16,23,5.0,12.0,Pala 1
39,9,5.0,12.0,Pala 2
17,7,5.0,12.0,Pala 2
8,20,5.0,12.0,Pala 1
24,5,5.0,12.0,Pala 2
39,20,5.0,12.0,Pala 2
13,38,5.0,12.0,Pala 1
24,23,5.0,12.0,Pala 1
49,32,5.0,12.0,Pala 2
21,17,5.0,12.0,Pala 2
29,27,5.0,12.0,Pala 1
19,31,5.0,12.0,Pala 1
20,11,5.0,12.0,Pala 2
43,47,5.0,12.0,Pala 1
31,41,5.0,12.0,Pala 1
45,26,5.0,12.0,Pala 2
48,9,5.0,12.0,Pala 2
20,45,5.0,12.0,Pala 1
34,41,5.0,12.0,Pala 1
31,31,5.0,12.0,Pala 2
29,41,5.0,12.0,Pala 1
38,25,5.0,12.0,Pala 2
48,24,5.0,12.0,Pala 2
11,10,5.0,12.0,Pala 1
40,22,5.0,12.0,Pala 2
46,33,5.0,12.0,Pala 2
17,39,5.0,12.0,Pala 1
20,22,5.0,12.0,Pala 1
12,28,5.0,12.0,Pala 1
20,30,5.0,12.0,Pala 1
7,6,5.0,12.0,Pala 2
45,39,5.0,12.0,Pala 2
39,32,5.0,12.0,Pala 2
45,20,5.0,12.0,Pala 2
6,1,5.0,12.0,Pala 1
22,17,5.0,12.0,Pala 2
43,46,5.0,12.0,Pala 1
31,32,5.0,12.0,Pala 1
10,36,5.0,12.0,Pala 1
21,33,5.0,12.0,Pala 1
21,19,5.0,12.0,Pala 1
42,34,5.0,12.0,Pala 2
24,49,5.0,12.0,Pala 1
21,17,5.0,12.0,Pala 1
27,45,5.0,12.0,Pala 1
28,23,5.0,12.0,Pala 2
12,7,5.0,12.0,Pala 2
17,29,5.0,12.0,Pala 1
1,43,5.0,12.0,Pala 1
28,9,5.0,12.0,Pala 2
20,22,5.0,12.0,Pala 1
14,48,5.0,12.0,Pala 1
26,10,5.0,12.0,Pala 2
49,1,5.0,12.0,Pala 2
30,25,5.0,12.0,Pala 2
14,35,5.0,12.0,Pala 1
22,32,5.0,12.0,Pala 1
23,46,5.0,12.0,Pala 1
43,12,5.0,12.0,Pala 2
12,39,5.0,12.0,Pala 1
21,24,5.0,12.0,Pala 1
42,3,5.0,12.0,Pala 2
36,41,5.0,12.0,Pala 1
32,18,5.0,12.0,Pala 2
2,17,5.0,12.0,Pala 1
18,36,5.0,12.0,Pala 1
22,29,5.0,12.0,Pala 1
28,18,5.0,12.0,Pala 2
29,22,5.0,12.0,Pala 2
38,15,5.0,12.0,Pala 2
43,0,5.0,12.0,Pala 2
46,11,5.0,12.0,Pala 2
24,23,5.0,12.0,Pala 1
36,33,5.0,12.0,Pala 2
46,7,5.0,12.0,Pala 2
7,17,5.0,12.0,Pala 1
41,47,5.0,12.0,Pala 1
15,4,5.0,12.0,Pala 2
7,25,5.0,12.0,Pala 1
0,29,5.0,12.0,Pala 1
43,12,5.0,12.0,Pala 2
4,18,5.0,12.0,Pala 1
2,28,5.0,12.0,Pala 1
0,2,5.0,12.0,Pala 1
3,25,5.0,12.0,Pala 1
39,39,5.0,12.0,Pala 2
34,11,5.0,12.0,Pala 2
31,1,5.0,12.0,Pala 2
41,10,5.0,12.0,Pala 2
33,43,5.0,12.0,Pala 1
42,27,5.0,12.0,Pala 2
24,17,5.0,12.0,Pala 2
9,12,5.0,12.0,Pala 1
20,36,5.0,12.0,Pala 1
45,21,5.0,12.0,Pala 2
38,11,5.0,12.0,Pala 2
26,1,5.0,12.0,Pala 2
26,36,5.0,12.0,Pala 1
1,6,5.0,12.0,Pala 1
40,25,5.0,12.0,Pala 2
47,25,5.0,12.0,Pala 2
12,23,5.0,12.0,Pala 1
8,11,5.0,12.0,Pala 1
35,15,5.0,12.0,Pala 2
21,22,5.0,12.0,Pala 1
41,39,5.0,12.0,Pala 1
25,8,5.0,12.0,Pala 2
11,31,5.0,12.0,Pala 1
16,14,5.0,12.0,Pala 2
13,36,5.0,12.0,Pala 1
13,12,5.0,12.0,Pala 1
33,4,5.0,12.0,Pala 2
19,10,5.0,12.0,Pala 2
10,9,5.0,12.0,Pala 1
15,12,5.0,12.0,Pala 1
30,40,5.0,12.0,Pala 1
5,45,5.0,12.0,Pala 1
18,49,5.0,12.0,Pala 1
36,14,5.0,12.0,Pala 2
3,41,5.0,12.0,Pala 1
46,6,5.0,12.0,Pala 2
3,39,5.0,12.0,Pala 1
19,27,5.0,12.0,Pala 1
9,31,5.0,12.0,Pala 1
23,34,5.0,12.0,Pala 1
34,14,5.0,12.0,Pala 2
25,47,5.0,12.0,Pala 1
36,35,5.0,12.0,Pala 2
37,20,5.0,12.0,Pala 2
20,5,5.0,12.0,Pala 2
39,0,5.0,12.0,Pala 2
38,3,5.0,12.0,Pala 2
20,10,5.0,12.0,Pala 2
9,43,5.0,12.0,Pala 1
37,25,5.0,12.0,Pala 2
45,36,5.0,12.0,Pala 2
3,22,5.0,12.0,Pala 1
44,28,5.0,12.0,Pala 2
19,20,5.0,12.0,Pala 1
16,47,5.0,12.0,Pala 1
6,44,5.0,12.0,Pala 1
3,44,5.0,12.0,Pala 1
28,48,5.0,12.0,Pala 1
13,26,5.0,12.0,Pala 1
2,38,5.0,12.0,Pala 1
23,39,5.0,12.0,Pala 1
36,12,5.0,12.0,Pala 2
15,22,5.0,12.0,Pala 1
3,15,5.0,12.0,Pala 1
23,29,5.0,12.0,Pala 1
33,3,5.0,12.0,Pala 2
29,39,5.0,12.0,Pala 1
17,15,5.0,12.0,Pala 2
18,30,5.0,12.0,Pala 1
30,41,5.0,12.0,Pala 1
18,24,5.0,12.0,Pala 1
48,43,5.0,12.0,Pala 2
45,11,5.0,12.0,Pala 2
18,25,5.0,12.0,Pala 1
21,36,5.0,12.0,Pala 1
23,47,5.0,12.0,Pala 1
44,32,5.0,12.0,Pala 2
11,27,5.0,12.0,Pala 1
29,8,5.0,12.0,Pala 2
37,11,5.0,12.0,Pala 2
30,4,5.0,12.0,Pala 2
35,27,5.0,12.0,Pala 2
18,34,5.0,12.0,Pala 1
47,4,5.0,12.0,Pala 2
44,33,5.0,12.0,Pala 2
35,45,5.0,12.0,Pala 1
29,33,5.0,12.0,Pala 1
48,12,5.0,12.0,Pala 2
32,38,5.0,12.0,Pala 1
17,41,5.0,12.0,Pala 1
48,44,5.0,12.0,Pala 1
27,47,5.0,12.0,Pala 1
46,13,5.0,12.0,Pala 2
10,10,5.0,12.0,Pala 1
44,41,5.0,12.0,Pala 1
32,37,5.0,12.0,Pala 1
16,3,5.0,12.0,Pala 2
5,32,5.0,12.0,Pala 1
3,6,5.0,12.0,Pala 1
19,40,5.0,12.0,Pala 1
47,7,5.0,12.0,Pala 2
46,36,5.0,12.0,Pala 2
26,9,5.0,12.0,Pala 2
14,42,5.0,12.0,Pala 1
5,14,5.0,12.0,Pala 1
46,37,5.0,12.0,Pala 2
13,14,5.0,12.0,Pala 1
10,4,5.0,12.0,Pala 1
38,28,5.0,12.0,Pala 2
8,18,5.0,12.0,Pala 1
25,9,5.0,12.0,Pala 2
15,11,5.0,12.0,Pala 2
4,3,5.0,12.0,Pala 1
9,30,5.0,12.0,Pala 1
49,17,5.0,12.0,Pala 2
2,15,5.0,12.0,Pala 1
12,39,5.0,12.0,Pala 1
42,35,5.0,12.0,Pala 2
48,24,5.0,12.0,Pala 2
29,22,5.0,12.0,Pala 2
44,11,5.0,12.0,Pala 2
5,33,5.0,12.0,Pala 1
16,35,5.0,12.0,Pala 1
44,36,5.0,12.0,Pala 2
18,2,5.0,12.0,Pala 2
41,8,5.0,12.0,Pala 2
34,17,5.0,12.0,Pala 2
45,42,5.0,12.0,Pala 1
25,34,5.0,12.0,Pala 1
4,33,5.0,12.0,Pala 1
28,40,5.0,12.0,Pala 1
36,13,5.0,12.0,Pala 2
19,3,5.0,12.0,Pala 2
48,28,5.0,12.0,Pala 2
20,40,5.0,12.0,Pala 1
9,44,5.0,12.0,Pala 1
4,49,5.0,12.0,Pala 1
35,14,5.0,12.0,Pala 2
5,27,5.0,12.0,Pala 1
25,41,5.0,12.0,Pala 1
3,15,5.0,12.0,Pala 1
38,11,5.0,12.0,Pala 2
38,4,5.0,12.0,Pala 2
49,33,5.0,12.0,Pala 2
34,41,5.0,12.0,Pala 1
0,0,5.0,12.0,Pala 1
23,38,5.0,12.0,Pala 1
35,31,5.0,12.0,Pala 2
5,25,5.0,12.0,Pala 1
40,16,5.0,12.0,Pala 2
45,47,5.0,12.0,Pala 1
43,26,5.0,12.0,Pala 2
30,23,5.0,12.0,Pala 2
19,34,5.0,12.0,Pala 1
23,45,5.0,12.0,Pala 1
24,41,5.0,12.0,Pala 1
35,38,5.0,12.0,Pala 1
20,25,5.0,12.0,Pala 1
29,48,5.0,12.0,Pala 1
23,37,5.0,12.0,Pala 1
43,22,5.0,12.0,Pala 2
41,21,5.0,12.0,Pala 2
29,3,5.0,12.0,Pala 2
21,48,5.0,12.0,Pala 1
27,8,5.0,12.0,Pala 2
6,3,5.0,12.0,Pala 1
34,6,5.0,12.0,Pala 2
27,22,5.0,12.0,Pala 2
13,1,5.0,12.0,Pala 2
9,48,5.0,12.0,Pala 1
15,23,5.0,12.0,Pala 1
15,39,5.0,12.0,Pala 1
30,30,5.0,12.0,Pala 1
41,46,5.0,12.0,Pala 1
24,30,5.0,12.0,Pala 1
12,46,5.0,12.0,Pala 1
5,39,5.0,12.0,Pala 1
43,47,5.0,12.0,Pala 1
8,42,5.0,12.0,Pala 1
44,33,5.0,12.0,Pala 2
35,23,5.0,12.0,Pala 2
42,48,5.0,12.0,Pala 1
19,25,5.0,12.0,Pala 1
17,15,5.0,12.0,Pala 1
42,46,5.0,12.0,Pala 1
20,12,5.0,12.0,Pala 2
3,14,5.0,12.0,Pala 1
49,26,5.0,12.0,Pala 2
32,3,5.0,12.0,Pala 2
26,15,5.0,12.0,Pala 2
6,29,5.0,12.0,Pala 1
5,43,5.0,12.0,Pala 1
14,29,5.0,12.0,Pala 1
17,35,5.0,12.0,Pala 1
31,2,5.0,12.0,Pala 2
10,21,5.0,12.0,Pala 1
19,48,5.0,12.0,Pala 1
23,21,5.0,12.0,Pala 2
14,49,5.0,12.0,Pala 1
47,49,5.0,12.0,Pala 1
6,48,5.0,12.0,Pala 1
20,11,5.0,12.0,Pala 1
41,20,5.0,12.0,Pala 2
25,3,5.0,12.0,Pala 2
43,30,5.0,12.0,Pala 2
13,43,5.0,12.0,Pala 1
36,30,5.0,12.0,Pala 2
20,22,5.0,12.0,Pala 1
17,19,5.0,12.0,Pala 1
4,14,5.0,12.0,Pala 1
2,22,5.0,12.0,Pala 1
22,27,5.0,12.0,Pala 1
25,15,5.0,12.0,Pala 2
36,36,5.0,12.0,Pala 2
23,20,5.0,12.0,Pala 1
48,14,5.0,12.0,Pala 2
18,16,5.0,12.0,Pala 1
24,49,5.0,12.0,Pala 1
20,36,5.0,12.0,Pala 1
11,12,5.0,12.0,Pala 1
40,18,5.0,12.0,Pala 2
32,29,5.0,12.0,Pala 1
49,44,5.0,12.0,Pala 2
3,17,5.0,12.0,Pala 1
41,13,5.0,12.0,Pala 2
6,35,5.0,12.0,Pala 1
21,35,5.0,12.0,Pala 1
32,19,5.0,12.0,Pala 2
16,18,5.0,12.0,Pala 1
23,44,5.0,12.0,Pala 1
33,43,5.0,12.0,Pala 1
27,6,5.0,12.0,Pala 2
42,43,5.0,12.0,Pala 1
40,3,5.0,12.0,Pala 2
38,33,5.0,12.0,Pala 2
21,1,5.0,12.0,Pala 2
48,4,5.0,12.0,Pala 2
16,9,5.0,12.0,Pala 2
33,31,5.0,12.0,Pala 1
5,41,5.0,12.0,Pala 1
45,40,5.0,12.0,Pala 1
5,12,5.0,12.0,Pala 1
33,38,5.0,12.0,Pala 1
0,4,5.0,12.0,Pala 1
9,9,5.0,12.0,Pala 2
20,9,5.0,12.0,Pala 2
4,37,5.0,12.0,Pala 1
1,26,5.0,12.0,Pala 1
21,20,5.0,12.0,Pala 1
47,7,5.0,12.0,Pala 2
1,0,5.0,12.0,Pala 1
9,27,5.0,12.0,Pala 1
33,48,5.0,12.0,Pala 1
15,38,5.0,12.0,Pala 1
47,13,5.0,12.0,Pala 2
38,20,5.0,12.0,Pala 2
21,29,5.0,12.0,Pala 1
11,20,5.0,12.0,Pala 1
23,48,5.0,12.0,Pala 1
46,8,5.0,12.0,Pala 2
39,16,5.0,12.0,Pala 2
37,4,5.0,12.0,Pala 2
9,30,5.0,12.0,Pala 1
34,39,5.0,12.0,Pala 1
48,37,5.0,12.0,Pala 2
31,42,5.0,12.0,Pala 1
6,18,5.0,12.0,Pala 1
20,35,5.0,12.0,Pala 1
19,49,5.0,12.0,Pala 1
25,32,5.0,12.0,Pala 1
3,12,5.0,12.0,Pala 1
45,13,5.0,12.0,Pala 2
21,32,5.0,12.0,Pala 1
14,28,5.0,12.0,Pala 1
39,42,5.0,12.0,Pala 1
20,48,5.0,12.0,Pala 1
14,35,5.0,12.0,Pala 1
21,43,5.0,12.0,Pala 1
27,9,5.0,12.0,Pala 2
13,30,5.0,12.0,Pala 1
26,5,5.0,12.0,Pala 2
40,0,5.0,12.0,Pala 2
39,6,5.0,12.0,Pala 2
27,26,5.0,12.0,Pala 1
25,20,5.0,12.0,Pala 2
48,27,5.0,12.0,Pala 2
1,15,5.0,12.0,Pala 1
24,45,5.0,12.0,Pala 1
2,22,5.0,12.0,Pala 1
7,19,5.0,12.0,Pala 1
43,37,5.0,12.0,Pala 2
32,24,5.0,12.0,Pala 2
41,27,5.0,12.0,Pala 2
34,4,5.0,12.0,Pala 2
5,20,5.0,12.0,Pala 1
38,17,5.0,12.0,Pala 2
22,46,5.0,12.0,Pala 1
24,5,5.0,12.0,Pala 2
49,28,5.0,12.0,Pala 2
42,18,5.0,12.0,Pala 2
18,32,5.0,12.0,Pala 1
4,0,5.0,12.0,Pala 2
10,44,5.0,12.0,Pala 1
11,2,5.0,12.0,Pala 2
9,41,5.0,12.0,Pala 1
7,20,5.0,12.0,Pala 1
23,34,5.0,12.0,Pala 1
27,40,5.0,12.0,Pala 1
40,39,5.0,12.0,Pala 1
35,2,5.0,12.0,Pala 2
36,24,5.0,12.0,Pala 2
20,44,5.0,12.0,Pala 1
7,37,5.0,12.0,Pala 1
8,44,5.0,12.0,Pala 1
46,19,5.0,12.0,Pala 2
14,43,5.0,12.0,Pala 1
47,44,5.0,12.0,Pala 1
45,33,5.0,12.0,Pala 2
39,20,5.0,12.0,Pala 2
17,47,5.0,12.0,Pala 1
41,22,5.0,12.0,Pala 2
19,5,5.0,12.0,Pala 2
5,12,5.0,12.0,Pala 1
11,48,5.0,12.0,Pala 1
1,22,5.0,12.0,Pala 1
6,8,5.0,12.0,Pala 1
15,16,5.0,12.0,Pala 1
2,1,5.0,12.0,Pala 1
44,18,5.0,12.0,Pala 2
2,18,5.0,12.0,Pala 1
26,6,5.0,12.0,Pala 2
49,41,5.0,12.0,Pala 2
42,41,5.0,12.0,Pala 2
39,19,5.0,12.0,Pala 2
37,8,5.0,12.0,Pala 2
32,16,5.0,12.0,Pala 2
27,26,5.0,12.0,Pala 1
0,46,5.0,12.0,Pala 1
7,1,5.0,12.0,Pala 2
36,35,5.0,12.0,Pala 1
31,18,5.0,12.0,Pala 2
47,16,5.0,12.0,Pala 2
42,4,5.0,12.0,Pala 2
36,38,5.0,12.0,Pala 1
3,17,5.0,12.0,Pala 1
29,6,5.0,12.0,Pala 2
5,16,5.0,12.0,Pala 1
45,38,5.0,12.0,Pala 2
18,35,5.0,12.0,Pala 1
31,39,5.0,12.0,Pala 1
8,44,5.0,12.0,Pala 1
11,3,5.0,12.0,Pala 2
10,37,5.0,12.0,Pala 1
45,24,5.0,12.0,Pala 2
15,4,5.0,12.0,Pala 2
0,29,5.0,12.0,Pala 1
44,11,5.0,12.0,Pala 2
20,3,5.0,12.0,Pala 2
29,23,5.0,12.0,Pala 2
12,28,5.0,12.0,Pala 1
33,8,5.0,12.0,Pala 2
3,3,5.0,12.0,Pala 1
27,23,5.0,12.0,Pala 1
37,13,5.0,12.0,Pala 2
30,4,5.0,12.0,Pala 2
26,17,5.0,12.0,Pala 2
4,41,5.0,12.0,Pala 1
24,18,5.0,12.0,Pala 2
2,11,5.0,12.0,Pala 1
32,17,5.0,12.0,Pala 2
3,16,5.0,12.0,Pala 1
24,29,5.0,12.0,Pala 1
19,23,5.0,12.0,Pala 1
33,10,5.0,12.0,Pala 2
25,34,5.0,12.0,Pala 1
4,22,5.0,12.0,Pala 1
34,16,5.0,12.0,Pala 2
27,0,5.0,12.0,Pala 2
28,14,5.0,12.0,Pala 2
8,31,5.0,12.0,Pala 1
37,8,5.0,12.0,Pala 2
49,14,5.0,12.0,Pala 2
5,27,5.0,12.0,Pala 1
18,23,5.0,12.0,Pala 1
43,34,5.0,12.0,Pala 2
10,21,5.0,12.0,Pala 1
1,26,5.0,12.0,Pala 1
46,18,5.0,12.0,Pala 2
43,44,5.0,12.0,Pala 1
43,11,5.0,12.0,Pala 2
8,19,5.0,12.0,Pala 1
20,0,5.0,12.0,Pala 2
23,20,5.0,12.0,Pala 1
33,48,5.0,12.0,Pala 1
21,44,5.0,12.0,Pala 1
2,0,5.0,12.0,Pala 1
11,9,5.0,12.0,Pala 1
27,46,5.0,12.0,Pala 1
29,31,5.0,12.0,Pala 1
25,38,5.0,12.0,Pala 1
47,21,5.0,12.0,Pala 2
20,17,5.0,12.0,Pala 2
27,47,5.0,12.0,Pala 1
25,45,5.0,12.0,Pala 1
32,31,5.0,12.0,Pala 2
20,26,5.0,12.0,Pala 1
34,27,5.0,12.0,Pala 2
33,17,5.0,12.0,Pala 2
40,38,5.0,12.0,Pala 1
46,48,5.0,12.0,Pala 1
17,28,5.0,12.0,Pala 1
10,17,5.0,12.0,Pala 1
22,43,5.0,12.0,Pala 1
47,7,5.0,12.0,Pala 2
21,30,5.0,12.0,Pala 1
16,33,5.0,12.0,Pala 1
4,6,5.0,12.0,Pala 2
43,35,5.0,12.0,Pala 2
10,17,5.0,12.0,Pala 1
29,37,5.0,12.0,Pala 1
14,8,5.0,12.0,Pala 1
26,8,5.0,12.0,Pala 2
34,45,5.0,12.0,Pala 1
32,7,5.0,12.0,Pala 2
19,34,5.0,12.0,Pala 1
15,17,5.0,12.0,Pala 1
33,4,5.0,12.0,Pala 2
1,13,5.0,12.0,Pala 1
34,27,5.0,12.0,Pala 2
39,29,5.0,12.0,Pala 2
27,3,5.0,12.0,Pala 2
46,38,5.0,12.0,Pala 2
38,19,5.0,12.0,Pala 2
5,24,5.0,12.0,Pala 1
8,27,5.0,12.0,Pala 1
19,11,5.0,12.0,Pala 2
0,1,5.0,12.0,Pala 1
7,42,5.0,12.0,Pala 1
22,13,5.0,12.0,Pala 2
2,21,5.0,12.0,Pala 1
3,30,5.0,12.0,Pala 1
24,22,5.0,12.0,Pala 1
46,47,5.0,12.0,Pala 1
37,19,5.0,12.0,Pala 2
14,37,5.0,12.0,Pala 1
20,3,5.0,12.0,Pala 2
34,14,5.0,12.0,Pala 2
45,23,5.0,12.0,Pala 2
13,24,5.0,12.0,Pala 1
35,0,5.0,12.0,Pala 2
11,6,5.0,12.0,Pala 2
16,30,5.0,12.0,Pala 1
38,11,5.0,12.0,Pala 2
8,41,5.0,12.0,Pala 1
34,4,5.0,12.0,Pala 2
12,43,5.0,12.0,Pala 1
14,49,5.0,12.0,Pala 1
17,41,5.0,12.0,Pala 1
32,37,5.0,12.0,Pala 1
5,11,5.0,12.0,Pala 1
26,38,5.0,12.0,Pala 1
22,17,5.0,12.0,Pala 2
26,1,5.0,12.0,Pala 2
33,9,5.0,12.0,Pala 2
45,14,5.0,12.0,Pala 2
37,29,5.0,12.0,Pala 2
13,43,5.0,12.0,Pala 1
35,16,5.0,12.0,Pala 2
7,3,5.0,12.0,Pala 1
34,6,5.0,12.0,Pala 2
18,40,5.0,12.0,Pala 1
29,30,5.0,12.0,Pala 1
13,38,5.0,12.0,Pala 1
19,33,5.0,12.0,Pala 1
48,5,5.0,12.0,Pala 2
24,49,5.0,12.0,Pala 1
39,37,5.0,12.0,Pala 2
23,44,5.0,12.0,Pala 1
13,33,5.0,12.0,Pala 1
25,43,5.0,12.0,Pala 1
37,14,5.0,12.0,Pala 2
22,13,5.0,12.0,Pala 2
21,5,5.0,12.0,Pala 2
47,49,5.0,12.0,Pala 1
18,36,5.0,12.0,Pala 1
45,49,5.0,12.0,Pala 1
2,31,5.0,12.0,Pala 1
41,2,5.0,12.0,Pala 2
18,2,5.0,12.0,Pala 2
8,21,5.0,12.0,Pala 1
27,21,5.0,12.0,Pala 2
19,9,5.0,12.0,Pala 2
44,2,5.0,12.0,Pala 2
6,11,5.0,12.0,Pala 1
13,28,5.0,12.0,Pala 1
8,47,5.0,12.0,Pala 1
18,16,5.0,12.0,Pala 1
46,6,5.0,12.0,Pala 2
13,12,5.0,12.0,Pala 1
37,1,5.0,12.0,Pala 2
35,3,5.0,12.0,Pala 2
39,9,5.0,12.0,Pala 2
16,38,5.0,12.0,Pala 1
29,23,5.0,12.0,Pala 2
8,16,5.0,12.0,Pala 1
32,5,5.0,12.0,Pala 2
24,18,5.0,12.0,Pala 1
13,4,5.0,12.0,Pala 2
10,31,5.0,12.0,Pala 1
34,9,5.0,12.0,Pala 2
40,8,5.0,12.0,Pala 2
13,26,5.0,12.0,Pala 1
29,12,5.0,12.0,Pala 2
40,18,5.0,12.0,Pala 2
3,20,5.0,12.0,Pala 1
3,23,5.0,12.0,Pala 1
27,37,5.0,12.0,Pala 1
7,3,5.0,12.0,Pala 2
1,23,5.0,12.0,Pala 1
40,34,5.0,12.0,Pala 2
45,2,5.0,12.0,Pala 2
21,3,5.0,12.0,Pala 2
40,36,5.0,12.0,Pala 1
15,39,5.0,12.0,Pala 1
28,47,5.0,12.0,Pala 1
48,34,5.0,12.0,Pala 2
47,30,5.0,12.0,Pala 2
29,43,5.0,12.0,Pala 1
11,24,5.0,12.0,Pala 1
34,39,5.0,12.0,Pala 1
10,12,5.0,12.0,Pala 1
45,3,5.0,12.0,Pala 2
49,45,5.0,12.0,Pala 2
20,13,5.0,12.0,Pala 2
20,12,5.0,12.0,Pala 2
4,26,5.0,12.0,Pala 1
47,5,5.0,12.0,Pala 2
19,16,5.0,12.0,Pala 2
36,35,5.0,12.0,Pala 1
2,39,5.0,12.0,Pala 1
43,48,5.0,12.0,Pala 1
32,34,5.0,12.0,Pala 1
8,16,5.0,12.0,Pala 1
8,40,5.0,12.0,Pala 1
3,1,5.0,12.0,Pala 1
34,12,5.0,12.0,Pala 2
16,1,5.0,12.0,Pala 2
33,27,5.0,12.0,Pala 2
23,42,5.0,12.0,Pala 1
31,25,5.0,12.0,Pala 2
0,21,5.0,12.0,Pala 1
7,46,5.0,12.0,Pala 1
44,42,5.0,12.0,Pala 1
22,2,5.0,12.0,Pala 2
46,34,5.0,12.0,Pala 2
39,11,5.0,12.0,Pala 2
11,23,5.0,12.0,Pala 1
11,4,5.0,12.0,Pala 2
45,19,5.0,12.0,Pala 2
46,38,5.0,12.0,Pala 1
14,38,5.0,12.0,Pala 1
40,12,5.0,12.0,Pala 2
18,40,5.0,12.0,Pala 1
25,44,5.0,12.0,Pala 1
28,11,5.0,12.0,Pala 2
21,12,5.0,12.0,Pala 2
39,9,5.0,12.0,Pala 2
20,32,5.0,12.0,Pala 1
37,39,5.0,12.0,Pala 1
19,15,5.0,12.0,Pala 2
28,44,5.0,12.0,Pala 1
3,34,5.0,12.0,Pala 1
6,2,5.0,12.0,Pala 1
27,4,5.0,12.0,Pala 2
27,25,5.0,12.0,Pala 1
3,10,5.0,12.0,Pala 1
21,6,5.0,12.0,Pala 2
11,9,5.0,12.0,Pala 2
44,41,5.0,12.0,Pala 2
2,33,5.0,12.0,Pala 1
21,2,5.0,12.0,Pala 2
43,7,5.0,12.0,Pala 2
1,30,5.0,12.0,Pala 1
23,10,5.0,12.0,Pala 2
33,44,5.0,12.0,Pala 1
26,6,5.0,12.0,Pala 2
40,44,5.0,12.0,Pala 1
0,1,5.0,12.0,Pala 1
7,5,5.0,12.0,Pala 1
22,40,5.0,12.0,Pala 1
37,31,5.0,12.0,Pala 2
5,19,5.0,12.0,Pala 1
21,33,5.0,12.0,Pala 1
24,49,5.0,12.0,Pala 1
17,15,5.0,12.0,Pala 2
16,24,5.0,12.0,Pala 1
11,11,5.0,12.0,Pala 1
5,6,5.0,12.0,Pala 1
25,38,5.0,12.0,Pala 1
26,16,5.0,12.0,Pala 2
7,44,5.0,12.0,Pala 1
18,10,5.0,12.0,Pala 2
41,5,5.0,12.0,Pala 2
0,22,5.0,12.0,Pala 1
28,26,5.0,12.0,Pala 1
44,45,5.0,12.0,Pala 1
48,5,5.0,12.0,Pala 2
34,37,5.0,12.0,Pala 1
39,1,5.0,12.0,Pala 2
13,21,5.0,12.0,Pala 1
34,19,5.0,12.0,Pala 2
47,24,5.0,12.0,Pala 2
44,14,5.0,12.0,Pala 2
19,48,5.0,12.0,Pala 1
48,28,5.0,12.0,Pala 2
12,7,5.0,12.0,Pala 1
37,36,5.0,12.0,Pala 1
48,48,5.0,12.0,Pala 1
45,32,5.0,12.0,Pala 2
48,21,5.0,12.0,Pala 2
7,49,5.0,12.0,Pala 1
42,46,5.0,12.0,Pala 1
19,4,5.0,12.0,Pala 2
32,38,5.0,12.0,Pala 1
25,17,5.0,12.0,Pala 2
38,37,5.0,12.0,Pala 1
20,36,5.0,12.0,Pala 1
48,29,5.0,12.0,Pala 2
41,30,5.0,12.0,Pala 2
42,9,5.0,12.0,Pala 2
40,14,5.0,12.0,Pala 2
8,41,5.0,12.0,Pala 1
23,47,5.0,12.0,Pala 1
36,43,5.0,12.0,Pala 1
48,17,5.0,12.0,Pala 2
40,22,5.0,12.0,Pala 2
16,32,5.0,12.0,Pala 1
23,15,5.0,12.0,Pala 2
20,37,5.0,12.0,Pala 1
38,34,5.0,12.0,Pala 1
40,33,5.0,12.0,Pala 2
38,27,5.0,12.0,Pala 2
12,1,5.0,12.0,Pala 2
10,29,5.0,12.0,Pala 1
45,12,5.0,12.0,Pala 2
18,40,5.0,12.0,Pala 1
10,15,5.0,12.0,Pala 1
12,4,5.0,12.0,Pala 1
45,27,5.0,12.0,Pala 2
44,38,5.0,12.0,Pala 1
0,44,5.0,12.0,Pala 1
39,19,5.0,12.0,Pala 2
43,23,5.0,12.0,Pala 2
18,26,5.0,12.0,Pala 1
11,29,5.0,12.0,Pala 1
7,44,5.0,12.0,Pala 1
7,26,5.0,12.0,Pala 1
44,25,5.0,12.0,Pala 2
11,6,5.0,12.0,Pala 2
47,41,5.0,12.0,Pala 2
32,46,5.0,12.0,Pala 1
44,37,5.0,12.0,Pala 2
25,4,5.0,12.0,Pala 2
38,22,5.0,12.0,Pala 2
27,27,5.0,12.0,Pala 1
4,33,5.0,12.0,Pala 1
7,14,5.0,12.0,Pala 1
24,31,5.0,12.0,Pala 1
26,25,5.0,12.0,Pala 1
45,47,5.0,12.0,Pala 1
22,30,5.0,12.0,Pala 1
29,18,5.0,12.0,Pala 2
44,8,5.0,12.0,Pala 2
46,28,5.0,12.0,Pala 2
22,38,5.0,12.0,Pala 1
48,3,5.0,12.0,Pala 2
46,2,5.0,12.0,Pala 2
19,28,5.0,12.0,Pala 1
17,10,5.0,12.0,Pala 1
17,32,5.0,12.0,Pala 1
1,37,5.0,12.0,Pala 1
3,10,5.0,12.0,Pala 1
29,26,5.0,12.0,Pala 1
32,32,5.0,12.0,Pala 1
35,20,5.0,12.0,Pala 2
17,38,5.0,12.0,Pala 1
36,30,5.0,12.0,Pala 2
18,37,5.0,12.0,Pala 1
46,45,5.0,12.0,Pala 1
27,1,5.0,12.0,Pala 2
39,26,5.0,12.0,Pala 2
19,35,5.0,12.0,Pala 1
48,10,5.0,12.0,Pala 2
32,46,5.0,12.0,Pala 1
11,17,5.0,12.0,Pala 1
14,0,5.0,12.0,Pala 2
40,34,5.0,12.0,Pala 2
38,34,5.0,12.0,Pala 2
1,30,5.0,12.0,Pala 1
28,27,5.0,12.0,Pala 2
40,38,5.0,12.0,Pala 1
9,0,5.0,12.0,Pala 2
1,24,5.0,12.0,Pala 1
10,42,5.0,12.0,Pala 1
12,37,5.0,12.0,Pala 1
9,19,5.0,12.0,Pala 1
13,2,5.0,12.0,Pala 2
17,1,5.0,12.0,Pala 2
8,17,5.0,12.0,Pala 1
38,43,5.0,12.0,Pala 1
27,9,5.0,12.0,Pala 2
2,4,5.0,12.0,Pala 1
19,8,5.0,12.0,Pala 2
5,1,5.0,12.0,Pala 2
26,33,5.0,12.0,Pala 1
1,37,5.0,12.0,Pala 1
28,30,5.0,12.0,Pala 1
37,9,5.0,12.0,Pala 2
2,49,5.0,12.0,Pala 1
15,11,5.0,12.0,Pala 1
29,35,5.0,12.0,Pala 1
39,20,5.0,12.0,Pala 2
1,48,5.0,12.0,Pala 1
16,46,5.0,12.0,Pala 1
40,5,5.0,12.0,Pala 2
11,47,5.0,12.0,Pala 1
34,48,5.0,12.0,Pala 1
42,2,5.0,12.0,Pala 2
0,9,5.0,12.0,Pala 1
44,4,5.0,12.0,Pala 2
14,45,5.0,12.0,Pala 1
25,25,5.0,12.0,Pala 1
36,20,5.0,12.0,Pala 2
20,44,5.0,12.0,Pala 1
48,25,5.0,12.0,Pala 2
30,37,5.0,12.0,Pala 1
24,43,5.0,12.0,Pala 1
22,25,5.0,12.0,Pala 1
23,7,5.0,12.0,Pala 2
37,4,5.0,12.0,Pala 2
27,14,5.0,12.0,Pala 2
20,15,5.0,12.0,Pala 2
42,0,5.0,12.0,Pala 2
17,15,5.0,12.0,Pala 2
35,36,5.0,12.0,Pala 1
34,2,5.0,12.0,Pala 2
44,46,5.0,12.0,Pala 1
8,30,5.0,12.0,Pala 1
37,12,5.0,12.0,Pala 2
29,15,5.0,12.0,Pala 2
43,42,5.0,12.0,Pala 1
33,20,5.0,12.0,Pala 2
31,1,5.0,12.0,Pala 2
2,26,5.0,12.0,Pala 1
2,37,5.0,12.0,Pala 1
27,25,5.0,12.0,Pala 1
43,37,5.0,12.0,Pala 2
14,45,5.0,12.0,Pala 1
40,24,5.0,12.0,Pala 2
22,10,5.0,12.0,Pala 2
39,7,5.0,12.0,Pala 2
10,7,5.0,12.0,Pala 1
47,32,5.0,12.0,Pala 2
31,6,5.0,12.0,Pala 2
35,37,5.0,12.0,Pala 1
32,20,5.0,12.0,Pala 2
23,7,5.0,12.0,Pala 2
38,20,5.0,12.0,Pala 2
33,19,5.0,12.0,Pala 2
27,7,5.0,12.0,Pala 2
36,45,5.0,12.0,Pala 1
6,30,5.0,12.0,Pala 1
3,49,5.0,12.0,Pala 1
36,28,5.0,12.0,Pala 2
0,47,5.0,12.0,Pala 1
0,8,5.0,12.0,Pala 1
46,14,5.0,12.0,Pala 2
19,29,5.0,12.0,Pala 1
18,25,5.0,12.0,Pala 1
28,9,5.0,12.0,Pala 2
9,28,5.0,12.0,Pala 1
17,15,5.0,12.0,Pala 2
27,35,5.0,12.0,Pala 1
34,19,5.0,12.0,Pala 2
42,44,5.0,12.0,Pala 1
46,36,5.0,12.0,Pala 2
30,21,5.0,12.0,Pala 2
26,6,5.0,12.0,Pala 2
10,22,5.0,12.0,Pala 1
48,40,5.0,12.0,Pala 2
48,39,5.0,12.0,Pala 2
37,28,5.0,12.0,Pala 2
4,15,5.0,12.0,Pala 1
7,37,5.0,12.0,Pala 1
33,27,5.0,12.0,Pala 2
47,47,5.0,12.0,Pala 1
11,37,5.0,12.0,Pala 1
37,30,5.0,12.0,Pala 2
0,13,5.0,12.0,Pala 1
30,32,5.0,12.0,Pala 1
3,8,5.0,12.0,Pala 1
48,26,5.0,12.0,Pala 2
44,23,5.0,12.0,Pala 2
49,12,5.0,12.0,Pala 2
4,25,5.0,12.0,Pala 1
29,28,5.0,12.0,Pala 2
23,48,5.0,12.0,Pala 1
2,42,5.0,12.0,Pala 1
10,27,5.0,12.0,Pala 1
44,27,5.0,12.0,Pala 2
3,7,5.0,12.0,Pala 1
25,22,5.0,12.0,Pala 1
26,28,5.0,12.0,Pala 1
45,4,5.0,12.0,Pala 2
42,41,5.0,12.0,Pala 2
26,6,5.0,12.0,Pala 2
41,41,5.0,12.0,Pala 1
49,35,5.0,12.0,Pala 2
5,40,5.0,12.0,Pala 1
14,26,5.0,12.0,Pala 1
29,45,5.0,12.0,Pala 1
41,1,5.0,12.0,Pala 2
36,24,5.0,12.0,Pala 2
36,8,5.0,12.0,Pala 2
41,26,5.0,12.0,Pala 2
36,0,5.0,12.0,Pala 2
34,22,5.0,12.0,Pala 2
22,9,5.0,12.0,Pala 2
5,41,5.0,12.0,Pala 1
3,24,5.0,12.0,Pala 1
17,2,5.0,12.0,Pala 2
8,5,5.0,12.0,Pala 2
48,5,5.0,12.0,Pala 2
28,1,5.0,12.0,Pala 2
12,17,5.0,12.0,Pala 1
46,22,5.0,12.0,Pala 2
16,1,5.0,12.0,Pala 2
44,11,5.0,12.0,Pala 2
31,21,5.0,12.0,Pala 2
47,36,5.0,12.0,Pala 2
21,19,5.0,12.0,Pala 2
3,38,5.0,12.0,Pala 1
4,23,5.0,12.0,Pala 1
36,47,5.0,12.0,Pala 1
40,19,5.0,12.0,Pala 2
48,0,5.0,12.0,Pala 2
12,0,5.0,12.0,Pala 2
33,16,5.0,12.0,Pala 2
44,0,5.0,12.0,Pala 2
21,44,5.0,12.0,Pala 1
22,29,5.0,12.0,Pala 1
2,40,5.0,12.0,Pala 1
41,46,5.0,12.0,Pala 1
33,2,5.0,12.0,Pala 2
31,45,5.0,12.0,Pala 1
44,10,5.0,12.0,Pala 2
48,23,5.0,12.0,Pala 2
20,21,5.0,12.0,Pala 1
45,43,5.0,12.0,Pala 2
43,44,5.0,12.0,Pala 1
20,25,5.0,12.0,Pala 1
43,12,5.0,12.0,Pala 2
10,0,5.0,12.0,Pala 2
38,23,5.0,12.0,Pala 2
3,9,5.0,12.0,Pala 1
0,34,5.0,12.0,Pala 1
27,23,5.0,12.0,Pala 1
23,27,5.0,12.0,Pala 1
34,35,5.0,12.0,Pala 1
12,15,5.0,12.0,Pala 1
46,39,5.0,12.0,Pala 2
33,15,5.0,12.0,Pala 2
10,16,5.0,12.0,Pala 1
35,14,5.0,12.0,Pala 2
16,15,5.0,12.0,Pala 1
34,14,5.0,12.0,Pala 2
17,33,5.0,12.0,Pala 1
39,10,5.0,12.0,Pala 2
21,0,5.0,12.0,Pala 2
23,14,5.0,12.0,Pala 2
18,25,5.0,12.0,Pala 1
36,3,5.0,12.0,Pala 2
38,42,5.0,12.0,Pala 1
20,4,5.0,12.0,Pala 2
7,34,5.0,12.0,Pala 1
27,12,5.0,12.0,Pala 2
4,9,5.0,12.0,Pala 1
16,10,5.0,12.0,Pala 1
36,17,5.0,12.0,Pala 2
35,33,5.0,12.0,Pala 1
18,38,5.0,12.0,Pala 1
26,40,5.0,12.0,Pala 1
33,41,5.0,12.0,Pala 1
10,49,5.0,12.0,Pala 1
44,22,5.0,12.0,Pala 2
46,6,5.0,12.0,Pala 2
11,38,5.0,12.0,Pala 1
20,2,5.0,12.0,Pala 2
10,11,5.0,12.0,Pala 1
38,6,5.0,12.0,Pala 2
27,48,5.0,12.0,Pala 1
4,25,5.0,12.0,Pala 1
16,32,5.0,12.0,Pala 1
19,36,5.0,12.0,Pala 1
40,47,5.0,12.0,Pala 1
45,14,5.0,12.0,Pala 2
11,1,5.0,12.0,Pala 1
5,40,5.0,12.0,Pala 1
16,6,5.0,12.0,Pala 2
18,31,5.0,12.0,Pala 1
25,3,5.0,12.0,Pala 2
47,19,5.0,12.0,Pala 2
43,49,5.0,12.0,Pala 1
43,35,5.0,12.0,Pala 2
31,31,5.0,12.0,Pala 2
5,27,5.0,12.0,Pala 1
35,12,5.0,12.0,Pala 2
37,0,5.0,12.0,Pala 2
10,34,5.0,12.0,Pala 1
32,47,5.0,12.0,Pala 1
23,29,5.0,12.0,Pala 1
22,35,5.0,12.0,Pala 1
14,24,5.0,12.0,Pala 1
26,15,5.0,12.0,Pala 2
10,18,5.0,12.0,Pala 1
49,0,5.0,12.0,Pala 2
16,4,5.0,12.0,Pala 2
13,21,5.0,12.0,Pala 1
26,23,5.0,12.0,Pala 1
17,42,5.0,12.0,Pala 1
27,44,5.0,12.0,Pala 1
46,36,5.0,12.0,Pala 2
46,35,5.0,12.0,Pala 2
3,35,5.0,12.0,Pala 1
6,3,5.0,12.0,Pala 2
44,35,5.0,12.0,Pala 2
34,17,5.0,12.0,Pala 2
47,49,5.0,12.0,Pala 1
8,15,5.0,12.0,Pala 1
7,40,5.0,12.0,Pala 1
44,17,5.0,12.0,Pala 2
16,21,5.0,12.0,Pala 1
16,1,5.0,12.0,Pala 2
48,20,5.0,12.0,Pala 2
32,35,5.0,12.0,Pala 1
31,43,5.0,12.0,Pala 1
7,38,5.0,12.0,Pala 1
18,46,5.0,12.0,Pala 1
37,38,5.0,12.0,Pala 2
2,28,5.0,12.0,Pala 1
4,25,5.0,12.0,Pala 1
12,20,5.0,12.0,Pala 1
46,16,5.0,12.0,Pala 2
45,15,5.0,12.0,Pala 2
30,30,5.0,12.0,Pala 1
15,8,5.0,12.0,Pala 1
49,30,5.0,12.0,Pala 2
31,13,5.0,12.0,Pala 2
21,48,5.0,12.0,Pala 1
28,36,5.0,12.0,Pala 1
21,1,5.0,12.0,Pala 2
42,47,5.0,12.0,Pala 1
2,45,5.0,12.0,Pala 1
9,13,5.0,12.0,Pala 1
41,32,5.0,12.0,Pala 2
20,34,5.0,12.0,Pala 1
15,38,5.0,12.0,Pala 1
11,46,5.0,12.0,Pala 1
1,19,5.0,12.0,Pala 1
40,1,5.0,12.0,Pala 2
23,40,5.0,12.0,Pala 1
34,18,5.0,12.0,Pala 2
29,36,5.0,12.0,Pala 1
29,17,5.0,12.0,Pala 2
46,15,5.0,12.0,Pala 2
34,3,5.0,12.0,Pala 2
18,11,5.0,12.0,Pala 2
49,28,5.0,12.0,Pala 2
7,6,5.0,12.0,Pala 2
25,13,5.0,12.0,Pala 2
48,11,5.0,12.0,Pala 2
39,34,5.0,12.0,Pala 2
6,4,5.0,12.0,Pala 1
29,16,5.0,12.0,Pala 2
6,41,5.0,12.0,Pala 1
2,31,5.0,12.0,Pala 1
0,9,5.0,12.0,Pala 1
35,42,5.0,12.0,Pala 1
24,16,5.0,12.0,Pala 1
36,4,5.0,12.0,Pala 2
0,44,5.0,12.0,Pala 1
14,41,5.0,12.0,Pala 1
36,8,5.0,12.0,Pala 2
12,48,5.0,12.0,Pala 1
39,32,5.0,12.0,Pala 2
7,35,5.0,12.0,Pala 1
4,35,5.0,12.0,Pala 1
8,17,5.0,12.0,Pala 1
0,8,5.0,12.0,Pala 1
35,28,5.0,12.0,Pala 2
34,49,5.0,12.0,Pala 1
1,13,5.0,12.0,Pala 1
39,24,5.0,12.0,Pala 2
22,14,5.0,12.0,Pala 2
8,5,5.0,12.0,Pala 2
33,41,5.0,12.0,Pala 1
45,28,5.0,12.0,Pala 2
13,14,5.0,12.0,Pala 1
3,28,5.0,12.0,Pala 1
29,3,5.0,12.0,Pala 2
30,17,5.0,12.0,Pala 2
37,49,5.0,12.0,Pala 1
10,48,5.0,12.0,Pala 1
34,43,5.0,12.0,Pala 1
7,38,5.0,12.0,Pala 1
2,15,5.0,12.0,Pala 1
13,10,5.0,12.0,Pala 2
12,13,5.0,12.0,Pala 1
44,2,5.0,12.0,Pala 2
31,49,5.0,12.0,Pala 1
33,41,5.0,12.0,Pala 1
44,37,5.0,12.0,Pala 2
18,44,5.0,12.0,Pala 1
37,41,5.0,12.0,Pala 1
15,17,5.0,12.0,Pala 1
1,19,5.0,12.0,Pala 1
39,47,5.0,12.0,Pala 1
16,24,5.0,12.0,Pala 1
33,37,5.0,12.0,Pala 1
41,12,5.0,12.0,Pala 2
15,3,5.0,12.0,Pala 2
37,13,5.0,12.0,Pala 2
1,32,5.0,12.0,Pala 1
1,27,5.0,12.0,Pala 1
25,36,5.0,12.0,Pala 1
12,7,5.0,12.0,Pala 2
46,43,5.0,12.0,Pala 1
30,33,5.0,12.0,Pala 1
33,43,5.0,12.0,Pala 1
38,4,5.0,12.0,Pala 2
2,4,5.0,12.0,Pala 1
7,30,5.0,12.0,Pala 1
22,44,5.0,12.0,Pala 1
13,8,5.0,12.0,Pala 1
26,41,5.0,12.0,Pala 1
28,31,5.0,12.0,Pala 1
38,32,5.0,12.0,Pala 2
38,2,5.0,12.0,Pala 2
0,29,5.0,12.0,Pala 1
16,49,5.0,12.0,Pala 1
40,11,5.0,12.0,Pala 2
29,28,5.0,12.0,Pala 1
12,2,5.0,12.0,Pala 2
20,25,5.0,12.0,Pala 1
18,29,5.0,12.0,Pala 1
18,8,5.0,12.0,Pala 2
24,25,5.0,12.0,Pala 1
21,1,5.0,12.0,Pala 2
30,2,5.0,12.0,Pala 2
16,45,5.0,12.0,Pala 1
22,3,5.0,12.0,Pala 2
31,24,5.0,12.0,Pala 1
9,12,5.0,12.0,Pala 1
9,38,5.0,12.0,Pala 1
35,43,5.0,12.0,Pala 1
7,34,5.0,12.0,Pala 1
19,22,5.0,12.0,Pala 1
31,8,5.0,12.0,Pala 2
49,1,5.0,12.0,Pala 2
13,40,5.0,12.0,Pala 1
49,43,5.0,12.0,Pala 1
27,30,5.0,12.0,Pala 1
45,43,5.0,12.0,Pala 2
23,46,5.0,12.0,Pala 1
14,1,5.0,12.0,Pala 2
21,31,5.0,12.0,Pala 1
29,17,5.0,12.0,Pala 2
3,12,5.0,12.0,Pala 1
12,45,5.0,12.0,Pala 1
22,4,5.0,12.0,Pala 2
7,41,5.0,12.0,Pala 1
17,43,5.0,12.0,Pala 1
11,9,5.0,12.0,Pala 1
30,42,5.0,12.0,Pala 1
13,24,5.0,12.0,Pala 1
33,33,5.0,12.0,Pala 1
17,36,5.0,12.0,Pala 1
33,29,5.0,12.0,Pala 1
10,6,5.0,12.0,Pala 2
40,5,5.0,12.0,Pala 2
11,2,5.0,12.0,Pala 2
48,12,5.0,12.0,Pala 2
14,2,5.0,12.0,Pala 2
30,25,5.0,12.0,Pala 1
48,23,5.0,12.0,Pala 2
28,5,5.0,12.0,Pala 2
25,42,5.0,12.0,Pala 1
17,48,5.0,12.0,Pala 1
31,41,5.0,12.0,Pala 1
21,11,5.0,12.0,Pala 2
37,48,5.0,12.0,Pala 1
16,35,5.0,12.0,Pala 1
22,1,5.0,12.0,Pala 2
23,10,5.0,12.0,Pala 2
49,38,5.0,12.0,Pala 2
7,33,5.0,12.0,Pala 1
40,25,5.0,12.0,Pala 2
5,17,5.0,12.0,Pala 1
4,20,5.0,12.0,Pala 1
43,35,5.0,12.0,Pala 1
28,39,5.0,12.0,Pala 1
27,45,5.0,12.0,Pala 1
10,43,5.0,12.0,Pala 1
0,21,5.0,12.0,Pala 1
42,29,5.0,12.0,Pala 2
18,49,5.0,12.0,Pala 1
8,42,5.0,12.0,Pala 1
26,29,5.0,12.0,Pala 1
33,7,5.0,12.0,Pala 2
43,33,5.0,12.0,Pala 2
3,46,5.0,12.0,Pala 1
35,8,5.0,12.0,Pala 2
17,19,5.0,12.0,Pala 1
14,39,5.0,12.0,Pala 1
12,24,5.0,12.0,Pala 1
18,18,5.0,12.0,Pala 1
48,4,5.0,12.0,Pala 2
5,10,5.0,12.0,Pala 1
47,14,5.0,12.0,Pala 2
11,7,5.0,12.0,Pala 1
36,18,5.0,12.0,Pala 2
16,22,5.0,12.0,Pala 1
22,26,5.0,12.0,Pala 1
25,39,5.0,12.0,Pala 1
28,31,5.0,12.0,Pala 1
32,25,5.0,12.0,Pala 1
26,26,5.0,12.0,Pala 1
24,18,5.0,12.0,Pala 2
9,49,5.0,12.0,Pala 1
46,41,5.0,12.0,Pala 2
22,28,5.0,12.0,Pala 1
20,38,5.0,12.0,Pala 1
20,40,5.0,12.0,Pala 1
42,32,5.0,12.0,Pala 2
12,18,5.0,12.0,Pala 1
36,36,5.0,12.0,Pala 2
32,18,5.0,12.0,Pala 2
23,32,5.0,12.0,Pala 1
43,46,5.0,12.0,Pala 1
10,15,5.0,12.0,Pala 1
16,22,5.0,12.0,Pala 1
3,6,5.0,12.0,Pala 1
46,25,5.0,12.0,Pala 2
24,31,5.0,12.0,Pala 1
29,11,5.0,12.0,Pala 2
8,7,5.0,12.0,Pala 1
20,4,5.0,12.0,Pala 2
19,41,5.0,12.0,Pala 1
18,27,5.0,12.0,Pala 1
18,4,5.0,12.0,Pala 2
11,48,5.0,12.0,Pala 1
36,25,5.0,12.0,Pala 2
41,4,5.0,12.0,Pala 2
16,21,5.0,12.0,Pala 1
36,14,5.0,12.0,Pala 2
47,12,5.0,12.0,Pala 2
38,27,5.0,12.0,Pala 2
27,32,5.0,12.0,Pala 1
40,42,5.0,12.0,Pala 1
34,22,5.0,12.0,Pala 2
46,32,5.0,12.0,Pala 2
47,42,5.0,12.0,Pala 2
17,17,5.0,12.0,Pala 1
13,49,5.0,12.0,Pala 1
34,29,5.0,12.0,Pala 2
43,25,5.0,12.0,Pala 2
40,15,5.0,12.0,Pala 2
6,12,5.0,12.0,Pala 1
40,38,5.0,12.0,Pala 2
12,32,5.0,12.0,Pala 1
17,25,5.0,12.0,Pala 1
36,47,5.0,12.0,Pala 1
12,0,5.0,12.0,Pala 2
35,48,5.0,12.0,Pala 1
30,37,5.0,12.0,Pala 1
1,1,5.0,12.0,Pala 1
15,48,5.0,12.0,Pala 1
8,5,5.0,12.0,Pala 1
8,45,5.0,12.0,Pala 1
37,49,5.0,12.0,Pala 1
10,37,5.0,12.0,Pala 1
21,41,5.0,12.0,Pala 1
32,23,5.0,12.0,Pala 2
35,17,5.0,12.0,Pala 2
44,26,5.0,12.0,Pala 2
22,40,5.0,12.0,Pala 1
44,7,5.0,12.0,Pala 2
44,27,5.0,12.0,Pala 2
33,9,5.0,12.0,Pala 2
8,16,5.0,12.0,Pala 1
23,28,5.0,12.0,Pala 1
7,5,5.0,12.0,Pala 1
6,13,5.0,12.0,Pala 1
35,21,5.0,12.0,Pala 2
17,5,5.0,12.0,Pala 2
2,25,5.0,12.0,Pala 1
27,38,5.0,12.0,Pala 1
5,11,5.0,12.0,Pala 1
43,34,5.0,12.0,Pala 2
43,13,5.0,12.0,Pala 2
20,21,5.0,12.0,Pala 1
27,22,5.0,12.0,Pala 2
39,47,5.0,12.0,Pala 1
0,6,5.0,12.0,Pala 1
35,39,5.0,12.0,Pala 1
20,49,5.0,12.0,Pala 1
42,24,5.0,12.0,Pala 2
34,12,5.0,12.0,Pala 2
12,20,5.0,12.0,Pala 1
48,40,5.0,12.0,Pala 2
9,9,5.0,12.0,Pala 1
43,8,5.0,12.0,Pala 2
46,14,5.0,12.0,Pala 2
9,1,5.0,12.0,Pala 2
45,24,5.0,12.0,Pala 2
12,12,5.0,12.0,Pala 1
36,33,5.0,12.0,Pala 1
37,33,5.0,12.0,Pala 1
23,34,5.0,12.0,Pala 1
1,37,5.0,12.0,Pala 1
21,2,5.0,12.0,Pala 2
16,41,5.0,12.0,Pala 1
35,5,5.0,12.0,Pala 2
13,47,5.0,12.0,Pala 1
9,48,5.0,12.0,Pala 1
34,18,5.0,12.0,Pala 2
24,2,5.0,12.0,Pala 2
2,17,5.0,12.0,Pala 1
46,38,5.0,12.0,Pala 2
37,8,5.0,12.0,Pala 2
16,11,5.0,12.0,Pala 2
11,4,5.0,12.0,Pala 2
23,2,5.0,12.0,Pala 2
28,10,5.0,12.0,Pala 2
42,29,5.0,12.0,Pala 2
24,3,5.0,12.0,Pala 2
35,4,5.0,12.0,Pala 2
25,0,5.0,12.0,Pala 2
37,26,5.0,12.0,Pala 2
0,27,5.0,12.0,Pala 1
19,28,5.0,12.0,Pala 1
27,17,5.0,12.0,Pala 2
15,11,5.0,12.0,Pala 2
46,12,5.0,12.0,Pala 2
16,40,5.0,12.0,Pala 1
39,1,5.0,12.0,Pala 2
27,36,5.0,12.0,Pala 1
11,44,5.0,12.0,Pala 1
26,15,5.0,12.0,Pala 2
41,47,5.0,12.0,Pala 1
46,23,5.0,12.0,Pala 2
29,34,5.0,12.0,Pala 1
40,21,5.0,12.0,Pala 2
33,35,5.0,12.0,Pala 1
36,10,5.0,12.0,Pala 2
5,45,5.0,12.0,Pala 1
6,28,5.0,12.0,Pala 1
31,34,5.0,12.0,Pala 1
31,47,5.0,12.0,Pala 1
24,14,5.0,12.0,Pala 2
32,30,5.0,12.0,Pala 2
6,41,5.0,12.0,Pala 1
11,40,5.0,12.0,Pala 1
15,42,5.0,12.0,Pala 1
15,15,5.0,12.0,Pala 2
42,9,5.0,12.0,Pala 2
35,48,5.0,12.0,Pala 1
12,31,5.0,12.0,Pala 1
6,1,5.0,12.0,Pala 2
35,23,5.0,12.0,Pala 2
46,22,5.0,12.0,Pala 2
8,1,5.0,12.0,Pala 2
31,37,5.0,12.0,Pala 1
10,30,5.0,12.0,Pala 1
7,39,5.0,12.0,Pala 1
32,25,5.0,12.0,Pala 1
22,28,5.0,12.0,Pala 1
24,2,5.0,12.0,Pala 2
7,13,5.0,12.0,Pala 1
44,24,5.0,12.0,Pala 2
21,47,5.0,12.0,Pala 1
3,0,5.0,12.0,Pala 2
39,2,5.0,12.0,Pala 2
2,25,5.0,12.0,Pala 1
28,17,5.0,12.0,Pala 2
40,8,5.0,12.0,Pala 2
28,37,5.0,12.0,Pala 1
33,22,5.0,12.0,Pala 2
33,20,5.0,12.0,Pala 2
27,0,5.0,12.0,Pala 2
12,20,5.0,12.0,Pala 1
14,26,5.0,12.0,Pala 1
22,41,5.0,12.0,Pala 1
43,5,5.0,12.0,Pala 2
25,43,5.0,12.0,Pala 1
3,35,5.0,12.0,Pala 1
25,27,5.0,12.0,Pala 1
39,44,5.0,12.0,Pala 1
8,16,5.0,12.0,Pala 1
4,39,5.0,12.0,Pala 1
31,2,5.0,12.0,Pala 2
19,11,5.0,12.0,Pala 2
49,38,5.0,12.0,Pala 2
10,11,5.0,12.0,Pala 1
14,1,5.0,12.0,Pala 2
31,45,5.0,12.0,Pala 1
27,21,5.0,12.0,Pala 2
21,22,5.0,12.0,Pala 1
40,29,5.0,12.0,Pala 2
16,4,5.0,12.0,Pala 2
25,8,5.0,12.0,Pala 2
43,20,5.0,12.0,Pala 2
6,10,5.0,12.0,Pala 1
41,4,5.0,12.0,Pala 2
25,34,5.0,12.0,Pala 1
24,26,5.0,12.0,Pala 1
9,48,5.0,12.0,Pala 1
44,1,5.0,12.0,Pala 2
18,23,5.0,12.0,Pala 1
10,30,5.0,12.0,Pala 1
12,32,5.0,12.0,Pala 1
7,38,5.0,12.0,Pala 1
39,29,5.0,12.0,Pala 2
3,45,5.0,12.0,Pala 1
46,36,5.0,12.0,Pala 1
30,27,5.0,12.0,Pala 2
27,30,5.0,12.0,Pala 1
10,10,5.0,12.0,Pala 1
42,22,5.0,12.0,Pala 2
0,1,5.0,12.0,Pala 1
48,39,5.0,12.0,Pala 2
46,40,5.0,12.0,Pala 1
37,26,5.0,12.0,Pala 2
23,34,5.0,12.0,Pala 1
46,1,5.0,12.0,Pala 2
30,38,5.0,12.0,Pala 1
40,36,5.0,12.0,Pala 2
45,20,5.0,12.0,Pala 2
49,4,5.0,12.0,Pala 2
25,44,5.0,12.0,Pala 1
48,20,5.0,12.0,Pala 2
49,28,5.0,12.0,Pala 2
4,19,5.0,12.0,Pala 1
19,37,5.0,12.0,Pala 1
40,19,5.0,12.0,Pala 2
10,49,5.0,12.0,Pala 1
32,24,5.0,12.0,Pala 2
49,1,5.0,12.0,Pala 2
37,31,5.0,12.0,Pala 1
26,25,5.0,12.0,Pala 1
33,5,5.0,12.0,Pala 2
14,40,5.0,12.0,Pala 1
31,2,5.0,12.0,Pala 2
20,32,5.0,12.0,Pala 1
45,0,5.0,12.0,Pala 2
4,4,5.0,12.0,Pala 1
5,12,5.0,12.0,Pala 1
37,18,5.0,12.0,Pala 2
21,11,5.0,12.0,Pala 2
17,47,5.0,12.0,Pala 1
13,24,5.0,12.0,Pala 1
9,34,5.0,12.0,Pala 1
45,11,5.0,12.0,Pala 2
12,29,5.0,12.0,Pala 1
30,4,5.0,12.0,Pala 2
29,33,5.0,12.0,Pala 1
2,21,5.0,12.0,Pala 1
29,38,5.0,12.0,Pala 1
5,12,5.0,12.0,Pala 1
28,46,5.0,12.0,Pala 1
7,2,5.0,12.0,Pala 2
43,19,5.0,12.0,Pala 2
44,30,5.0,12.0,Pala 2
42,4,5.0,12.0,Pala 2
43,23,5.0,12.0,Pala 2
32,39,5.0,12.0,Pala 1
16,32,5.0,12.0,Pala 1
47,7,5.0,12.0,Pala 2
10,23,5.0,12.0,Pala 1
12,49,5.0,12.0,Pala 1
49,19,5.0,12.0,Pala 2
10,15,5.0,12.0,Pala 1
30,49,5.0,12.0,Pala 1
27,11,5.0,12.0,Pala 2
43,12,5.0,12.0,Pala 2
5,44,5.0,12.0,Pala 1
40,41,5.0,12.0,Pala 1
15,38,5.0,12.0,Pala 1
3,24,5.0,12.0,Pala 1
34,45,5.0,12.0,Pala 1
47,31,5.0,12.0,Pala 2
25,23,5.0,12.0,Pala 1
11,47,5.0,12.0,Pala 1
10,46,5.0,12.0,Pala 1
36,43,5.0,12.0,Pala 1
24,8,5.0,12.0,Pala 2
17,39,5.0,12.0,Pala 1
18,49,5.0,12.0,Pala 1
22,22,5.0,12.0,Pala 1
37,49,5.0,12.0,Pala 1
17,12,5.0,12.0,Pala 1
25,31,5.0,12.0,Pala 1
5,49,5.0,12.0,Pala 1
3,14,5.0,12.0,Pala 1
43,35,5.0,12.0,Pala 2
28,48,5.0,12.0,Pala 1
33,4,5.0,12.0,Pala 2
16,21,5.0,12.0,Pala 1
42,15,5.0,12.0,Pala 2
42,40,5.0,12.0,Pala 2
15,9,5.0,12.0,Pala 2
1,23,5.0,12.0,Pala 1
33,17,5.0,12.0,Pala 2
7,48,5.0,12.0,Pala 1
12,17,5.0,12.0,Pala 1
41,6,5.0,12.0,Pala 2
7,3,5.0,12.0,Pala 2
29,25,5.0,12.0,Pala 1
31,4,5.0,12.0,Pala 2
35,15,5.0,12.0,Pala 2
46,34,5.0,12.0,Pala 2
29,25,5.0,12.0,Pala 2
0,17,5.0,12.0,Pala 1
42,28,5.0,12.0,Pala 2
38,22,5.0,12.0,Pala 2
16,13,5.0,12.0,Pala 2
19,14,5.0,12.0,Pala 1
23,48,5.0,12.0,Pala 1
49,32,5.0,12.0,Pala 2
21,24,5.0,12.0,Pala 1
28,20,5.0,12.0,Pala 2
21,16,5.0,12.0,Pala 1
43,22,5.0,12.0,Pala 2
8,42,5.0,12.0,Pala 1
36,16,5.0,12.0,Pala 2
9,13,5.0,12.0,Pala 1
35,28,5.0,12.0,Pala 2
36,19,5.0,12.0,Pala 2
27,29,5.0,12.0,Pala 1
27,18,5.0,12.0,Pala 2
41,38,5.0,12.0,Pala 2
42,12,5.0,12.0,Pala 2
20,17,5.0,12.0,Pala 1
23,22,5.0,12.0,Pala 2
41,45,5.0,12.0,Pala 1
39,32,5.0,12.0,Pala 1
1,38,5.0,12.0,Pala 1
7,39,5.0,12.0,Pala 1
47,17,5.0,12.0,Pala 2
26,8,5.0,12.0,Pala 2
21,32,5.0,12.0,Pala 1
36,31,5.0,12.0,Pala 2
26,16,5.0,12.0,Pala 2
28,18,5.0,12.0,Pala 2
2,26,5.0,12.0,Pala 1
43,5,5.0,12.0,Pala 2
12,34,5.0,12.0,Pala 1
44,36,5.0,12.0,Pala 2
9,33,5.0,12.0,Pala 1
35,19,5.0,12.0,Pala 2
8,24,5.0,12.0,Pala 1
26,3,5.0,12.0,Pala 2
33,9,5.0,12.0,Pala 2
0,9,5.0,12.0,Pala 1
31,23,5.0,12.0,Pala 2
24,20,5.0,12.0,Pala 1
28,10,5.0,12.0,Pala 2
6,26,5.0,12.0,Pala 1
48,15,5.0,12.0,Pala 2
2,25,5.0,12.0,Pala 1
19,29,5.0,12.0,Pala 1
19,48,5.0,12.0,Pala 1
29,15,5.0,12.0,Pala 2
34,6,5.0,12.0,Pala 2
34,15,5.0,12.0,Pala 2
48,34,5.0,12.0,Pala 2
38,15,5.0,12.0,Pala 2
26,39,5.0,12.0,Pala 1
25,11,5.0,12.0,Pala 2
13,34,5.0,12.0,Pala 1
16,48,5.0,12.0,Pala 1
17,20,5.0,12.0,Pala 1
44,49,5.0,12.0,Pala 1
28,42,5.0,12.0,Pala 1
19,35,5.0,12.0,Pala 1
26,47,5.0,12.0,Pala 1
17,16,5.0,12.0,Pala 2
3,31,5.0,12.0,Pala 1
0,40,5.0,12.0,Pala 1
49,5,5.0,12.0,Pala 2
0,23,5.0,12.0,Pala 1
25,26,5.0,12.0,Pala 1
44,19,5.0,12.0,Pala 2
19,24,5.0,12.0,Pala 1
22,1,5.0,12.0,Pala 2
9,8,5.0,12.0,Pala 1
10,27,5.0,12.0,Pala 1
40,37,5.0,12.0,Pala 2
40,2,5.0,12.0,Pala 2
4,19,5.0,12.0,Pala 1
0,5,5.0,12.0,Pala 1
16,38,5.0,12.0,Pala 1
21,32,5.0,12.0,Pala 1
33,0,5.0,12.0,Pala 2
44,36,5.0,12.0,Pala 2
40,5,5.0,12.0,Pala 2
28,44,5.0,12.0,Pala 1
3,33,5.0,12.0,Pala 1
4,46,5.0,12.0,Pala 1
10,14,5.0,12.0,Pala 1
20,44,5.0,12.0,Pala 1
34,25,5.0,12.0,Pala 1
11,13,5.0,12.0,Pala 1
25,6,5.0,12.0,Pala 2
18,45,5.0,12.0,Pala 1
44,30,5.0,12.0,Pala 2
6,23,5.0,12.0,Pala 1
46,30,5.0,12.0,Pala 2
6,28,5.0,12.0,Pala 1
25,41,5.0,12.0,Pala 1
39,31,5.0,12.0,Pala 2
4,16,5.0,12.0,Pala 1
20,13,5.0,12.0,Pala 2
13,39,5.0,12.0,Pala 1
3,35,5.0,12.0,Pala 1
22,47,5.0,12.0,Pala 1
41,23,5.0,12.0,Pala 2
19,44,5.0,12.0,Pala 1
14,26,5.0,12.0,Pala 1
49,24,5.0,12.0,Pala 2
44,31,5.0,12.0,Pala 2
28,17,5.0,12.0,Pala 2
7,45,5.0,12.0,Pala 1
40,17,5.0,12.0,Pala 2
47,36,5.0,12.0,Pala 2
18,25,5.0,12.0,Pala 1
47,8,5.0,12.0,Pala 2
38,34,5.0,12.0,Pala 2
45,7,5.0,12.0,Pala 2
27,19,5.0,12.0,Pala 2
45,41,5.0,12.0,Pala 2
26,21,5.0,12.0,Pala 2
3,18,5.0,12.0,Pala 1
14,29,5.0,12.0,Pala 1
34,27,5.0,12.0,Pala 2
36,34,5.0,12.0,Pala 1
0,42,5.0,12.0,Pala 1
2,10,5.0,12.0,Pala 1
46,30,5.0,12.0,Pala 2
23,48,5.0,12.0,Pala 1
26,47,5.0,12.0,Pala 1
39,38,5.0,12.0,Pala 1
35,35,5.0,12.0,Pala 1
33,29,5.0,12.0,Pala 1
28,22,5.0,12.0,Pala 2
23,18,5.0,12.0,Pala 2
23,11,5.0,12.0,Pala 2
41,14,5.0,12.0,Pala 2
3,30,5.0,12.0,Pala 1
2,42,5.0,12.0,Pala 1
33,36,5.0,12.0,Pala 1
48,36,5.0,12.0,Pala 2
22,14,5.0,12.0,Pala 2
22,28,5.0,12.0,Pala 1
44,49,5.0,12.0,Pala 1
4,42,5.0,12.0,Pala 1
30,25,5.0,12.0,Pala 2
40,43,5.0,12.0,Pala 1
5,1,5.0,12.0,Pala 2
36,19,5.0,12.0,Pala 2
9,14,5.0,12.0,Pala 1
39,3,5.0,12.0,Pala 2
6,21,5.0,12.0,Pala 1
38,49,5.0,12.0,Pala 1
37,37,5.0,12.0,Pala 1
20,22,5.0,12.0,Pala 1
19,25,5.0,12.0,Pala 1
2,10,5.0,12.0,Pala 1
21,27,5.0,12.0,Pala 1
46,1,5.0,12.0,Pala 2
3,7,5.0,12.0,Pala 1
27,28,5.0,12.0,Pala 1
11,10,5.0,12.0,Pala 1
37,36,5.0,12.0,Pala 2
35,17,5.0,12.0,Pala 2
46,49,5.0,12.0,Pala 1
40,13,5.0,12.0,Pala 2
4,9,5.0,12.0,Pala 1
12,34,5.0,12.0,Pala 1
22,8,5.0,12.0,Pala 2
49,34,5.0,12.0,Pala 2
29,10,5.0,12.0,Pala 2
36,43,5.0,12.0,Pala 1
24,11,5.0,12.0,Pala 2
47,2,5.0,12.0,Pala 2
26,38,5.0,12.0,Pala 1
13,13,5.0,12.0,Pala 1
47,27,5.0,12.0,Pala 2
46,10,5.0,12.0,Pala 2
35,38,5.0,12.0,Pala 1
38,24,5.0,12.0,Pala 2
15,20,5.0,12.0,Pala 1
21,9,5.0,12.0,Pala 2
20,42,5.0,12.0,Pala 1
20,14,5.0,12.0,Pala 2
7,18,5.0,12.0,Pala 1
48,47,5.0,12.0,Pala 1
15,21,5.0,12.0,Pala 1
30,20,5.0,12.0,Pala 2
41,43,5.0,12.0,Pala 1
9,31,5.0,12.0,Pala 1
31,49,5.0,12.0,Pala 1
33,22,5.0,12.0,Pala 2
8,12,5.0,12.0,Pala 1
16,4,5.0,12.0,Pala 2
10,3,5.0,12.0,Pala 2
31,27,5.0,12.0,Pala 1
9,13,5.0,12.0,Pala 1
21,7,5.0,12.0,Pala 2
16,8,5.0,12.0,Pala 1
3,34,5.0,12.0,Pala 1
47,36,5.0,12.0,Pala 2
46,20,5.0,12.0,Pala 2
24,17,5.0,12.0,Pala 1
20,32,5.0,12.0,Pala 1
36,7,5.0,12.0,Pala 2
37,48,5.0,12.0,Pala 1
48,16,5.0,12.0,Pala 2
0,42,5.0,12.0,Pala 1
24,30,5.0,12.0,Pala 1
35,33,5.0,12.0,Pala 2
16,5,5.0,12.0,Pala 2
40,21,5.0,12.0,Pala 2
23,13,5.0,12.0,Pala 2
1,2,5.0,12.0,Pala 2
39,11,5.0,12.0,Pala 2
14,35,5.0,12.0,Pala 1
31,11,5.0,12.0,Pala 2
38,44,5.0,12.0,Pala 1
5,1,5.0,12.0,Pala 2
0,1,5.0,12.0,Pala 1
46,14,5.0,12.0,Pala 2
22,22,5.0,12.0,Pala 1
38,28,5.0,12.0,Pala 2
16,16,5.0,12.0,Pala 1
33,31,5.0,12.0,Pala 2
40,6,5.0,12.0,Pala 2
28,29,5.0,12.0,Pala 1
8,27,5.0,12.0,Pala 1
12,13,5.0,12.0,Pala 1
5,43,5.0,12.0,Pala 1
5,29,5.0,12.0,Pala 1
19,16,5.0,12.0,Pala 1
2,31,5.0,12.0,Pala 1
16,45,5.0,12.0,Pala 1
48,5,5.0,12.0,Pala 2
11,23,5.0,12.0,Pala 1
47,5,5.0,12.0,Pala 2
46,26,5.0,12.0,Pala 2
44,17,5.0,12.0,Pala 2
0,23,5.0,12.0,Pala 1
16,36,5.0,12.0,Pala 1
2,23,5.0,12.0,Pala 1
25,37,5.0,12.0,Pala 1
14,33,5.0,12.0,Pala 1
35,39,5.0,12.0,Pala 1
31,46,5.0,12.0,Pala 1
31,14,5.0,12.0,Pala 2
3,10,5.0,12.0,Pala 1
17,21,5.0,12.0,Pala 1
48,23,5.0,12.0,Pala 2
18,0,5.0,12.0,Pala 2
42,17,5.0,12.0,Pala 2
34,43,5.0,12.0,Pala 1
39,11,5.0,12.0,Pala 2
13,42,5.0,12.0,Pala 1
32,27,5.0,12.0,Pala 1
13,39,5.0,12.0,Pala 1
33,6,5.0,12.0,Pala 2
3,22,5.0,12.0,Pala 1
23,20,5.0,12.0,Pala 2
28,33,5.0,12.0,Pala 1
18,10,5.0,12.0,Pala 2
5,21,5.0,12.0,Pala 1
32,41,5.0,12.0,Pala 1
48,34,5.0,12.0,Pala 2
39,28,5.0,12.0,Pala 2
18,41,5.0,12.0,Pala 1
0,27,5.0,12.0,Pala 1
4,17,5.0,12.0,Pala 1
26,13,5.0,12.0,Pala 2
15,17,5.0,12.0,Pala 2
5,27,5.0,12.0,Pala 1
39,23,5.0,12.0,Pala 2
12,7,5.0,12.0,Pala 2
47,41,5.0,12.0,Pala 1
34,44,5.0,12.0,Pala 1
18,7,5.0,12.0,Pala 2
11,3,5.0,12.0,Pala 2
15,26,5.0,12.0,Pala 1
42,35,5.0,12.0,Pala 2
9,4,5.0,12.0,Pala 2
24,32,5.0,12.0,Pala 1
19,48,5.0,12.0,Pala 1
30,33,5.0,12.0,Pala 1
3,29,5.0,12.0,Pala 1
43,7,5.0,12.0,Pala 2
22,38,5.0,12.0,Pala 1
1,46,5.0,12.0,Pala 1
21,25,5.0,12.0,Pala 1
36,36,5.0,12.0,Pala 2
7,33,5.0,12.0,Pala 1
6,6,5.0,12.0,Pala 1
13,39,5.0,12.0,Pala 1
2,27,5.0,12.0,Pala 1
49,38,5.0,12.0,Pala 2
15,38,5.0,12.0,Pala 1
18,27,5.0,12.0,Pala 1
17,13,5.0,12.0,Pala 2
15,49,5.0,12.0,Pala 1
7,37,5.0,12.0,Pala 1
32,3,5.0,12.0,Pala 2
48,41,5.0,12.0,Pala 2
11,17,5.0,12.0,Pala 1
10,43,5.0,12.0,Pala 1
4,47,5.0,12.0,Pala 1
26,24,5.0,12.0,Pala 2
11,6,5.0,12.0,Pala 2
16,37,5.0,12.0,Pala 1
5,27,5.0,12.0,Pala 1
32,4,5.0,12.0,Pala 2
4,2,5.0,12.0,Pala 1
27,43,5.0,12.0,Pala 1
13,30,5.0,12.0,Pala 1
4,46,5.0,12.0,Pala 1
32,41,5.0,12.0,Pala 1
49,19,5.0,12.0,Pala 2
47,18,5.0,12.0,Pala 2
40,47,5.0,12.0,Pala 1
18,10,5.0,12.0,Pala 2
21,39,5.0,12.0,Pala 1
4,2,5.0,12.0,Pala 1
1,22,5.0,12.0,Pala 1
29,6,5.0,12.0,Pala 2
46,22,5.0,12.0,Pala 2
38,6,5.0,12.0,Pala 2
3,45,5.0,12.0,Pala 1
32,33,5.0,12.0,Pala 1
12,41,5.0,12.0,Pala 1
19,18,5.0,12.0,Pala 1
6,8,5.0,12.0,Pala 1
14,47,5.0,12.0,Pala 1
22,17,5.0,12.0,Pala 2
13,40,5.0,12.0,Pala 1
22,47,5.0,12.0,Pala 1
18,44,5.0,12.0,Pala 1
28,41,5.0,12.0,Pala 1
19,24,5.0,12.0,Pala 1
28,13,5.0,12.0,Pala 2
23,43,5.0,12.0,Pala 1
17,24,5.0,12.0,Pala 1
9,18,5.0,12.0,Pala 1
40,38,5.0,12.0,Pala 1
7,14,5.0,12.0,Pala 1
25,15,5.0,12.0,Pala 2
28,26,5.0,12.0,Pala 2
9,39,5.0,12.0,Pala 1
16,9,5.0,12.0,Pala 2
1,3,5.0,12.0,Pala 1
5,18,5.0,12.0,Pala 1
4,27,5.0,12.0,Pala 1
27,20,5.0,12.0,Pala 2
40,46,5.0,12.0,Pala 1
4,13,5.0,12.0,Pala 1
17,32,5.0,12.0,Pala 1
25,47,5.0,12.0,Pala 1
19,9,5.0,12.0,Pala 2
40,18,5.0,12.0,Pala 2
48,29,5.0,12.0,Pala 2
26,21,5.0,12.0,Pala 2
48,2,5.0,12.0,Pala 2
11,36,5.0,12.0,Pala 1
6,40,5.0,12.0,Pala 1
2,17,5.0,12.0,Pala 1
9,10,5.0,12.0,Pala 1
33,47,5.0,12.0,Pala 1
24,1,5.0,12.0,Pala 2
34,11,5.0,12.0,Pala 2
15,5,5.0,12.0,Pala 2
1,42,5.0,12.0,Pala 1
23,39,5.0,12.0,Pala 1
9,43,5.0,12.0,Pala 1
37,28,5.0,12.0,Pala 2
21,29,5.0,12.0,Pala 1
25,1,5.0,12.0,Pala 2
42,8,5.0,12.0,Pala 2
38,46,5.0,12.0,Pala 1
26,1,5.0,12.0,Pala 2
28,28,5.0,12.0,Pala 1
46,32,5.0,12.0,Pala 2
37,9,5.0,12.0,Pala 2
19,33,5.0,12.0,Pala 1
26,43,5.0,12.0,Pala 1
40,7,5.0,12.0,Pala 2
19,36,5.0,12.0,Pala 1
43,32,5.0,12.0,Pala 2
18,46,5.0,12.0,Pala 1
19,5,5.0,12.0,Pala 2
34,43,5.0,12.0,Pala 1
46,39,5.0,12.0,Pala 1
1,44,5.0,12.0,Pala 1
29,18,5.0,12.0,Pala 2
33,31,5.0,12.0,Pala 2
21,26,5.0,12.0,Pala 1
2,0,5.0,12.0,Pala 1
5,42,5.0,12.0,Pala 1
14,32,5.0,12.0,Pala 1
26,39,5.0,12.0,Pala 1
9,31,5.0,12.0,Pala 1
8,4,5.0,12.0,Pala 1
32,16,5.0,12.0,Pala 2
31,7,5.0,12.0,Pala 2
47,41,5.0,12.0,Pala 2
5,33,5.0,12.0,Pala 1
40,8,5.0,12.0,Pala 2
35,22,5.0,12.0,Pala 2
1,34,5.0,12.0,Pala 1
28,49,5.0,12.0,Pala 1
3,6,5.0,12.0,Pala 1
0,14,5.0,12.0,Pala 1
18,19,5.0,12.0,Pala 2
25,49,5.0,12.0,Pala 1
24,24,5.0,12.0,Pala 2
9,2,5.0,12.0,Pala 2
14,45,5.0,12.0,Pala 1
21,23,5.0,12.0,Pala 1
47,33,5.0,12.0,Pala 2
20,45,5.0,12.0,Pala 1
21,21,5.0,12.0,Pala 1
35,10,5.0,12.0,Pala 2
33,47,5.0,12.0,Pala 1
29,7,5.0,12.0,Pala 2
24,38,5.0,12.0,Pala 1
44,42,5.0,12.0,Pala 2
27,34,5.0,12.0,Pala 1
0,48,5.0,12.0,Pala 1
48,45,5.0,12.0,Pala 2
44,37,5.0,12.0,Pala 2
3,7,5.0,12.0,Pala 1
6,36,5.0,12.0,Pala 1
48,26,5.0,12.0,Pala 2
8,27,5.0,12.0,Pala 1
35,39,5.0,12.0,Pala 1
18,33,5.0,12.0,Pala 1
0,31,5.0,12.0,Pala 1
9,14,5.0,12.0,Pala 1
35,43,5.0,12.0,Pala 1
8,16,5.0,12.0,Pala 1
44,32,5.0,12.0,Pala 2
45,46,5.0,12.0,Pala 1
41,45,5.0,12.0,Pala 1
31,15,5.0,12.0,Pala 2
31,28,5.0,12.0,Pala 1
5,8,5.0,12.0,Pala 1
47,32,5.0,12.0,Pala 2
37,48,5.0,12.0,Pala 1
16,28,5.0,12.0,Pala 1
9,12,5.0,12.0,Pala 1
49,20,5.0,12.0,Pala 2
26,20,5.0,12.0,Pala 1
49,4,5.0,12.0,Pala 2
34,9,5.0,12.0,Pala 2
20,5,5.0,12.0,Pala 2
24,12,5.0,12.0,Pala 2
27,0,5.0,12.0,Pala 2
46,19,5.0,12.0,Pala 2
14,46,5.0,12.0,Pala 1
3,45,5.0,12.0,Pala 1
28,7,5.0,12.0,Pala 2
8,9,5.0,12.0,Pala 1
26,8,5.0,12.0,Pala 2
25,48,5.0,12.0,Pala 1
18,40,5.0,12.0,Pala 1
27,2,5.0,12.0,Pala 2
16,10,5.0,12.0,Pala 2
42,11,5.0,12.0,Pala 2
40,9,5.0,12.0,Pala 2
41,24,5.0,12.0,Pala 2
49,48,5.0,12.0,Pala 1
19,48,5.0,12.0,Pala 1
44,24,5.0,12.0,Pala 2
39,10,5.0,12.0,Pala 2
38,35,5.0,12.0,Pala 1
48,38,5.0,12.0,Pala 2
22,25,5.0,12.0,Pala 1
46,13,5.0,12.0,Pala 2
31,38,5.0,12.0,Pala 1
46,39,5.0,12.0,Pala 2
32,0,5.0,12.0,Pala 2
45,3,5.0,12.0,Pala 2
4,29,5.0,12.0,Pala 1
42,11,5.0,12.0,Pala 2
47,34,5.0,12.0,Pala 2
33,12,5.0,12.0,Pala 2
39,30,5.0,12.0,Pala 2
10,37,5.0,12.0,Pala 1
49,42,5.0,12.0,Pala 2
2,22,5.0,12.0,Pala 1
32,3,5.0,12.0,Pala 2
10,15,5.0,12.0,Pala 1
15,6,5.0,12.0,Pala 2
17,21,5.0,12.0,Pala 1
29,28,5.0,12.0,Pala 1
47,10,5.0,12.0,Pala 2
9,32,5.0,12.0,Pala 1
17,28,5.0,12.0,Pala 1
37,38,5.0,12.0,Pala 1
18,11,5.0,12.0,Pala 1
35,6,5.0,12.0,Pala 2
12,38,5.0,12.0,Pala 1
45,41,5.0,12.0,Pala 1
2,47,5.0,12.0,Pala 1
9,25,5.0,12.0,Pala 1
37,39,5.0,12.0,Pala 1
0,8,5.0,12.0,Pala 1
26,40,5.0,12.0,Pala 1
45,33,5.0,12.0,Pala 2
7,44,5.0,12.0,Pala 1
45,12,5.0,12.0,Pala 2
41,35,5.0,12.0,Pala 2
16,24,5.0,12.0,Pala 1
8,23,5.0,12.0,Pala 1
5,43,5.0,12.0,Pala 1
42,16,5.0,12.0,Pala 2
24,1,5.0,12.0,Pala 2
38,12,5.0,12.0,Pala 2
48,30,5.0,12.0,Pala 2
27,28,5.0,12.0,Pala 1
32,49,5.0,12.0,Pala 1
36,27,5.0,12.0,Pala 2
8,26,5.0,12.0,Pala 1
17,14,5.0,12.0,Pala 2
20,30,5.0,12.0,Pala 1
1,39,5.0,12.0,Pala 1
42,14,5.0,12.0,Pala 2
37,32,5.0,12.0,Pala 2
39,19,5.0,12.0,Pala 2
35,41,5.0,12.0,Pala 1
49,11,5.0,12.0,Pala 2
42,36,5.0,12.0,Pala 2
36,8,5.0,12.0,Pala 2
14,22,5.0,12.0,Pala 1
27,7,5.0,12.0,Pala 2
17,31,5.0,12.0,Pala 1
33,47,5.0,12.0,Pala 1
21,13,5.0,12.0,Pala 2
10,26,5.0,12.0,Pala 1
12,24,5.0,12.0,Pala 1
3,12,5.0,12.0,Pala 1
21,20,5.0,12.0,Pala 1
6,44,5.0,12.0,Pala 1
42,30,5.0,12.0,Pala 2
23,36,5.0,12.0,Pala 1
3,47,5.0,12.0,Pala 1
27,42,5.0,12.0,Pala 1
14,4,5.0,12.0,Pala 2
0,12,5.0,12.0,Pala 1
2,27,5.0,12.0,Pala 1
13,42,5.0,12.0,Pala 1
37,24,5.0,12.0,Pala 2
49,34,5.0,12.0,Pala 2
0,46,5.0,12.0,Pala 1
37,38,5.0,12.0,Pala 2
37,6,5.0,12.0,Pala 2
20,37,5.0,12.0,Pala 1
47,31,5.0,12.0,Pala 2
28,2,5.0,12.0,Pala 2
4,44,5.0,12.0,Pala 1
48,38,5.0,12.0,Pala 2
9,36,5.0,12.0,Pala 1
27,49,5.0,12.0,Pala 1
20,21,5.0,12.0,Pala 1
49,7,5.0,12.0,Pala 2
6,16,5.0,12.0,Pala 1
2,26,5.0,12.0,Pala 1
44,32,5.0,12.0,Pala 2
46,45,5.0,12.0,Pala 1
19,16,5.0,12.0,Pala 2
18,41,5.0,12.0,Pala 1
34,11,5.0,12.0,Pala 2
3,47,5.0,12.0,Pala 1
4,45,5.0,12.0,Pala 1
0,26,5.0,12.0,Pala 1
3,47,5.0,12.0,Pala 1
11,7,5.0,12.0,Pala 2
26,22,5.0,12.0,Pala 1
41,41,5.0,12.0,Pala 1
22,48,5.0,12.0,Pala 1
24,28,5.0,12.0,Pala 1
20,49,5.0,12.0,Pala 1
23,19,5.0,12.0,Pala 2
24,15,5.0,12.0,Pala 2
44,16,5.0,12.0,Pala 2
45,15,5.0,12.0,Pala 2
31,18,5.0,12.0,Pala 2
31,7,5.0,12.0,Pala 2
4,37,5.0,12.0,Pala 1
35,37,5.0,12.0,Pala 1
45,28,5.0,12.0,Pala 2
41,40,5.0,12.0,Pala 1
48,35,5.0,12.0,Pala 2
41,25,5.0,12.0,Pala 2
38,30,5.0,12.0,Pala 1
15,43,5.0,12.0,Pala 1
32,11,5.0,12.0,Pala 2
48,16,5.0,12.0,Pala 2
20,14,5.0,12.0,Pala 2
8,8,5.0,12.0,Pala 1
5,38,5.0,12.0,Pala 1
44,41,5.0,12.0,Pala 2
34,47,5.0,12.0,Pala 1
38,11,5.0,12.0,Pala 2
21,31,5.0,12.0,Pala 1
40,24,5.0,12.0,Pala 2
4,38,5.0,12.0,Pala 1
41,17,5.0,12.0,Pala 2
22,14,5.0,12.0,Pala 2
16,31,5.0,12.0,Pala 1
11,5,5.0,12.0,Pala 2
22,43,5.0,12.0,Pala 1
15,42,5.0,12.0,Pala 1
2,34,5.0,12.0,Pala 1
29,33,5.0,12.0,Pala 1
21,37,5.0,12.0,Pala 1
8,4,5.0,12.0,Pala 2
28,17,5.0,12.0,Pala 2
46,15,5.0,12.0,Pala 2
36,7,5.0,12.0,Pala 2
22,24,5.0,12.0,Pala 1
12,31,5.0,12.0,Pala 1
31,25,5.0,12.0,Pala 2
45,21,5.0,12.0,Pala 2
46,30,5.0,12.0,Pala 2
47,42,5.0,12.0,Pala 2
22,9,5.0,12.0,Pala 2
