cola_p1,cola_p2,dist_p1,dist_p2,clima_severidad,desgaste_motor,pendiente_p1,pendiente_p2,tiempo_giro_p1,tiempo_giro_p2,decision_optima,eta_minutos
38,11,5.0,12.0,0.4550110323069573,0.6263023324067365,18.0,5.0,37,124,Pala 2,57.5
28,27,5.0,12.0,0.1496367215089267,0.8190574556693498,18.0,5.0,163,59,Pala 1,96.4
14,5,5.0,12.0,0.44972730832378194,0.8875800485895678,18.0,5.0,154,121,Pala 2,42.6
42,19,5.0,12.0,0.27849200335738666,0.25947564957181846,18.0,5.0,157,113,Pala 2,77.9
7,4,5.0,12.0,0.9431631278533492,0.8494115879493195,18.0,5.0,82,44,Pala 2,36.8
20,22,5.0,12.0,0.8840701094157313,0.1947937836376018,18.0,5.0,148,172,Pala 1,72.0
38,8,5.0,12.0,0.08390254182819801,0.41334226414881536,18.0,5.0,120,82,Pala 2,45.8
18,28,5.0,12.0,0.5166534892612429,0.5582596312485993,18.0,5.0,92,52,Pala 1,68.6
22,15,5.0,12.0,0.22505834551467208,0.7138909630740324,18.0,5.0,163,99,Pala 2,70.3
10,45,5.0,12.0,0.4107770895242906,0.030141317722528038,18.0,5.0,136,138,Pala 1,46.9
10,21,5.0,12.0,0.8768479982514564,0.290509412778189,18.0,5.0,31,173,Pala 1,48.0
23,7,5.0,12.0,0.5275145198885448,0.6085190982103903,18.0,5.0,45,116,Pala 2,47.7
35,19,5.0,12.0,0.33421529337075984,0.35736867914911874,18.0,5.0,131,36,Pala 2,78.2
39,13,5.0,12.0,0.20788835410499706,0.7750250556294934,18.0,5.0,148,68,Pala 2,60.0
23,38,5.0,12.0,0.8003248594064892,0.6516521611507162,18.0,5.0,88,133,Pala 1,85.5
2,36,5.0,12.0,0.6245180153643471,0.23440145372373578,18.0,5.0,38,79,Pala 1,25.3
21,49,5.0,12.0,0.4680654604262312,0.14592897959233309,18.0,5.0,146,77,Pala 1,69.0
1,33,5.0,12.0,0.21748435386297804,0.6290469935870504,18.0,5.0,39,78,Pala 1,19.6
23,10,5.0,12.0,0.3342463741571313,0.4504673277047577,18.0,5.0,123,111,Pala 2,55.0
43,39,5.0,12.0,0.9598434267385185,0.1689570411013186,18.0,5.0,36,92,Pala 2,127.5
29,32,5.0,12.0,0.5200899376058343,0.32637420531837735,18.0,5.0,122,159,Pala 1,90.9
37,30,5.0,12.0,0.40069928124325294,0.3030467483185866,18.0,5.0,177,141,Pala 2,105.0
1,43,5.0,12.0,0.5214220423483239,0.1081319723393751,18.0,5.0,152,125,Pala 1,21.8
20,33,5.0,12.0,0.7789885058996087,0.5469090192652281,18.0,5.0,92,150,Pala 1,78.0
32,49,5.0,12.0,0.3401089365028688,0.7636486339125541,18.0,5.0,33,47,Pala 1,104.8
11,6,5.0,12.0,0.17870612093260885,0.575466888852987,18.0,5.0,57,117,Pala 2,43.2
21,48,5.0,12.0,0.5849361183390478,0.8262913649373523,18.0,5.0,101,97,Pala 1,82.7
43,22,5.0,12.0,0.6652041034810672,0.12756854721543132,18.0,5.0,159,89,Pala 2,84.8
24,45,5.0,12.0,0.7127180029585496,0.4356118578222239,18.0,5.0,104,159,Pala 1,84.7
48,6,5.0,12.0,0.8819875907661296,0.6094151036580991,18.0,5.0,102,123,Pala 2,47.3
26,24,5.0,12.0,0.37117412068911304,0.6760015609419073,18.0,5.0,131,78,Pala 2,87.2
41,2,5.0,12.0,0.0753548962288918,0.695786306423427,18.0,5.0,158,109,Pala 2,30.8
27,37,5.0,12.0,0.9583485836309422,0.728965427097881,18.0,5.0,96,156,Pala 1,100.5
15,19,5.0,12.0,0.4350119274374752,0.6514298121960167,18.0,5.0,57,82,Pala 1,61.2
14,33,5.0,12.0,0.6232575096731313,0.09422808894086765,18.0,5.0,121,93,Pala 1,56.5
46,48,5.0,12.0,0.6663053231282923,0.6953056776022964,18.0,5.0,111,62,Pala 1,146.1
43,43,5.0,12.0,0.5465137087012035,0.7247826567743876,18.0,5.0,80,87,Pala 1,128.8
2,43,5.0,12.0,0.2052575297362701,0.9934799343336271,18.0,5.0,85,79,Pala 1,27.7
36,29,5.0,12.0,0.7551430501161415,0.693362436701126,18.0,5.0,102,93,Pala 2,101.8
6,16,5.0,12.0,0.8037519743040816,0.6868303957515489,18.0,5.0,55,160,Pala 1,42.5
20,9,5.0,12.0,0.5529755860174398,0.514813290181972,18.0,5.0,117,154,Pala 2,54.2
8,34,5.0,12.0,0.48856116058484156,0.8679229085851139,18.0,5.0,81,90,Pala 1,44.1
38,19,5.0,12.0,0.11393818312798532,0.9968347619611583,18.0,5.0,154,153,Pala 2,77.8
17,17,5.0,12.0,0.08395166149978384,0.7790448701974321,18.0,5.0,35,167,Pala 1,63.2
3,44,5.0,12.0,0.3395648455635287,0.6125003778578084,18.0,5.0,146,95,Pala 1,29.6
24,43,5.0,12.0,0.31084615551739325,0.07895482693156819,18.0,5.0,41,59,Pala 1,75.9
13,26,5.0,12.0,0.9536564509632712,0.7267391317296276,18.0,5.0,92,54,Pala 1,65.0
49,48,5.0,12.0,0.7836227424434298,0.7085615685819504,18.0,5.0,65,149,Pala 2,151.1
8,35,5.0,12.0,0.6599242952590599,0.7755681478094317,18.0,5.0,38,117,Pala 1,46.0
25,22,5.0,12.0,0.5176480890176051,0.12455538839948932,18.0,5.0,103,39,Pala 1,79.3
1,31,5.0,12.0,0.16736753072665134,0.6537325001261435,18.0,5.0,96,123,Pala 1,22.4
19,9,5.0,12.0,0.9784566721842839,0.29572390495167467,18.0,5.0,58,155,Pala 2,56.9
27,10,5.0,12.0,0.37504069824021,0.7602712434028337,18.0,5.0,100,128,Pala 2,55.0
46,37,5.0,12.0,0.1069256024472448,0.24037395403146622,18.0,5.0,119,117,Pala 2,120.8
6,5,5.0,12.0,0.4937988957157461,0.6839786768204107,18.0,5.0,37,49,Pala 2,39.2
43,40,5.0,12.0,0.8739980116130832,0.2949929469839797,18.0,5.0,72,146,Pala 2,132.8
7,46,5.0,12.0,0.8872910017773294,0.008994292817431138,18.0,5.0,64,132,Pala 1,45.6
46,33,5.0,12.0,0.010965916056447256,0.6333579119730954,18.0,5.0,139,128,Pala 2,110.1
34,35,5.0,12.0,0.8862957447513997,0.11326908315892237,18.0,5.0,51,152,Pala 1,110.1
13,36,5.0,12.0,0.2714842174998585,0.6592914727882141,18.0,5.0,95,103,Pala 1,56.4
16,16,5.0,12.0,0.038972363968423074,0.9256094483569375,18.0,5.0,131,80,Pala 1,60.2
35,39,5.0,12.0,0.8477902703628744,0.9692459342110903,18.0,5.0,178,108,Pala 1,118.8
49,39,5.0,12.0,0.8638667559882083,0.23592308732761258,18.0,5.0,123,32,Pala 2,129.4
39,11,5.0,12.0,0.59623107984235,0.8092532276506549,18.0,5.0,124,109,Pala 2,57.7
3,20,5.0,12.0,0.5744337572963584,0.3535532768724403,18.0,5.0,70,98,Pala 1,29.0
1,39,5.0,12.0,0.8131202726214194,0.9004570727479824,18.0,5.0,33,50,Pala 1,31.1
5,18,5.0,12.0,0.7863095527102798,0.7874895686293738,18.0,5.0,127,71,Pala 1,40.2
41,2,5.0,12.0,0.8901054734427041,0.07392171664576364,18.0,5.0,39,147,Pala 2,33.8
3,17,5.0,12.0,0.5527474475967035,0.4071369938772773,18.0,5.0,123,50,Pala 1,29.5
28,18,5.0,12.0,0.9676470927328087,0.3373178260096741,18.0,5.0,96,159,Pala 2,78.7
17,46,5.0,12.0,0.9961468309333384,0.785181020723277,18.0,5.0,167,164,Pala 1,77.6
25,5,5.0,12.0,0.11654460999863259,0.4102857106531591,18.0,5.0,102,64,Pala 2,36.3
43,15,5.0,12.0,0.8495437595541221,0.6845883976530838,18.0,5.0,174,59,Pala 2,71.0
33,7,5.0,12.0,0.499822257748589,0.6024352555904404,18.0,5.0,82,84,Pala 2,47.3
9,47,5.0,12.0,0.3875663382998321,0.9756387190976338,18.0,5.0,33,30,Pala 1,46.1
35,17,5.0,12.0,0.613072309882715,0.9377849568016149,18.0,5.0,97,154,Pala 2,74.4
13,47,5.0,12.0,0.055965557262007026,0.4276995147387187,18.0,5.0,142,140,Pala 1,51.8
30,42,5.0,12.0,0.5064611187670799,0.7235782116411493,18.0,5.0,125,158,Pala 1,102.1
47,38,5.0,12.0,0.8708905700266667,0.8294600939812218,18.0,5.0,131,92,Pala 2,126.8
14,48,5.0,12.0,0.2134615161389688,0.8988857538621452,18.0,5.0,168,115,Pala 1,58.1
7,48,5.0,12.0,0.4263898947694251,0.06813426377648368,18.0,5.0,73,106,Pala 1,31.8
13,11,5.0,12.0,0.9394808877148755,0.3020787992734968,18.0,5.0,148,151,Pala 2,57.4
22,44,5.0,12.0,0.4285638378056973,0.3202300409685218,18.0,5.0,139,44,Pala 1,76.3
39,9,5.0,12.0,0.3583676323323983,0.4344459512198786,18.0,5.0,75,156,Pala 2,52.6
20,6,5.0,12.0,0.4405366481233782,0.16926475071541902,18.0,5.0,52,166,Pala 2,42.7
15,45,5.0,12.0,0.5194527665175563,0.4962058799500081,18.0,5.0,135,98,Pala 1,60.6
44,0,5.0,12.0,0.6319913441314688,0.6632143272984561,18.0,5.0,155,88,Pala 2,31.4
17,48,5.0,12.0,0.8006928009167311,0.4973639202167177,18.0,5.0,119,137,Pala 1,71.2
46,35,5.0,12.0,0.45210220576431426,0.6657930951976158,18.0,5.0,127,142,Pala 2,120.4
23,20,5.0,12.0,0.8174809350901403,0.0664416318179003,18.0,5.0,104,136,Pala 2,76.8
25,36,5.0,12.0,0.5337206613520806,0.8759873317074103,18.0,5.0,143,168,Pala 1,87.4
24,23,5.0,12.0,0.33848051036797766,0.9390691921010684,18.0,5.0,149,53,Pala 2,84.6
44,24,5.0,12.0,0.6579508281194142,0.6179074241186486,18.0,5.0,114,101,Pala 2,90.0
40,6,5.0,12.0,0.7177222547434914,0.881390998636897,18.0,5.0,72,140,Pala 2,46.7
28,41,5.0,12.0,0.5580489756294875,0.13144601664821243,18.0,5.0,117,135,Pala 1,93.1
14,16,5.0,12.0,0.05661497313472341,0.7974489200763102,18.0,5.0,172,179,Pala 1,57.7
44,28,5.0,12.0,0.1698828751608249,0.11914819347259398,18.0,5.0,159,43,Pala 2,95.9
0,29,5.0,12.0,0.2852977208902282,0.4080102314975367,18.0,5.0,162,34,Pala 1,22.6
24,6,5.0,12.0,0.2826256059514931,0.32381853455827503,18.0,5.0,133,156,Pala 2,44.5
6,32,5.0,12.0,0.6734208002468706,0.5855918252204543,18.0,5.0,122,46,Pala 1,40.1
8,6,5.0,12.0,0.018348661673632582,0.30151453523953353,18.0,5.0,70,111,Pala 1,34.1
23,23,5.0,12.0,0.7556817770495199,0.6373136296671327,18.0,5.0,61,100,Pala 1,85.1
0,10,5.0,12.0,0.2653424748069332,0.36738728915195784,18.0,5.0,135,119,Pala 1,17.9
43,8,5.0,12.0,0.3100218462161024,0.8607903810304645,18.0,5.0,31,108,Pala 2,49.7
7,11,5.0,12.0,0.5279098279439243,0.6338838402196115,18.0,5.0,39,122,Pala 1,41.5
23,34,5.0,12.0,0.21592560093895752,0.21529829732144612,18.0,5.0,148,94,Pala 1,71.5
10,3,5.0,12.0,0.8844713135755276,0.33612942202808704,18.0,5.0,130,161,Pala 2,35.0
16,35,5.0,12.0,0.08536877932656528,0.8474208876266558,18.0,5.0,139,38,Pala 1,62.5
7,27,5.0,12.0,0.44438236230106487,0.3864797499874585,18.0,5.0,96,65,Pala 1,39.3
34,12,5.0,12.0,0.84942226945489,0.5357990655656452,18.0,5.0,52,151,Pala 2,58.5
34,22,5.0,12.0,0.6158438944212358,0.6489419359523327,18.0,5.0,127,117,Pala 2,82.9
32,18,5.0,12.0,0.29232951584263345,0.34780964958591676,18.0,5.0,126,150,Pala 2,76.1
4,41,5.0,12.0,0.4207602077764607,0.2939786307580683,18.0,5.0,35,175,Pala 1,29.7
41,36,5.0,12.0,0.7066943803425146,0.4752549026080286,18.0,5.0,42,172,Pala 2,121.1
38,38,5.0,12.0,0.9732607433638993,0.2148809720927891,18.0,5.0,50,49,Pala 1,120.6
40,23,5.0,12.0,0.8931387183794335,0.2842105869190634,18.0,5.0,87,87,Pala 2,85.2
27,15,5.0,12.0,0.3424328083823768,0.062078484032036085,18.0,5.0,149,69,Pala 2,63.0
6,32,5.0,12.0,0.9981978792878575,0.30397027597100545,18.0,5.0,149,95,Pala 1,47.5
8,11,5.0,12.0,0.003504663531058272,0.3207040933635693,18.0,5.0,165,118,Pala 1,33.2
7,33,5.0,12.0,0.02762975580841509,0.9618331662913197,18.0,5.0,106,170,Pala 1,35.1
11,6,5.0,12.0,0.8238405151711938,0.5897288254658801,18.0,5.0,127,42,Pala 2,40.9
33,10,5.0,12.0,0.19946268683305202,0.7873824254158056,18.0,5.0,87,91,Pala 2,53.2
32,30,5.0,12.0,0.06076926839624086,0.04537725278032245,18.0,5.0,115,75,Pala 1,92.7
47,28,5.0,12.0,0.23714807323650222,0.10653669360837192,18.0,5.0,30,172,Pala 2,98.7
22,12,5.0,12.0,0.4261001539808602,0.8145369608625923,18.0,5.0,106,122,Pala 2,56.8
23,30,5.0,12.0,0.7305662704334048,0.6235495494176357,18.0,5.0,39,52,Pala 1,84.4
36,1,5.0,12.0,0.6243355265512055,0.1909820305402029,18.0,5.0,98,130,Pala 2,35.1
34,38,5.0,12.0,0.23762121756042043,0.40479540586173823,18.0,5.0,177,96,Pala 1,104.8
43,14,5.0,12.0,0.5032704481005844,0.5386724999816228,18.0,5.0,91,143,Pala 2,64.1
39,10,5.0,12.0,0.9262141053985687,0.8436098291374418,18.0,5.0,42,95,Pala 2,53.6
21,33,5.0,12.0,0.8150077769837577,0.06041199169449418,18.0,5.0,39,79,Pala 1,76.9
26,38,5.0,12.0,0.3231897848317934,0.5967222893673624,18.0,5.0,32,170,Pala 1,87.3
34,3,5.0,12.0,0.9822645613556963,0.7170359215866839,18.0,5.0,63,31,Pala 2,39.7
0,10,5.0,12.0,0.708620400435131,0.9778918579104594,18.0,5.0,63,63,Pala 1,32.0
34,28,5.0,12.0,0.06244935566678178,0.8071600782921844,18.0,5.0,114,69,Pala 2,98.9
36,1,5.0,12.0,0.03516071328863868,0.2762273135652734,18.0,5.0,87,98,Pala 2,27.2
46,15,5.0,12.0,0.16840794901002998,0.7095791938782651,18.0,5.0,134,106,Pala 2,64.2
13,38,5.0,12.0,0.7278558680501468,0.7632778849269771,18.0,5.0,38,57,Pala 1,60.0
2,12,5.0,12.0,0.1837389258424279,0.7297354999183951,18.0,5.0,70,142,Pala 1,27.7
0,36,5.0,12.0,0.5114867692088335,0.82014406795187,18.0,5.0,54,85,Pala 1,28.1
4,16,5.0,12.0,0.09326012018083174,0.9037299762136376,18.0,5.0,65,141,Pala 1,29.6
25,20,5.0,12.0,0.9208861578301951,0.09842986898934025,18.0,5.0,37,55,Pala 2,76.6
13,43,5.0,12.0,0.34396061358356755,0.10476385768111884,18.0,5.0,155,44,Pala 1,51.8
38,18,5.0,12.0,0.9081320565606308,0.796399988770646,18.0,5.0,143,79,Pala 2,73.5
26,6,5.0,12.0,0.9448756419105443,0.2523724765214709,18.0,5.0,134,163,Pala 2,46.6
8,37,5.0,12.0,0.006128647313680791,0.05854142195007794,18.0,5.0,122,97,Pala 1,33.1
14,7,5.0,12.0,0.46413518719873204,0.4012291809806058,18.0,5.0,118,161,Pala 2,46.9
14,12,5.0,12.0,0.024656055706892888,0.8198769118260781,18.0,5.0,67,106,Pala 1,53.3
25,36,5.0,12.0,0.9086927663029059,0.12656502381398038,18.0,5.0,121,38,Pala 1,89.8
41,1,5.0,12.0,0.5184075447345758,0.6718419718044675,18.0,5.0,148,43,Pala 2,30.2
12,40,5.0,12.0,0.07494401269849682,0.0036158617715676966,18.0,5.0,130,69,Pala 1,41.9
31,10,5.0,12.0,0.11027672827656687,0.10973744721244993,18.0,5.0,142,160,Pala 2,53.3
38,23,5.0,12.0,0.38350902449273905,0.35085034576848684,18.0,5.0,57,62,Pala 2,86.4
48,5,5.0,12.0,0.9402341928728895,0.08360228102441403,18.0,5.0,128,108,Pala 2,42.1
31,25,5.0,12.0,0.6929091515680809,0.8459016674371129,18.0,5.0,165,89,Pala 2,94.5
3,6,5.0,12.0,0.8676188661891324,0.8640705031454688,18.0,5.0,70,93,Pala 1,38.5
29,38,5.0,12.0,0.36645664633997965,0.7555707030995242,18.0,5.0,147,91,Pala 1,99.1
36,18,5.0,12.0,0.04321369954999832,0.24247963139561746,18.0,5.0,52,108,Pala 2,71.1
22,5,5.0,12.0,0.9743176372044141,0.5232470752399798,18.0,5.0,52,164,Pala 2,46.1
38,42,5.0,12.0,0.017172990662369547,0.1841885255233714,18.0,5.0,61,105,Pala 1,109.5
44,28,5.0,12.0,0.947651653081089,0.2812784500731108,18.0,5.0,167,79,Pala 2,100.0
14,42,5.0,12.0,0.3686774238491447,0.5160052921737911,18.0,5.0,110,68,Pala 1,59.6
42,38,5.0,12.0,0.010090405021881521,0.7350138084607978,18.0,5.0,128,134,Pala 1,122.6
28,1,5.0,12.0,0.6891572317245083,0.09465438039363916,18.0,5.0,92,99,Pala 2,33.5
35,18,5.0,12.0,0.9805403040313542,0.29669669762808615,18.0,5.0,65,55,Pala 2,73.0
12,3,5.0,12.0,0.9656257228375925,0.9266213485719222,18.0,5.0,122,87,Pala 2,38.9
31,5,5.0,12.0,0.16093701120241843,0.42912331778188817,18.0,5.0,75,102,Pala 2,40.4
6,48,5.0,12.0,0.18124780606615498,0.9388696739093144,18.0,5.0,56,81,Pala 1,36.2
21,36,5.0,12.0,0.5655389146196601,0.9914005415521356,18.0,5.0,105,173,Pala 1,84.0
27,27,5.0,12.0,0.6373048264283244,0.5266598261114159,18.0,5.0,130,77,Pala 1,93.5
1,29,5.0,12.0,0.7394179136658656,0.28804400978485056,18.0,5.0,38,56,Pala 1,28.0
41,6,5.0,12.0,0.1810503604721475,0.790776808572579,18.0,5.0,158,129,Pala 2,46.7
44,8,5.0,12.0,0.9590070867644345,0.15931073552501496,18.0,5.0,85,51,Pala 2,52.6
5,24,5.0,12.0,0.6387392562892379,0.2520468596720705,18.0,5.0,116,71,Pala 1,37.1
27,32,5.0,12.0,0.8470469188705548,0.7848799094992822,18.0,5.0,47,138,Pala 1,97.5
27,0,5.0,12.0,0.5400657152841718,0.4336459247320299,18.0,5.0,71,62,Pala 2,28.4
43,5,5.0,12.0,0.4142768475898826,0.20153793698766675,18.0,5.0,140,138,Pala 2,40.5
43,17,5.0,12.0,0.977182906594996,0.6511257449523244,18.0,5.0,102,167,Pala 2,75.3
19,9,5.0,12.0,0.5821213708198361,0.7327618613816829,18.0,5.0,94,76,Pala 2,52.4
29,27,5.0,12.0,0.8668735827991789,0.12507123945056908,18.0,5.0,162,125,Pala 1,99.1
10,10,5.0,12.0,0.9532923963662899,0.27698025997493414,18.0,5.0,39,154,Pala 1,51.7
27,32,5.0,12.0,0.6753546270086592,0.22127675537223324,18.0,5.0,89,108,Pala 1,88.1
24,0,5.0,12.0,0.548938678518675,0.37985462876245213,18.0,5.0,101,68,Pala 2,28.1
38,12,5.0,12.0,0.0035108509106506203,0.7634448955760644,18.0,5.0,81,151,Pala 2,57.7
32,36,5.0,12.0,0.04001964073900599,0.7137081022743242,18.0,5.0,91,75,Pala 1,96.8
0,19,5.0,12.0,0.20085121605111633,0.662523910383704,18.0,5.0,146,101,Pala 1,19.6
26,0,5.0,12.0,0.18600843185599525,0.0062855458685912025,18.0,5.0,154,80,Pala 2,24.9
12,2,5.0,12.0,0.25475879519984534,0.14214331338038944,18.0,5.0,89,54,Pala 2,30.7
40,17,5.0,12.0,0.3049346376976608,0.22329754910206678,18.0,5.0,115,111,Pala 2,68.2
2,40,5.0,12.0,0.36006549355072826,0.2719558460388496,18.0,5.0,172,172,Pala 1,24.9
38,13,5.0,12.0,0.42053769006887654,0.1464265416489,18.0,5.0,124,87,Pala 2,59.6
5,30,5.0,12.0,0.09886633845601467,0.41031555147388965,18.0,5.0,36,55,Pala 1,27.2
7,26,5.0,12.0,0.04236193195278204,0.07518058501402591,18.0,5.0,68,70,Pala 1,33.7
26,16,5.0,12.0,0.6739444490730234,0.7500221903877807,18.0,5.0,36,73,Pala 2,70.3
8,45,5.0,12.0,0.5373348248430777,0.787720787296105,18.0,5.0,169,114,Pala 1,46.6
36,28,5.0,12.0,0.44414420222011963,0.5742666896008981,18.0,5.0,43,51,Pala 2,97.4
32,35,5.0,12.0,0.6344399411683523,0.08970487704196783,18.0,5.0,63,139,Pala 1,95.7
41,36,5.0,12.0,0.8276794072035405,0.890083169546758,18.0,5.0,151,66,Pala 2,121.3
43,25,5.0,12.0,0.4276929091162046,0.9656358287081145,18.0,5.0,102,147,Pala 2,93.6
23,16,5.0,12.0,0.6411194650519794,0.20236356032178937,18.0,5.0,93,130,Pala 2,68.2
14,21,5.0,12.0,0.9535722238351587,0.7046398194407197,18.0,5.0,126,171,Pala 1,66.6
31,24,5.0,12.0,0.8396244958615607,0.8419386306424858,18.0,5.0,41,33,Pala 2,91.0
31,1,5.0,12.0,0.42600081050240945,0.5398435225427023,18.0,5.0,155,53,Pala 2,32.7
23,21,5.0,12.0,0.644716837814743,0.32332309952674887,18.0,5.0,63,94,Pala 1,80.3
40,4,5.0,12.0,0.17707092191593976,0.47855871508035264,18.0,5.0,56,95,Pala 2,33.2
48,3,5.0,12.0,0.5605221848950899,0.512268750784452,18.0,5.0,179,42,Pala 2,36.5
48,35,5.0,12.0,0.9813282911384428,0.4006370441880279,18.0,5.0,47,56,Pala 2,120.3
11,5,5.0,12.0,0.5183151152025223,0.9298424936337062,18.0,5.0,175,145,Pala 2,44.3
38,20,5.0,12.0,0.9276382991901473,0.743883110942502,18.0,5.0,66,110,Pala 2,83.3
1,12,5.0,12.0,0.4073349205032607,0.24130164225496398,18.0,5.0,164,150,Pala 1,18.9
2,36,5.0,12.0,0.9988448271846312,0.5855571873198685,18.0,5.0,97,138,Pala 1,37.7
48,24,5.0,12.0,0.5792200352275578,0.6886891509311674,18.0,5.0,109,174,Pala 2,91.0
36,25,5.0,12.0,0.042268994235934554,0.14015642170213027,18.0,5.0,115,98,Pala 2,86.5
48,38,5.0,12.0,0.5867547966913881,0.3584257423801488,18.0,5.0,89,86,Pala 2,124.7
16,19,5.0,12.0,0.27457269567959663,0.905548281603916,18.0,5.0,77,101,Pala 1,64.9
48,32,5.0,12.0,0.03248132203589471,0.5671731001852015,18.0,5.0,129,137,Pala 2,108.0
1,13,5.0,12.0,0.8208533046946633,0.21699774606031685,18.0,5.0,113,102,Pala 1,29.8
1,35,5.0,12.0,0.2757296369807559,0.12278479811915077,18.0,5.0,124,47,Pala 1,17.3
27,16,5.0,12.0,0.7965485540464985,0.5182268934748777,18.0,5.0,81,45,Pala 2,65.9
22,20,5.0,12.0,0.28821758295586697,0.5476857230291441,18.0,5.0,106,125,Pala 2,76.7
36,45,5.0,12.0,0.19432635387377428,0.33441445135461234,18.0,5.0,113,69,Pala 1,105.4
31,15,5.0,12.0,0.9739355741044274,0.6304160284191185,18.0,5.0,83,68,Pala 2,68.7
32,45,5.0,12.0,0.36164532775501956,0.06868468621938872,18.0,5.0,179,85,Pala 1,100.0
0,15,5.0,12.0,0.6013762114431604,0.14513969326614062,18.0,5.0,68,146,Pala 1,19.9
18,19,5.0,12.0,0.6099814928144716,0.5462738210112592,18.0,5.0,52,83,Pala 1,69.3
1,28,5.0,12.0,0.5604734821735018,0.061815693844453956,18.0,5.0,77,75,Pala 1,18.4
43,27,5.0,12.0,0.9146957435212146,0.8809087649911006,18.0,5.0,142,72,Pala 2,98.3
25,7,5.0,12.0,0.6744410713668685,0.1421463704565168,18.0,5.0,149,33,Pala 2,41.4
31,23,5.0,12.0,0.4037330041049302,0.6739198740845365,18.0,5.0,156,34,Pala 2,87.1
5,2,5.0,12.0,0.862380384524274,0.3912034417144252,18.0,5.0,70,142,Pala 2,32.3
31,24,5.0,12.0,0.1810628991159644,0.39978774754224844,18.0,5.0,76,87,Pala 2,91.1
3,18,5.0,12.0,0.5442367576104175,0.7648895286111438,18.0,5.0,101,66,Pala 1,34.5
10,32,5.0,12.0,0.9505503719437564,0.49946213417291396,18.0,5.0,86,38,Pala 1,54.8
16,1,5.0,12.0,0.6253976298804127,0.7256554636438663,18.0,5.0,91,44,Pala 2,29.4
37,14,5.0,12.0,0.8169684504748762,0.5051912287527692,18.0,5.0,115,117,Pala 2,66.6
23,21,5.0,12.0,0.6535607255451928,0.5929053414052634,18.0,5.0,86,128,Pala 2,82.5
4,9,5.0,12.0,0.8393708635378904,0.7607146278696642,18.0,5.0,101,134,Pala 1,40.7
33,17,5.0,12.0,0.9444878798452436,0.6073087429212753,18.0,5.0,153,134,Pala 2,74.9
5,21,5.0,12.0,0.2729217275327368,0.6156151093887886,18.0,5.0,46,56,Pala 1,30.5
21,45,5.0,12.0,0.16966108125671886,0.7892195914275945,18.0,5.0,109,112,Pala 1,70.8
10,48,5.0,12.0,0.4839907503325399,0.9490868158193733,18.0,5.0,68,61,Pala 1,50.2
47,26,5.0,12.0,0.7018624268242158,0.37671615393533675,18.0,5.0,172,159,Pala 2,93.7
15,12,5.0,12.0,0.2271912531822161,0.5771171572259512,18.0,5.0,46,47,Pala 1,53.9
32,32,5.0,12.0,0.004101450430167075,0.0862731577335456,18.0,5.0,64,57,Pala 1,92.0
8,4,5.0,12.0,0.34293511583670533,0.3588038805688669,18.0,5.0,62,100,Pala 2,36.0
5,25,5.0,12.0,0.9688593354677885,0.412049225889386,18.0,5.0,175,146,Pala 1,45.2
15,12,5.0,12.0,0.6949674606058467,0.835237316824051,18.0,5.0,140,129,Pala 2,60.9
28,26,5.0,12.0,0.40132544394122394,0.5133924021256768,18.0,5.0,164,117,Pala 1,92.7
2,13,5.0,12.0,0.19257609734684034,0.7310663732984578,18.0,5.0,103,121,Pala 1,26.9
19,23,5.0,12.0,0.356089673754747,0.01900740002567136,18.0,5.0,127,68,Pala 1,65.1
35,2,5.0,12.0,0.16983943330124796,0.4644926696283156,18.0,5.0,47,161,Pala 2,32.8
18,46,5.0,12.0,0.10630582131295141,0.9013176651635842,18.0,5.0,52,81,Pala 1,65.9
25,48,5.0,12.0,0.9067423725725539,0.2243139093057851,18.0,5.0,177,151,Pala 1,93.2
2,29,5.0,12.0,0.9976503383754736,0.03152218530711293,18.0,5.0,60,97,Pala 1,27.6
18,34,5.0,12.0,0.1641144395957903,0.43340873371347644,18.0,5.0,43,86,Pala 1,61.5
19,47,5.0,12.0,0.054522558878279725,0.7044318206475954,18.0,5.0,52,42,Pala 1,67.6
31,13,5.0,12.0,0.32973110714621234,0.4544635068414695,18.0,5.0,31,92,Pala 2,60.6
6,11,5.0,12.0,0.4616591807614153,0.45997831351126583,18.0,5.0,102,100,Pala 1,36.8
40,27,5.0,12.0,0.20482124707585447,0.6698050412383195,18.0,5.0,88,52,Pala 2,92.6
32,43,5.0,12.0,0.30142491179855846,0.254388808283049,18.0,5.0,62,59,Pala 1,98.7
39,28,5.0,12.0,0.2008707356916577,0.7518897916419774,18.0,5.0,169,142,Pala 2,98.0
38,42,5.0,12.0,0.7742605684324513,0.15311353090573343,18.0,5.0,112,164,Pala 1,119.4
17,16,5.0,12.0,0.7125779432472608,0.3957506052859877,18.0,5.0,64,83,Pala 1,63.4
39,39,5.0,12.0,0.6349515157609817,0.656008108470918,18.0,5.0,70,138,Pala 1,127.3
0,48,5.0,12.0,0.38721785707920475,0.8283690072301977,18.0,5.0,139,174,Pala 1,28.8
10,20,5.0,12.0,0.909040941314236,0.7915310711650553,18.0,5.0,170,126,Pala 1,57.0
27,22,5.0,12.0,0.96953254153502,0.7216855993076978,18.0,5.0,68,89,Pala 2,85.5
24,19,5.0,12.0,0.173639312625412,0.35909638353639106,18.0,5.0,145,95,Pala 1,74.7
49,10,5.0,12.0,0.22301264141187804,0.12230431629372385,18.0,5.0,101,170,Pala 2,54.3
22,33,5.0,12.0,0.5256310280003696,0.2168342176929906,18.0,5.0,118,81,Pala 1,73.3
30,9,5.0,12.0,0.09125056928224529,0.864833814576485,18.0,5.0,170,61,Pala 2,51.3
29,9,5.0,12.0,0.4364483988231128,0.8573313701326595,18.0,5.0,85,38,Pala 2,50.9
41,42,5.0,12.0,0.5817912647777101,0.9515608525390158,18.0,5.0,128,46,Pala 1,132.0
34,5,5.0,12.0,0.5220735711373331,0.0759886518955416,18.0,5.0,75,155,Pala 2,42.5
6,35,5.0,12.0,0.33090858307802606,0.5368090852774561,18.0,5.0,129,111,Pala 1,34.4
15,23,5.0,12.0,0.5424458060772068,0.6486830449042336,18.0,5.0,142,69,Pala 1,63.1
25,11,5.0,12.0,0.9588009542588478,0.7106573770668566,18.0,5.0,140,133,Pala 2,59.8
47,42,5.0,12.0,0.20601740429137605,0.6438632350104302,18.0,5.0,103,157,Pala 2,133.1
48,22,5.0,12.0,0.6548313583940036,0.770011389902282,18.0,5.0,98,47,Pala 2,83.4
1,26,5.0,12.0,0.04339669415605185,0.35947157628934157,18.0,5.0,60,170,Pala 1,17.7
0,44,5.0,12.0,0.06641640448143493,0.17943277213548214,18.0,5.0,154,172,Pala 1,15.0
47,36,5.0,12.0,0.551828224223585,0.20458337215043854,18.0,5.0,53,35,Pala 2,117.6
11,5,5.0,12.0,0.10493918032794947,0.011978689470164339,18.0,5.0,61,74,Pala 2,39.1
4,0,5.0,12.0,0.022346788426857334,0.35032187210622234,18.0,5.0,142,127,Pala 1,24.3
36,5,5.0,12.0,0.1715129976480222,0.09174405087997728,18.0,5.0,45,148,Pala 2,41.0
31,49,5.0,12.0,0.5648491709995744,0.3214886927901909,18.0,5.0,137,107,Pala 1,102.0
8,21,5.0,12.0,0.7033409545189324,0.6282100771662478,18.0,5.0,53,77,Pala 1,45.9
40,40,5.0,12.0,0.20247856414138,0.8944780555868199,18.0,5.0,63,140,Pala 1,125.6
34,23,5.0,12.0,0.6682594372081745,0.8396054509905164,18.0,5.0,157,112,Pala 2,89.5
18,24,5.0,12.0,0.18247633109922934,0.2526742119575769,18.0,5.0,81,133,Pala 1,62.7
47,14,5.0,12.0,0.6134574266312571,0.13408314219804696,18.0,5.0,77,103,Pala 2,67.4
15,25,5.0,12.0,0.41195967989579885,0.1930722737967313,18.0,5.0,116,84,Pala 1,56.6
2,7,5.0,12.0,0.6537995093336167,0.9709866519036069,18.0,5.0,148,90,Pala 1,37.5
19,23,5.0,12.0,0.9950527524792473,0.5494744796854908,18.0,5.0,67,31,Pala 1,75.3
23,47,5.0,12.0,0.937816965232562,0.18250222300057484,18.0,5.0,159,145,Pala 1,84.5
32,37,5.0,12.0,0.004281757836103628,0.8407461546868151,18.0,5.0,98,31,Pala 1,104.6
23,5,5.0,12.0,0.8854387643623057,0.3951912443125549,18.0,5.0,111,105,Pala 2,44.6
10,34,5.0,12.0,0.06649079517476653,0.8992221519747273,18.0,5.0,147,39,Pala 1,44.6
48,41,5.0,12.0,0.9530465861598449,0.2606771268344865,18.0,5.0,82,105,Pala 2,135.4
7,0,5.0,12.0,0.2818256790996847,0.39322175880423615,18.0,5.0,79,31,Pala 2,24.4
35,45,5.0,12.0,0.38203483041127095,0.5049477627900846,18.0,5.0,103,150,Pala 1,110.1
37,35,5.0,12.0,0.09163820517572785,0.8926153340890316,18.0,5.0,135,94,Pala 1,116.6
39,11,5.0,12.0,0.1122727583289096,0.8687574316050558,18.0,5.0,79,110,Pala 2,56.3
19,37,5.0,12.0,0.7267405652293196,0.5743550703038779,18.0,5.0,45,114,Pala 1,73.9
34,10,5.0,12.0,0.9443322357482916,0.22177550978089067,18.0,5.0,116,73,Pala 2,53.9
47,11,5.0,12.0,0.6107484949543095,0.4033569717378751,18.0,5.0,123,63,Pala 2,56.3
24,41,5.0,12.0,0.715850015526811,0.9756330653655054,18.0,5.0,99,102,Pala 1,93.2
34,49,5.0,12.0,0.7619697445971535,0.6077732238774021,18.0,5.0,129,135,Pala 1,112.4
24,38,5.0,12.0,0.2628142745529417,0.7810977551241967,18.0,5.0,173,34,Pala 1,84.3
28,6,5.0,12.0,0.045229630920214925,0.4498646953614197,18.0,5.0,57,139,Pala 2,46.9
17,10,5.0,12.0,0.0018727439191685846,0.5320072754668064,18.0,5.0,115,98,Pala 2,54.0
45,35,5.0,12.0,0.35064928295401865,0.4289541122325441,18.0,5.0,147,83,Pala 2,117.1
17,30,5.0,12.0,0.2414642281992161,0.702920998061968,18.0,5.0,40,67,Pala 1,62.1
1,32,5.0,12.0,0.062317725049185646,0.8514710138868774,18.0,5.0,158,166,Pala 1,24.9
34,12,5.0,12.0,0.17952829249366675,0.5073635432245636,18.0,5.0,98,90,Pala 2,57.1
15,17,5.0,12.0,0.1244988982679478,0.4808674586362257,18.0,5.0,134,124,Pala 1,52.6
40,40,5.0,12.0,0.9148783806173704,0.34028646709839694,18.0,5.0,65,50,Pala 2,126.8
35,23,5.0,12.0,0.14026721345916893,0.1770966942940838,18.0,5.0,95,65,Pala 2,84.3
32,8,5.0,12.0,0.5376484639876792,0.9392477228751088,18.0,5.0,163,30,Pala 2,53.1
3,30,5.0,12.0,0.5931059551121646,0.316079718679505,18.0,5.0,154,179,Pala 1,33.8
32,40,5.0,12.0,0.5434894577086338,0.8006914635742854,18.0,5.0,170,172,Pala 1,107.9
13,9,5.0,12.0,0.09905643421598798,0.7153470212874742,18.0,5.0,105,75,Pala 2,49.7
20,1,5.0,12.0,0.3187983617505512,0.7909176002781291,18.0,5.0,175,94,Pala 2,30.1
47,37,5.0,12.0,0.05127033246315327,0.9367681333721024,18.0,5.0,67,35,Pala 2,118.4
19,14,5.0,12.0,0.395669914096316,0.6233707602208972,18.0,5.0,35,110,Pala 2,62.5
7,2,5.0,12.0,0.188598931271592,0.8979503433820446,18.0,5.0,155,177,Pala 2,32.3
6,42,5.0,12.0,0.5616325332843798,0.16769732291229367,18.0,5.0,121,57,Pala 1,36.8
2,30,5.0,12.0,0.6928083938491005,0.6267125759567876,18.0,5.0,57,164,Pala 1,32.7
16,5,5.0,12.0,0.5321198602047065,0.7722756129146127,18.0,5.0,118,78,Pala 2,40.6
32,2,5.0,12.0,0.43423669661139574,0.27164113074417406,18.0,5.0,34,53,Pala 2,34.2
47,10,5.0,12.0,0.3873334208566924,0.740753801291965,18.0,5.0,140,109,Pala 2,53.4
11,14,5.0,12.0,0.8416917680970037,0.7784768291162368,18.0,5.0,137,42,Pala 1,56.4
21,44,5.0,12.0,0.21936806506527007,0.8311879560164448,18.0,5.0,74,121,Pala 1,76.5
21,27,5.0,12.0,0.7342183395288688,0.3128829125959328,18.0,5.0,141,164,Pala 1,78.7
45,9,5.0,12.0,0.757482324740119,0.6816065901683092,18.0,5.0,31,44,Pala 2,54.3
29,37,5.0,12.0,0.4192000072707345,0.3042532834097621,18.0,5.0,119,116,Pala 1,94.9
37,46,5.0,12.0,0.29730059922563934,0.7390403874984554,18.0,5.0,144,153,Pala 1,119.8
37,49,5.0,12.0,0.47054148604597523,0.46297366514571225,18.0,5.0,92,98,Pala 1,114.2
44,49,5.0,12.0,0.0932139258926985,0.59754437452722,18.0,5.0,121,120,Pala 1,128.6
7,6,5.0,12.0,0.04593003222908998,0.4158399814305689,18.0,5.0,99,89,Pala 1,33.6
26,14,5.0,12.0,0.11160319945189179,0.1619829269298243,18.0,5.0,33,39,Pala 2,61.1
26,17,5.0,12.0,0.18714503146222616,0.17802952960536367,18.0,5.0,86,80,Pala 2,69.2
33,17,5.0,12.0,0.504176820338043,0.0775689072621345,18.0,5.0,76,93,Pala 2,71.9
20,40,5.0,12.0,0.8491366361611221,0.6180726797216618,18.0,5.0,175,135,Pala 1,83.4
29,23,5.0,12.0,0.23564233199968698,0.8486383979530593,18.0,5.0,137,85,Pala 2,86.1
32,1,5.0,12.0,0.9351620107467781,0.020836826262080943,18.0,5.0,124,120,Pala 2,26.6
27,39,5.0,12.0,0.9549079089350034,0.0662395020883535,18.0,5.0,73,114,Pala 1,94.2
46,19,5.0,12.0,0.9589046048452052,0.4574669923029103,18.0,5.0,66,136,Pala 2,79.4
32,33,5.0,12.0,0.8375627346763238,0.7377207361681893,18.0,5.0,92,108,Pala 2,110.0
4,42,5.0,12.0,0.3638250407977206,0.1577076447119513,18.0,5.0,41,138,Pala 1,28.1
47,25,5.0,12.0,0.07268391100262306,0.27165131954919386,18.0,5.0,46,131,Pala 2,90.9
18,6,5.0,12.0,0.5688187317664949,0.23200620128180716,18.0,5.0,63,177,Pala 2,46.8
3,37,5.0,12.0,0.5586814439372337,0.3990512186711541,18.0,5.0,161,172,Pala 1,30.1
34,29,5.0,12.0,0.8499757671095955,0.22499867701757115,18.0,5.0,127,58,Pala 2,103.8
48,41,5.0,12.0,0.9959910509461052,0.352598678544753,18.0,5.0,75,99,Pala 2,136.5
16,4,5.0,12.0,0.5081573065601476,0.7285425986619442,18.0,5.0,43,109,Pala 2,40.4
43,10,5.0,12.0,0.34520403103978425,0.6110092484541891,18.0,5.0,42,94,Pala 2,56.9
27,0,5.0,12.0,0.185901711556267,0.0811817053916929,18.0,5.0,78,45,Pala 2,25.0
29,33,5.0,12.0,0.004799824817370735,0.6377456662457177,18.0,5.0,96,83,Pala 1,89.3
28,0,5.0,12.0,0.5091136924888792,0.4770771715592135,18.0,5.0,50,126,Pala 2,24.3
45,18,5.0,12.0,0.5555186667025958,0.9345655747071387,18.0,5.0,80,36,Pala 2,74.9
5,1,5.0,12.0,0.8249384798173974,0.28930431710405324,18.0,5.0,67,89,Pala 2,29.6
34,20,5.0,12.0,0.5045769678928006,0.72616641969916,18.0,5.0,148,39,Pala 2,81.3
40,19,5.0,12.0,0.9164683486660565,0.7308608230445699,18.0,5.0,55,82,Pala 2,80.7
36,22,5.0,12.0,0.6280834765714355,0.22150078100918735,18.0,5.0,35,37,Pala 2,85.9
23,20,5.0,12.0,0.8403362382210832,0.9032236249709361,18.0,5.0,47,155,Pala 2,83.1
28,23,5.0,12.0,0.1483017348077471,0.49118320042960306,18.0,5.0,143,114,Pala 2,85.1
48,3,5.0,12.0,0.8553361303023147,0.6788833668893024,18.0,5.0,163,119,Pala 2,40.1
45,11,5.0,12.0,0.6751438544438484,0.14585555888350454,18.0,5.0,86,66,Pala 2,51.9
30,21,5.0,12.0,0.17023303243833054,0.25780391699196925,18.0,5.0,54,161,Pala 2,78.8
34,19,5.0,12.0,0.18976355814601087,0.5861071179372228,18.0,5.0,77,113,Pala 2,75.7
32,17,5.0,12.0,0.9265006190442213,0.3190272683733495,18.0,5.0,53,133,Pala 2,71.7
20,0,5.0,12.0,0.032215360450372876,0.4996929185709734,18.0,5.0,116,52,Pala 2,24.9
31,29,5.0,12.0,0.4625349432957061,0.37400519937328924,18.0,5.0,74,166,Pala 1,93.9
22,32,5.0,12.0,0.31347528993410156,0.640553796644048,18.0,5.0,72,74,Pala 1,75.5
32,23,5.0,12.0,0.665077439998428,0.4871453627808089,18.0,5.0,101,175,Pala 2,87.9
2,13,5.0,12.0,0.839629387568992,0.004609935973168167,18.0,5.0,99,75,Pala 1,29.5
17,35,5.0,12.0,0.36037812155656956,0.649680837945384,18.0,5.0,62,31,Pala 1,63.5
24,4,5.0,12.0,0.4269020873228372,0.42212155705018173,18.0,5.0,126,46,Pala 2,36.6
41,10,5.0,12.0,0.9819177845014142,0.34169834049022285,18.0,5.0,74,147,Pala 2,56.7
30,23,5.0,12.0,0.7839165096792028,0.09414675228322356,18.0,5.0,36,45,Pala 2,86.7
2,30,5.0,12.0,0.8972041309317914,0.22036969056649147,18.0,5.0,135,139,Pala 1,34.6
39,12,5.0,12.0,0.43876222065162973,0.22377229158085343,18.0,5.0,175,77,Pala 2,60.1
45,15,5.0,12.0,0.23407620398411522,0.935369499404729,18.0,5.0,99,124,Pala 2,66.3
23,23,5.0,12.0,0.4118634653864517,0.4325129747465468,18.0,5.0,74,121,Pala 1,78.2
49,12,5.0,12.0,0.7160919178315135,0.04206584721517004,18.0,5.0,66,135,Pala 2,60.9
31,23,5.0,12.0,0.10943040483597932,0.1388166822433209,18.0,5.0,178,132,Pala 2,80.4
46,25,5.0,12.0,0.27046910561650883,0.07903267573291206,18.0,5.0,168,161,Pala 2,91.6
21,1,5.0,12.0,0.046635900461590385,0.5888693902072113,18.0,5.0,37,30,Pala 2,25.8
22,15,5.0,12.0,0.43234773833813156,0.18662149156682672,18.0,5.0,162,62,Pala 2,61.9
1,37,5.0,12.0,0.8274457359796132,0.49855764028177596,18.0,5.0,37,160,Pala 1,31.5
26,45,5.0,12.0,0.0246636882980108,0.37006206286997556,18.0,5.0,34,130,Pala 1,79.2
41,0,5.0,12.0,0.675323526807166,0.8038763771441993,18.0,5.0,39,74,Pala 2,29.9
1,48,5.0,12.0,0.9324958745137396,0.3204896372653623,18.0,5.0,44,50,Pala 1,26.8
25,10,5.0,12.0,0.23692786151118228,0.4582654823968083,18.0,5.0,85,102,Pala 2,54.0
16,34,5.0,12.0,0.6936348407276481,0.7212855485978258,18.0,5.0,143,86,Pala 1,66.3
39,42,5.0,12.0,0.9751019011002003,0.43335120693063933,18.0,5.0,84,91,Pala 1,127.3
32,28,5.0,12.0,0.9622780601524632,0.7932155360131891,18.0,5.0,160,150,Pala 2,97.6
8,36,5.0,12.0,0.23492919302914328,0.6616843562366649,18.0,5.0,70,53,Pala 1,42.2
42,16,5.0,12.0,0.1003310532120687,0.410529113946716,18.0,5.0,167,167,Pala 2,68.8
47,38,5.0,12.0,0.14828253789591594,0.5039819256863627,18.0,5.0,164,128,Pala 2,123.0
38,41,5.0,12.0,0.7020356684821422,0.9672034558421935,18.0,5.0,144,97,Pala 1,129.1
28,27,5.0,12.0,0.7257588754532756,0.6616114965083923,18.0,5.0,92,86,Pala 2,96.0
41,28,5.0,12.0,0.674236561628199,0.9049952259723248,18.0,5.0,117,104,Pala 2,102.6
25,42,5.0,12.0,0.3360783877422381,0.17875850347106437,18.0,5.0,63,136,Pala 1,80.5
34,2,5.0,12.0,0.16977693975812214,0.4832361562451519,18.0,5.0,151,77,Pala 2,33.8
49,9,5.0,12.0,0.5807610919522531,0.9086616698450506,18.0,5.0,129,106,Pala 2,51.8
24,41,5.0,12.0,0.4836804457578665,0.32261206144141763,18.0,5.0,136,59,Pala 1,83.1
23,13,5.0,12.0,0.7288341471223034,0.9676641981464208,18.0,5.0,91,75,Pala 2,61.7
12,11,5.0,12.0,0.44136007868562144,0.09707749047365744,18.0,5.0,167,169,Pala 1,51.4
6,46,5.0,12.0,0.3386396946864684,0.9026711702750368,18.0,5.0,129,149,Pala 1,37.2
35,41,5.0,12.0,0.2934785773590144,0.4452121220658587,18.0,5.0,83,89,Pala 1,110.0
44,29,5.0,12.0,0.21147032004974653,0.07374416514116067,18.0,5.0,67,176,Pala 2,99.8
19,31,5.0,12.0,0.2657463761866614,0.8795215925860874,18.0,5.0,143,133,Pala 1,71.2
0,31,5.0,12.0,0.09483043884410136,0.25194021240911346,18.0,5.0,54,97,Pala 1,14.8
7,41,5.0,12.0,0.34685701092888954,0.022250125495225204,18.0,5.0,94,147,Pala 1,38.1
45,31,5.0,12.0,0.0365698123629582,0.1358071055691923,18.0,5.0,129,153,Pala 2,104.9
15,25,5.0,12.0,0.1864138471663268,0.6591147418997616,18.0,5.0,172,146,Pala 1,61.9
13,0,5.0,12.0,0.7467704446194291,0.9778114891381948,18.0,5.0,46,36,Pala 2,32.5
11,41,5.0,12.0,0.32546898867662266,0.1114621395835168,18.0,5.0,58,111,Pala 1,46.8
22,1,5.0,12.0,0.6682370169773438,0.461948048124762,18.0,5.0,34,82,Pala 2,30.4
14,16,5.0,12.0,0.7168841755972774,0.1806365509475325,18.0,5.0,40,165,Pala 1,57.4
27,29,5.0,12.0,0.5811853427321135,0.7450365341015921,18.0,5.0,110,179,Pala 1,94.6
33,38,5.0,12.0,0.9586977413653984,0.11805889976181416,18.0,5.0,62,55,Pala 1,105.9
1,6,5.0,12.0,0.021439866623113257,0.23984174848088957,18.0,5.0,78,146,Pala 1,19.9
31,26,5.0,12.0,0.7386526505881421,0.19640596764907137,18.0,5.0,150,110,Pala 2,88.6
22,8,5.0,12.0,0.958786643940408,0.5525197803669779,18.0,5.0,47,70,Pala 2,51.4
21,21,5.0,12.0,0.8622717293529393,0.8731840920006323,18.0,5.0,144,140,Pala 2,83.8
24,33,5.0,12.0,0.16789269180501332,0.5110902011564186,18.0,5.0,34,111,Pala 1,78.7
21,45,5.0,12.0,0.3268203062517321,0.05824345277147125,18.0,5.0,74,99,Pala 1,71.2
21,48,5.0,12.0,0.1724518398764654,0.5633889305968313,18.0,5.0,149,127,Pala 1,72.4
48,0,5.0,12.0,0.6013083638147041,0.7975209993180093,18.0,5.0,157,34,Pala 2,29.8
41,8,5.0,12.0,0.7121879819794923,0.1321561973043227,18.0,5.0,67,151,Pala 2,50.5
5,19,5.0,12.0,0.3170737693630582,0.07271121434459171,18.0,5.0,138,41,Pala 1,30.4
14,18,5.0,12.0,0.5395065739842955,0.18780777755756906,18.0,5.0,125,104,Pala 1,56.4
42,35,5.0,12.0,0.690920570071195,0.7460863228216275,18.0,5.0,123,53,Pala 2,120.7
36,39,5.0,12.0,0.42133981661104836,0.5916804195320016,18.0,5.0,58,144,Pala 1,111.9
32,44,5.0,12.0,0.8540155304554593,0.5405946539617489,18.0,5.0,166,142,Pala 1,107.2
7,3,5.0,12.0,0.7715499352878171,0.24947989463176834,18.0,5.0,52,92,Pala 2,36.9
43,8,5.0,12.0,0.06466554385057066,0.33223659524685945,18.0,5.0,160,167,Pala 2,46.0
43,40,5.0,12.0,0.621125299090829,0.9658850129433423,18.0,5.0,115,162,Pala 2,131.2
4,21,5.0,12.0,0.2353255509597496,0.2406252267293857,18.0,5.0,87,118,Pala 1,23.2
38,17,5.0,12.0,0.5575182646672753,0.9016454232550885,18.0,5.0,40,57,Pala 2,68.4
3,11,5.0,12.0,0.9568884426329662,0.5805315044577366,18.0,5.0,71,74,Pala 1,34.6
5,41,5.0,12.0,0.8790620045522501,0.1232964663712478,18.0,5.0,160,140,Pala 1,42.1
44,42,5.0,12.0,0.4045164031151317,0.467312378155068,18.0,5.0,43,153,Pala 1,131.4
31,38,5.0,12.0,0.2915138583443534,0.9485487173608759,18.0,5.0,75,120,Pala 1,99.9
29,8,5.0,12.0,0.234405744408259,0.4185655981373586,18.0,5.0,176,165,Pala 2,49.8
46,5,5.0,12.0,0.5325148697565201,0.8633865647893623,18.0,5.0,153,56,Pala 2,42.8
34,18,5.0,12.0,0.11424845325805633,0.2564286946517077,18.0,5.0,89,174,Pala 2,72.0
39,47,5.0,12.0,0.5492750081282486,0.570922151800373,18.0,5.0,65,60,Pala 1,121.6
15,46,5.0,12.0,0.0013336394907920157,0.8438520582019737,18.0,5.0,55,34,Pala 1,56.1
12,6,5.0,12.0,0.32384963074584483,0.9206884411696955,18.0,5.0,94,89,Pala 2,41.1
49,15,5.0,12.0,0.21993431383058126,0.4858233671513007,18.0,5.0,159,118,Pala 2,65.2
41,4,5.0,12.0,0.971218789960782,0.639688102145429,18.0,5.0,99,176,Pala 2,41.4
29,15,5.0,12.0,0.727242319569979,0.0029801307823309475,18.0,5.0,155,130,Pala 2,66.6
18,0,5.0,12.0,0.3496533804622377,0.2532233075133896,18.0,5.0,69,71,Pala 2,27.2
16,36,5.0,12.0,0.09284508653062051,0.27871210374694577,18.0,5.0,175,52,Pala 1,57.2
18,38,5.0,12.0,0.516800594690624,0.0934930116544308,18.0,5.0,139,150,Pala 1,65.2
27,18,5.0,12.0,0.2134478813260423,0.27969501335697666,18.0,5.0,127,138,Pala 2,76.6
25,36,5.0,12.0,0.5364295458983578,0.32112203305813913,18.0,5.0,41,106,Pala 1,89.6
36,16,5.0,12.0,0.8353623541788925,0.9687660395681933,18.0,5.0,53,46,Pala 2,72.3
25,25,5.0,12.0,0.6157925521013854,0.6686023805608377,18.0,5.0,61,143,Pala 1,92.2
22,21,5.0,12.0,0.6337884195450022,0.42600507941634425,18.0,5.0,143,87,Pala 1,79.7
8,7,5.0,12.0,0.5410302890628115,0.9880544606955093,18.0,5.0,76,160,Pala 1,45.4
11,32,5.0,12.0,0.9272656326314092,0.1532323202346112,18.0,5.0,64,125,Pala 1,54.8
0,1,5.0,12.0,0.9319026844206033,0.47605119393048456,18.0,5.0,151,74,Pala 1,31.5
0,29,5.0,12.0,0.5127232010735522,0.6470622070490494,18.0,5.0,157,64,Pala 1,26.9
46,46,5.0,12.0,0.3057594871435044,0.05558063448407702,18.0,5.0,166,31,Pala 1,131.9
33,19,5.0,12.0,0.4595870058794439,0.7169988580831188,18.0,5.0,39,76,Pala 2,79.1
31,17,5.0,12.0,0.18655791219561568,0.0998673529219899,18.0,5.0,94,32,Pala 2,68.4
47,42,5.0,12.0,0.6363443153180893,0.14028230859967694,18.0,5.0,127,157,Pala 2,134.8
24,9,5.0,12.0,0.5000923357822332,0.15968951246208407,18.0,5.0,39,49,Pala 2,48.8
39,23,5.0,12.0,0.10330047781327989,0.9288898266555178,18.0,5.0,176,69,Pala 2,83.1
44,3,5.0,12.0,0.19764778111961534,0.6832355451381678,18.0,5.0,138,138,Pala 2,38.5
0,36,5.0,12.0,0.4796319561995268,0.6554275011031041,18.0,5.0,97,94,Pala 1,27.4
15,3,5.0,12.0,0.8875889907188583,0.5554934964649921,18.0,5.0,133,119,Pala 2,41.1
38,12,5.0,12.0,0.5663907206310974,0.2928059986951028,18.0,5.0,34,92,Pala 2,58.8
4,24,5.0,12.0,0.6815350002084708,0.6208897045993514,18.0,5.0,145,85,Pala 1,40.9
21,12,5.0,12.0,0.3390285497439097,0.4101497198886398,18.0,5.0,34,95,Pala 2,54.8
28,17,5.0,12.0,0.5714113930442343,0.14541615009261488,18.0,5.0,89,125,Pala 2,72.2
2,23,5.0,12.0,0.4473798226380674,0.6895972903277331,18.0,5.0,94,145,Pala 1,30.5
11,1,5.0,12.0,0.6591299126231607,0.12958216792992272,18.0,5.0,156,116,Pala 2,25.5
25,47,5.0,12.0,0.05057556607901037,0.19066858102117323,18.0,5.0,57,80,Pala 1,76.6
15,32,5.0,12.0,0.49330021623895914,0.8176993118476059,18.0,5.0,112,41,Pala 1,62.9
36,18,5.0,12.0,0.29599262514396696,0.660117096125154,18.0,5.0,158,73,Pala 2,73.8
21,8,5.0,12.0,0.32618506127790925,0.6309911542136424,18.0,5.0,58,167,Pala 2,50.0
28,27,5.0,12.0,0.9609174315580614,0.41820278434272407,18.0,5.0,93,112,Pala 2,98.9
13,34,5.0,12.0,0.18269481271138277,0.39628051823937116,18.0,5.0,171,119,Pala 1,44.8
27,38,5.0,12.0,0.3112452525785969,0.6902626091854012,18.0,5.0,61,38,Pala 1,90.3
4,9,5.0,12.0,0.5098925757308718,0.7400055386090457,18.0,5.0,38,121,Pala 1,33.2
46,0,5.0,12.0,0.8630269481496237,0.5102132023643106,18.0,5.0,168,154,Pala 2,35.3
48,41,5.0,12.0,0.41667008320637045,0.9692692443485262,18.0,5.0,161,93,Pala 2,132.0
29,20,5.0,12.0,0.743865280888171,0.9556995589188719,18.0,5.0,70,160,Pala 2,81.3
45,8,5.0,12.0,0.8563740982148024,0.41242949001275864,18.0,5.0,54,144,Pala 2,48.2
4,46,5.0,12.0,0.31001635582184894,0.8206222542831536,18.0,5.0,174,152,Pala 1,38.6
11,14,5.0,12.0,0.39275018353870994,0.5432678415984153,18.0,5.0,37,161,Pala 1,48.3
15,34,5.0,12.0,0.35655622368835627,0.5117558875571745,18.0,5.0,87,171,Pala 1,58.3
25,4,5.0,12.0,0.8328558086179211,0.05496406137865184,18.0,5.0,138,131,Pala 2,36.2
25,40,5.0,12.0,0.04434686195360116,0.5739747104683102,18.0,5.0,158,106,Pala 1,82.0
47,21,5.0,12.0,0.30842108882868,0.9005779305631646,18.0,5.0,31,92,Pala 2,81.0
20,40,5.0,12.0,0.6794085575951299,0.7801338491950921,18.0,5.0,39,137,Pala 1,79.9
38,22,5.0,12.0,0.5654434995653427,0.7863171446992621,18.0,5.0,120,177,Pala 2,84.8
35,6,5.0,12.0,0.4362893592936943,0.15992903857633922,18.0,5.0,146,57,Pala 2,43.9
32,22,5.0,12.0,0.5399482272213844,0.35844944713356364,18.0,5.0,170,153,Pala 2,86.8
29,43,5.0,12.0,0.19758458582831828,0.2332049166502358,18.0,5.0,92,171,Pala 1,90.2
36,24,5.0,12.0,0.4307166216080104,0.31591528245563594,18.0,5.0,40,106,Pala 2,87.1
22,26,5.0,12.0,0.5017029841763491,0.5795393434937254,18.0,5.0,171,104,Pala 1,78.9
9,40,5.0,12.0,0.9011891219546017,0.3647838133702479,18.0,5.0,125,131,Pala 1,52.4
4,5,5.0,12.0,0.26083516280397634,0.5606978174642661,18.0,5.0,153,68,Pala 1,26.4
35,33,5.0,12.0,0.8678285021649326,0.43850124827457704,18.0,5.0,122,172,Pala 2,112.2
33,8,5.0,12.0,0.6442414008259819,0.28661555844972764,18.0,5.0,131,102,Pala 2,48.0
30,48,5.0,12.0,0.020340831067600984,0.09540343420515862,18.0,5.0,127,160,Pala 1,88.3
9,32,5.0,12.0,0.7246313368993936,0.8918384573447826,18.0,5.0,55,34,Pala 1,52.2
18,5,5.0,12.0,0.03555187754905509,0.011373366004648666,18.0,5.0,68,121,Pala 2,43.3
31,36,5.0,12.0,0.9973811268138131,0.0016524881419711646,18.0,5.0,121,172,Pala 1,106.5
0,30,5.0,12.0,0.8726366876911978,0.826797739763546,18.0,5.0,174,32,Pala 1,33.9
4,33,5.0,12.0,0.29734374754004567,0.99681094032579,18.0,5.0,137,164,Pala 1,37.5
44,40,5.0,12.0,0.2574112301967054,0.7271028277136562,18.0,5.0,105,123,Pala 2,130.4
3,28,5.0,12.0,0.3814410821056089,0.015273838062884737,18.0,5.0,96,107,Pala 1,26.0
15,13,5.0,12.0,0.35616696531444303,0.22669022666851335,18.0,5.0,151,109,Pala 2,60.4
23,35,5.0,12.0,0.37233781838538105,0.9718227002619613,18.0,5.0,140,144,Pala 1,81.9
15,35,5.0,12.0,0.3182765461194804,0.8086042521738348,18.0,5.0,47,33,Pala 1,59.9
1,14,5.0,12.0,0.6211334068483314,0.566799843804711,18.0,5.0,64,160,Pala 1,25.9
48,7,5.0,12.0,0.16426366372062395,0.23686070944035897,18.0,5.0,47,157,Pala 2,42.6
27,25,5.0,12.0,0.8459812924460132,0.01437020592674898,18.0,5.0,157,38,Pala 1,91.7
31,35,5.0,12.0,0.8124024840313153,0.020861472637409006,18.0,5.0,156,97,Pala 1,96.9
26,47,5.0,12.0,0.47648320785527043,0.6119808635302266,18.0,5.0,113,147,Pala 1,89.3
19,20,5.0,12.0,0.8527299652785476,0.02183187635242312,18.0,5.0,72,117,Pala 1,70.8
23,27,5.0,12.0,0.2471450700302933,0.9936301419253727,18.0,5.0,111,168,Pala 1,83.1
11,3,5.0,12.0,0.017565455703966948,0.1833838334937381,18.0,5.0,56,154,Pala 2,35.8
49,15,5.0,12.0,0.619207925029823,0.7107073618692773,18.0,5.0,77,101,Pala 2,67.6
34,21,5.0,12.0,0.4579094069647154,0.15505972141241342,18.0,5.0,98,159,Pala 2,80.2
32,11,5.0,12.0,0.5671645462958707,0.5400934210977145,18.0,5.0,179,79,Pala 2,56.2
32,15,5.0,12.0,0.899339409018403,0.08061128846621757,18.0,5.0,145,32,Pala 2,65.6
42,39,5.0,12.0,0.9699255735659434,0.7667784245332432,18.0,5.0,153,96,Pala 2,127.3
36,37,5.0,12.0,0.634453139755603,0.5849210947248297,18.0,5.0,45,114,Pala 1,115.0
11,41,5.0,12.0,0.7640555898524384,0.08616669340141503,18.0,5.0,155,144,Pala 1,55.6
2,36,5.0,12.0,0.08380843348716427,0.8485861892000055,18.0,5.0,43,91,Pala 1,24.8
0,28,5.0,12.0,0.16071558489150561,0.547018614776702,18.0,5.0,68,43,Pala 1,15.6
32,17,5.0,12.0,0.7332048049529766,0.921592310013318,18.0,5.0,137,151,Pala 2,74.8
39,9,5.0,12.0,0.43136545638800194,0.9166233736781126,18.0,5.0,41,52,Pala 2,53.5
9,41,5.0,12.0,0.4459652704044057,0.9205077894865824,18.0,5.0,126,152,Pala 1,52.0
42,38,5.0,12.0,0.3086076816354366,0.07778520020046797,18.0,5.0,84,106,Pala 1,118.5
43,17,5.0,12.0,0.6073563834777438,0.12095776175452344,18.0,5.0,163,45,Pala 2,68.9
28,0,5.0,12.0,0.1851650454162026,0.9877058097161979,18.0,5.0,69,175,Pala 2,30.8
12,38,5.0,12.0,0.6269162793138956,0.487600821398706,18.0,5.0,120,42,Pala 1,53.6
11,20,5.0,12.0,0.17379885713523968,0.23821405282914765,18.0,5.0,42,154,Pala 1,42.8
30,0,5.0,12.0,0.0638260347097136,0.769664488498658,18.0,5.0,98,85,Pala 2,25.4
45,14,5.0,12.0,0.330357688699061,0.264285221212482,18.0,5.0,125,69,Pala 2,59.8
1,3,5.0,12.0,0.23114034200984768,0.7272156880186423,18.0,5.0,40,132,Pala 1,24.5
49,19,5.0,12.0,0.8889916385563323,0.8372857778497611,18.0,5.0,147,133,Pala 2,80.4
34,9,5.0,12.0,0.0549534538686266,0.7842633772952806,18.0,5.0,90,61,Pala 2,50.8
22,22,5.0,12.0,0.17661369257412285,0.2740478081979354,18.0,5.0,65,158,Pala 1,69.5
16,40,5.0,12.0,0.5487196055830494,0.40161857407923707,18.0,5.0,167,64,Pala 1,64.2
25,33,5.0,12.0,0.4810671908474736,0.41325100323327635,18.0,5.0,158,65,Pala 1,85.2
7,45,5.0,12.0,0.04585201837470154,0.4912729181044718,18.0,5.0,92,121,Pala 1,36.5
28,47,5.0,12.0,0.007252428015144474,0.16737285154013604,18.0,5.0,169,95,Pala 1,84.3
25,32,5.0,12.0,0.9880679419611499,0.4524700504143424,18.0,5.0,34,58,Pala 1,90.0
9,33,5.0,12.0,0.6588347003588382,0.5107829905154797,18.0,5.0,107,72,Pala 1,49.3
25,38,5.0,12.0,0.3654061309015568,0.5317089965810524,18.0,5.0,65,48,Pala 1,83.6
33,9,5.0,12.0,0.4704322476632413,0.8199004299844582,18.0,5.0,174,150,Pala 2,51.1
40,19,5.0,12.0,0.26655012045428694,0.5173344984794952,18.0,5.0,179,127,Pala 2,74.2
6,0,5.0,12.0,0.34487378369320976,0.2307839225136752,18.0,5.0,42,60,Pala 2,25.2
3,12,5.0,12.0,0.649044467268214,0.6631287382441872,18.0,5.0,92,130,Pala 1,36.0
49,0,5.0,12.0,0.8828117988673707,0.7973141440866252,18.0,5.0,40,48,Pala 2,30.1
44,4,5.0,12.0,0.18413002308118487,0.31937166643826176,18.0,5.0,98,58,Pala 2,35.1
10,15,5.0,12.0,0.8403615053853187,0.6453059290176052,18.0,5.0,131,102,Pala 1,54.9
28,14,5.0,12.0,0.12155662951826907,0.14693799594601265,18.0,5.0,61,164,Pala 2,63.3
35,48,5.0,12.0,0.2149922235883912,0.34192630457806406,18.0,5.0,39,105,Pala 1,101.2
24,27,5.0,12.0,0.03717528804964598,0.9092239295496342,18.0,5.0,137,111,Pala 1,81.4
20,30,5.0,12.0,0.14081186209299945,0.9113081631625708,18.0,5.0,83,79,Pala 1,71.8
35,22,5.0,12.0,0.9173031454640506,0.5753245787430636,18.0,5.0,111,178,Pala 2,87.6
9,47,5.0,12.0,0.4594387466183786,0.7023514608651067,18.0,5.0,116,166,Pala 1,48.1
36,44,5.0,12.0,0.07766586177835355,0.8540154152059414,18.0,5.0,111,63,Pala 1,113.3
8,42,5.0,12.0,0.9597268380389613,0.9585531853126267,18.0,5.0,64,76,Pala 1,52.3
23,16,5.0,12.0,0.8789923077586501,0.48988644028976946,18.0,5.0,96,53,Pala 2,69.6
34,48,5.0,12.0,0.7546825208681412,0.5615757366260343,18.0,5.0,94,109,Pala 1,113.5
48,33,5.0,12.0,0.9334727919475578,0.41564156664783025,18.0,5.0,46,57,Pala 2,108.3
34,12,5.0,12.0,0.22012942083576414,0.07198193705642875,18.0,5.0,71,80,Pala 2,57.8
47,13,5.0,12.0,0.8363692930100863,0.42280347244881844,18.0,5.0,150,140,Pala 2,64.3
35,10,5.0,12.0,0.6899911963543062,0.7906273393830772,18.0,5.0,150,35,Pala 2,55.5
17,27,5.0,12.0,0.8697592495676884,0.8048854979915286,18.0,5.0,168,147,Pala 1,74.1
48,41,5.0,12.0,0.7969115657426298,0.8923771145932997,18.0,5.0,107,82,Pala 2,132.3
38,31,5.0,12.0,0.346495063176825,0.051466705175969074,18.0,5.0,57,89,Pala 2,104.2
31,34,5.0,12.0,0.7743985370172556,0.5271545895806339,18.0,5.0,68,40,Pala 1,105.1
23,30,5.0,12.0,0.2624563029848903,0.10742448793707626,18.0,5.0,129,33,Pala 1,73.5
22,16,5.0,12.0,0.32859216302805483,0.20074218316574333,18.0,5.0,40,43,Pala 2,64.6
31,46,5.0,12.0,0.10790571722297615,0.9002165023806065,18.0,5.0,144,170,Pala 1,103.3
36,8,5.0,12.0,0.9350766159804688,0.49679125842969585,18.0,5.0,146,172,Pala 2,51.9
11,9,5.0,12.0,0.29100336340028155,0.7585449208966136,18.0,5.0,161,142,Pala 2,49.6
48,7,5.0,12.0,0.5206224651714518,0.06438410592868082,18.0,5.0,93,37,Pala 2,42.5
12,20,5.0,12.0,0.39133283646619266,0.416826503924852,18.0,5.0,112,117,Pala 1,49.1
22,12,5.0,12.0,0.9599281205835015,0.6742402806643377,18.0,5.0,31,40,Pala 2,61.5
24,49,5.0,12.0,0.3350491709384824,0.1334064812782133,18.0,5.0,72,141,Pala 1,76.5
34,4,5.0,12.0,0.778545821422689,0.32581787910568316,18.0,5.0,70,128,Pala 2,42.0
40,5,5.0,12.0,0.85541615463118,0.06454780502388324,18.0,5.0,89,52,Pala 2,41.1
29,29,5.0,12.0,0.4356064974809659,0.6513399408695104,18.0,5.0,141,138,Pala 1,99.6
16,30,5.0,12.0,0.37817181445293124,0.9708912590581186,18.0,5.0,69,36,Pala 1,62.6
48,16,5.0,12.0,0.747745820932628,0.8270454911428297,18.0,5.0,88,98,Pala 2,69.9
19,10,5.0,12.0,0.9128959803062341,0.9746231168075656,18.0,5.0,74,160,Pala 2,53.7
47,19,5.0,12.0,0.7549317330722383,0.8456047950983965,18.0,5.0,71,123,Pala 2,79.6
24,47,5.0,12.0,0.2271263655918656,0.8551958061969787,18.0,5.0,148,151,Pala 1,81.1
21,8,5.0,12.0,0.8883077474377054,0.5771771953713426,18.0,5.0,178,73,Pala 2,53.5
12,1,5.0,12.0,0.3875816674368331,0.5182523114132099,18.0,5.0,160,80,Pala 2,30.4
18,36,5.0,12.0,0.5762294117779343,0.4062542664278276,18.0,5.0,168,90,Pala 1,67.7
48,0,5.0,12.0,0.831435619292711,0.81809489504588,18.0,5.0,53,80,Pala 2,31.3
35,3,5.0,12.0,0.1883947674004922,0.1820676122780246,18.0,5.0,79,49,Pala 2,33.3
11,35,5.0,12.0,0.7845101356775531,0.0562249158241932,18.0,5.0,117,59,Pala 1,51.6
40,24,5.0,12.0,0.5961627979106775,0.947893822684675,18.0,5.0,50,150,Pala 2,93.7
18,2,5.0,12.0,0.8933416418276082,0.003778185203477058,18.0,5.0,161,73,Pala 2,34.4
11,8,5.0,12.0,0.17197040184354295,0.9768293218758518,18.0,5.0,154,115,Pala 1,46.7
8,21,5.0,12.0,0.42068223704092844,0.7288533698737658,18.0,5.0,72,178,Pala 1,46.1
6,22,5.0,12.0,0.8328430928668374,0.32849891969782763,18.0,5.0,52,141,Pala 1,41.2
27,11,5.0,12.0,0.019231703456760174,0.6978198430863103,18.0,5.0,50,168,Pala 2,54.8
13,9,5.0,12.0,0.11220136676564285,0.8178751571851274,18.0,5.0,172,39,Pala 2,48.4
30,33,5.0,12.0,0.9905652127567347,0.2453620559864359,18.0,5.0,87,64,Pala 1,104.9
18,42,5.0,12.0,0.28039417859035054,0.7708956832795819,18.0,5.0,55,152,Pala 1,69.0
46,9,5.0,12.0,0.9755431937239534,0.8043696250082402,18.0,5.0,88,143,Pala 2,56.2
15,29,5.0,12.0,0.1825315510086739,0.24935463012534542,18.0,5.0,119,161,Pala 1,52.0
4,21,5.0,12.0,0.3610944430073356,0.04192635437798353,18.0,5.0,74,103,Pala 1,28.5
34,5,5.0,12.0,0.7528694445035706,0.20412228455809767,18.0,5.0,123,68,Pala 2,41.0
11,49,5.0,12.0,0.6577784072381785,0.20064640888939445,18.0,5.0,139,123,Pala 1,49.4
24,1,5.0,12.0,0.5811223999290556,0.06524045417548319,18.0,5.0,93,96,Pala 2,29.5
20,29,5.0,12.0,0.5298991758050076,0.7260073846551959,18.0,5.0,113,118,Pala 1,76.3
35,1,5.0,12.0,0.8434404436647402,0.3799749244584082,18.0,5.0,106,131,Pala 2,34.1
22,31,5.0,12.0,0.23494856283339272,0.8843861674538583,18.0,5.0,56,135,Pala 1,81.1
15,41,5.0,12.0,0.4424709269935184,0.25217110566518597,18.0,5.0,116,65,Pala 1,55.6
38,15,5.0,12.0,0.15545229215645728,0.45323216509992736,18.0,5.0,41,33,Pala 2,67.1
44,11,5.0,12.0,0.5959415957307044,0.6390174289267628,18.0,5.0,131,103,Pala 2,58.7
41,0,5.0,12.0,0.2505444242713202,0.877464949671778,18.0,5.0,74,42,Pala 2,28.6
38,7,5.0,12.0,0.3338420643433858,0.5246211016193748,18.0,5.0,157,99,Pala 2,46.8
13,47,5.0,12.0,0.47125071662352813,0.3735246278123828,18.0,5.0,61,36,Pala 1,52.2
30,49,5.0,12.0,0.026770585703127847,0.8670150784720089,18.0,5.0,83,151,Pala 1,96.0
4,12,5.0,12.0,0.09193793592083765,0.31024642468761054,18.0,5.0,142,66,Pala 1,27.4
34,14,5.0,12.0,0.6859292207082196,0.07942369963257645,18.0,5.0,144,172,Pala 2,65.5
22,43,5.0,12.0,0.42896998071750725,0.44504210751024,18.0,5.0,61,59,Pala 1,76.1
28,7,5.0,12.0,0.8647902219998954,0.7850933064979919,18.0,5.0,172,133,Pala 2,48.0
42,9,5.0,12.0,0.6946720036441995,0.030780831753523086,18.0,5.0,133,103,Pala 2,53.9
10,45,5.0,12.0,0.008100941647322446,0.5858822449895921,18.0,5.0,84,41,Pala 1,42.6
17,4,5.0,12.0,0.6167123307671348,0.5944640485272361,18.0,5.0,70,110,Pala 2,35.9
46,49,5.0,12.0,0.09372486605971642,0.9285417634273816,18.0,5.0,156,141,Pala 1,139.5
11,18,5.0,12.0,0.7809331797904943,0.2864648171450218,18.0,5.0,69,59,Pala 1,50.4
8,46,5.0,12.0,0.991507688278502,0.2788366132106962,18.0,5.0,101,158,Pala 1,49.1
9,37,5.0,12.0,0.5311987942415115,0.44048365133967815,18.0,5.0,143,65,Pala 1,47.2
43,10,5.0,12.0,0.6827795001941304,0.35691490147151517,18.0,5.0,67,152,Pala 2,52.1
16,42,5.0,12.0,0.23731416089475155,0.7363458626893268,18.0,5.0,85,117,Pala 1,64.3
37,19,5.0,12.0,0.43759774375379357,0.6417520771315496,18.0,5.0,63,50,Pala 2,78.6
6,19,5.0,12.0,0.8560953322363837,0.7589210379062663,18.0,5.0,158,135,Pala 1,48.9
45,20,5.0,12.0,0.16742294774625122,0.8200417911986891,18.0,5.0,39,61,Pala 2,77.8
12,17,5.0,12.0,0.2655356056137621,0.9229811327341477,18.0,5.0,45,92,Pala 1,49.9
39,49,5.0,12.0,0.4454336752860302,0.43093673178464764,18.0,5.0,43,170,Pala 1,118.1
41,9,5.0,12.0,0.712248891844014,0.9846973894715495,18.0,5.0,119,73,Pala 2,53.2
8,33,5.0,12.0,0.3758839547956738,0.21566081340365273,18.0,5.0,47,178,Pala 1,39.8
49,25,5.0,12.0,0.9277322797830039,0.7143651619473286,18.0,5.0,113,175,Pala 2,94.6
26,29,5.0,12.0,0.09445705126871917,0.5340093173071893,18.0,5.0,85,75,Pala 1,83.5
1,8,5.0,12.0,0.3708041975448475,0.8169005946848834,18.0,5.0,119,34,Pala 1,27.4
4,45,5.0,12.0,0.7089541234284219,0.476770520606426,18.0,5.0,58,162,Pala 1,38.1
28,30,5.0,12.0,0.22598676566149245,0.7839386353624312,18.0,5.0,51,60,Pala 1,91.9
36,41,5.0,12.0,0.656413134229673,0.930168714647678,18.0,5.0,40,106,Pala 1,118.6
37,3,5.0,12.0,0.16421695822734594,0.7322942661400873,18.0,5.0,70,104,Pala 2,36.7
18,5,5.0,12.0,0.05598028486168638,0.7760942862183243,18.0,5.0,168,156,Pala 2,42.6
7,13,5.0,12.0,0.12101571674864886,0.06717543126585612,18.0,5.0,81,42,Pala 1,32.2
47,3,5.0,12.0,0.9299847831341347,0.20495766223228062,18.0,5.0,96,151,Pala 2,40.1
44,25,5.0,12.0,0.5517508829395513,0.9743037405035937,18.0,5.0,114,175,Pala 2,94.6
0,46,5.0,12.0,0.796345775479649,0.6931870037873944,18.0,5.0,104,131,Pala 1,30.5
21,47,5.0,12.0,0.3326545009050512,0.5614490173110046,18.0,5.0,165,146,Pala 1,75.0
16,38,5.0,12.0,0.5926586478854466,0.36697637339645006,18.0,5.0,152,113,Pala 1,63.8
6,16,5.0,12.0,0.4949521337049916,0.04438900120691791,18.0,5.0,35,40,Pala 1,33.3
24,18,5.0,12.0,0.945737959402294,0.369135907964135,18.0,5.0,110,80,Pala 2,74.8
44,48,5.0,12.0,0.7475746360541103,0.4989128732895759,18.0,5.0,42,88,Pala 1,136.6
3,5,5.0,12.0,0.730542631496579,0.21145950938688673,18.0,5.0,35,113,Pala 1,30.8
35,28,5.0,12.0,0.04635326943427953,0.17313679127383252,18.0,5.0,150,134,Pala 2,95.6
5,10,5.0,12.0,0.5496696690036911,0.5084165513575168,18.0,5.0,74,42,Pala 1,33.5
30,15,5.0,12.0,0.46699145390181485,0.5859042356275439,18.0,5.0,135,76,Pala 2,67.0
18,29,5.0,12.0,0.9278422666061945,0.23991791885452485,18.0,5.0,55,117,Pala 1,72.3
43,24,5.0,12.0,0.25734198818953224,0.587389474456213,18.0,5.0,33,92,Pala 2,89.7
38,39,5.0,12.0,0.2698334532910943,0.9003399638742949,18.0,5.0,66,174,Pala 1,120.0
26,10,5.0,12.0,0.4113462488815004,0.4731732580213538,18.0,5.0,50,98,Pala 2,52.6
9,6,5.0,12.0,0.24336971340637603,0.8573901695871814,18.0,5.0,57,83,Pala 2,45.8
25,25,5.0,12.0,0.1291839178087495,0.9272714445333184,18.0,5.0,61,171,Pala 1,83.3
18,21,5.0,12.0,0.8574148466508008,0.0923940289370857,18.0,5.0,132,44,Pala 1,69.7
38,24,5.0,12.0,0.5582765244039158,0.09581157965679699,18.0,5.0,55,167,Pala 2,90.9
2,18,5.0,12.0,0.8613627189565668,0.4760441828876014,18.0,5.0,174,179,Pala 1,37.0
44,30,5.0,12.0,0.8311347654036959,0.5881024443177026,18.0,5.0,145,124,Pala 2,105.9
12,25,5.0,12.0,0.2820423547896711,0.4258834644650292,18.0,5.0,122,42,Pala 1,48.2
49,41,5.0,12.0,0.547737444324274,0.32645077041750303,18.0,5.0,59,110,Pala 2,132.3
27,40,5.0,12.0,0.08321770274007045,0.6409941161261559,18.0,5.0,150,94,Pala 1,83.9
19,35,5.0,12.0,0.9152518840307584,0.002081512349920267,18.0,5.0,34,171,Pala 1,71.7
27,22,5.0,12.0,0.4042627150651531,0.9680732808637424,18.0,5.0,147,73,Pala 2,85.2
7,46,5.0,12.0,0.39367618388902137,0.23207908818802214,18.0,5.0,35,146,Pala 1,36.2
40,12,5.0,12.0,0.3027553706179532,0.9170987685830071,18.0,5.0,135,56,Pala 2,58.1
38,24,5.0,12.0,0.4606637447107038,0.10901474453450599,18.0,5.0,153,86,Pala 2,86.0
0,1,5.0,12.0,0.25175938654544805,0.23808718204457258,18.0,5.0,167,51,Pala 1,18.2
2,1,5.0,12.0,0.37485227279680455,0.23487370108750039,18.0,5.0,99,63,Pala 1,26.8
12,15,5.0,12.0,0.7999470485848819,0.9961529042006462,18.0,5.0,167,166,Pala 2,64.6
27,8,5.0,12.0,0.8342555035851719,0.00460054572588442,18.0,5.0,135,79,Pala 2,46.9
48,27,5.0,12.0,0.30418247762851613,0.6396382093034958,18.0,5.0,73,83,Pala 2,95.3
24,12,5.0,12.0,0.4690144305527879,0.8696865810608528,18.0,5.0,85,129,Pala 2,60.2
32,34,5.0,12.0,0.8738197762800523,0.6722736540247367,18.0,5.0,161,91,Pala 1,109.9
37,40,5.0,12.0,0.052673331829697134,0.36273381821694417,18.0,5.0,42,113,Pala 1,107.0
5,12,5.0,12.0,0.8891449619957854,0.9583093627029349,18.0,5.0,151,56,Pala 1,47.1
43,30,5.0,12.0,0.2191843456523317,0.893520754589041,18.0,5.0,48,154,Pala 2,103.7
44,20,5.0,12.0,0.6785392442143758,0.43395492024951776,18.0,5.0,119,93,Pala 2,75.0
31,31,5.0,12.0,0.5825516963846002,0.5733284926111635,18.0,5.0,38,160,Pala 1,100.6
44,33,5.0,12.0,0.5529407481892521,0.9675191878052407,18.0,5.0,75,156,Pala 2,113.7
46,7,5.0,12.0,0.8593602247528214,0.9825603619264701,18.0,5.0,85,40,Pala 2,45.8
20,40,5.0,12.0,0.10157214364466127,0.4498232757179522,18.0,5.0,103,53,Pala 1,68.7
15,47,5.0,12.0,0.34702802532563604,0.8473500281430886,18.0,5.0,69,58,Pala 1,60.3
20,1,5.0,12.0,0.5382527463447656,0.30198022695393634,18.0,5.0,96,37,Pala 2,32.8
10,37,5.0,12.0,0.8112888539460398,0.3718128729306647,18.0,5.0,142,48,Pala 1,51.8
36,31,5.0,12.0,0.2164430834116715,0.16482188299022626,18.0,5.0,112,97,Pala 2,106.8
35,39,5.0,12.0,0.8029298413742763,0.2091845927767303,18.0,5.0,91,128,Pala 1,113.8
34,27,5.0,12.0,0.39963848249393574,0.6568733022593589,18.0,5.0,163,153,Pala 2,96.4
18,36,5.0,12.0,0.1889138564336954,0.5107816180070809,18.0,5.0,58,77,Pala 1,58.9
19,40,5.0,12.0,0.7589864404434826,0.23113186062560287,18.0,5.0,48,131,Pala 1,70.7
17,0,5.0,12.0,0.09089890147454782,0.40290961636165257,18.0,5.0,143,173,Pala 2,30.4
46,40,5.0,12.0,0.5147673740754429,0.37318345986368173,18.0,5.0,137,93,Pala 2,132.3
40,9,5.0,12.0,0.06387578386188841,0.9873602045353342,18.0,5.0,172,37,Pala 2,51.5
48,3,5.0,12.0,0.35641785515778757,0.8535658372113794,18.0,5.0,86,138,Pala 2,35.6
13,34,5.0,12.0,0.6010767990063927,0.38796633338382425,18.0,5.0,67,162,Pala 1,56.8
14,9,5.0,12.0,0.5561155414872131,0.9139165788960331,18.0,5.0,50,152,Pala 2,54.1
30,46,5.0,12.0,0.4046554179046665,0.34263539162817114,18.0,5.0,80,82,Pala 1,95.2
0,10,5.0,12.0,0.4290479939721157,0.6679015127348594,18.0,5.0,49,78,Pala 1,23.7
2,13,5.0,12.0,0.22676955335076654,0.9666499966821125,18.0,5.0,31,101,Pala 1,29.0
15,37,5.0,12.0,0.4558825884241029,0.39027886398855227,18.0,5.0,61,178,Pala 1,60.8
22,11,5.0,12.0,0.9532548557208342,0.6798849651049338,18.0,5.0,140,80,Pala 2,60.6
10,44,5.0,12.0,0.8504529177837904,0.2959238110626332,18.0,5.0,121,38,Pala 1,51.7
11,16,5.0,12.0,0.1452328690763438,0.26631231559797464,18.0,5.0,161,93,Pala 1,46.1
9,15,5.0,12.0,0.02978078732092093,0.5741566664315519,18.0,5.0,36,52,Pala 1,39.1
31,34,5.0,12.0,0.9335243127166306,0.9792645980332182,18.0,5.0,32,165,Pala 1,113.8
15,1,5.0,12.0,0.5267497498807476,0.45313384872016993,18.0,5.0,54,83,Pala 2,28.1
7,10,5.0,12.0,0.5378378231493077,0.9376369703165807,18.0,5.0,141,121,Pala 1,47.0
37,40,5.0,12.0,0.7807179957065223,0.9143635202447616,18.0,5.0,38,44,Pala 1,121.1
11,2,5.0,12.0,0.31468897387132655,0.25376261234499475,18.0,5.0,55,81,Pala 2,31.7
23,28,5.0,12.0,0.48190756883600216,0.4018194070843274,18.0,5.0,93,33,Pala 1,79.5
27,17,5.0,12.0,0.9686629131467376,0.6433024784941831,18.0,5.0,47,130,Pala 2,74.7
7,19,5.0,12.0,0.6721486869324071,0.5180458844113917,18.0,5.0,120,178,Pala 1,44.0
27,46,5.0,12.0,0.15374503199578593,0.09595852986317432,18.0,5.0,31,159,Pala 1,83.9
35,13,5.0,12.0,0.1332267479843533,0.9936980301271583,18.0,5.0,30,36,Pala 2,58.7
25,33,5.0,12.0,0.2042647583330054,0.75265400121128,18.0,5.0,77,104,Pala 1,84.4
7,48,5.0,12.0,0.7667116744207175,0.43769403822471176,18.0,5.0,136,105,Pala 1,44.3
49,30,5.0,12.0,0.29537700384061605,0.6181685496662913,18.0,5.0,104,64,Pala 2,101.8
27,39,5.0,12.0,0.021388846675079787,0.08757281726623012,18.0,5.0,55,175,Pala 1,79.8
27,41,5.0,12.0,0.9441743635056619,0.49530165368961,18.0,5.0,35,93,Pala 1,94.5
36,17,5.0,12.0,0.16971341639491067,0.9308324158174878,18.0,5.0,55,151,Pala 2,74.0
40,29,5.0,12.0,0.009558186148068581,0.8966009580549783,18.0,5.0,72,85,Pala 2,101.1
35,24,5.0,12.0,0.23713160238332298,0.3373808454831456,18.0,5.0,151,84,Pala 2,88.3
26,18,5.0,12.0,0.2350287871181337,0.5313678638213388,18.0,5.0,158,169,Pala 2,72.8
16,7,5.0,12.0,0.42200525084572305,0.6973835240876468,18.0,5.0,38,66,Pala 2,48.2
8,27,5.0,12.0,0.9203898315000368,0.34000926690790534,18.0,5.0,56,81,Pala 1,49.8
32,7,5.0,12.0,0.8791849177790979,0.06487921809393848,18.0,5.0,100,176,Pala 2,48.5
19,30,5.0,12.0,0.4568945549824279,0.5054416567178047,18.0,5.0,146,44,Pala 1,73.7
12,2,5.0,12.0,0.4108999049918065,0.6016357358233364,18.0,5.0,147,156,Pala 2,35.3
27,2,5.0,12.0,0.5550090864748513,0.005841600121510249,18.0,5.0,32,115,Pala 2,34.7
47,43,5.0,12.0,0.24345401197176575,0.09557537353853063,18.0,5.0,159,113,Pala 1,133.2
28,21,5.0,12.0,0.05218499196636284,0.20729064359415228,18.0,5.0,153,136,Pala 2,79.4
12,16,5.0,12.0,0.9392241361712067,0.34805228699093416,18.0,5.0,103,106,Pala 1,61.9
45,35,5.0,12.0,0.18669898487717274,0.5410512228305804,18.0,5.0,110,74,Pala 2,114.5
34,16,5.0,12.0,0.1984007292457164,0.2938429187596653,18.0,5.0,94,125,Pala 2,68.9
5,13,5.0,12.0,0.4724603288539476,0.27618381440650375,18.0,5.0,151,50,Pala 1,35.0
17,8,5.0,12.0,0.4916133448403307,0.8693493438130818,18.0,5.0,175,110,Pala 2,52.8
4,29,5.0,12.0,0.018434209700741944,0.14505064080142627,18.0,5.0,163,82,Pala 1,21.3
46,20,5.0,12.0,0.1479547387739707,0.49546013317236026,18.0,5.0,131,142,Pala 2,79.1
24,11,5.0,12.0,0.37815481856074173,0.952824716936136,18.0,5.0,71,176,Pala 2,55.3
1,36,5.0,12.0,0.6837306935105391,0.6250132491160458,18.0,5.0,140,107,Pala 1,31.5
9,31,5.0,12.0,0.22841845683193585,0.7172054798944385,18.0,5.0,133,156,Pala 1,42.1
29,10,5.0,12.0,0.42301444624176265,0.4312369913906071,18.0,5.0,33,148,Pala 2,52.6
49,19,5.0,12.0,0.5573450647164668,0.019932167119719568,18.0,5.0,128,132,Pala 2,74.5
44,34,5.0,12.0,0.888592494623292,0.6461303683672054,18.0,5.0,161,116,Pala 2,116.7
4,46,5.0,12.0,0.3260705023271233,0.6319242814281241,18.0,5.0,94,134,Pala 1,31.6
32,45,5.0,12.0,0.13355826586348352,0.11042763646333309,18.0,5.0,70,31,Pala 1,93.7
0,10,5.0,12.0,0.4892722258976082,0.4621597136246315,18.0,5.0,176,144,Pala 1,26.0
17,7,5.0,12.0,0.7467216016840621,0.9153289446656504,18.0,5.0,178,61,Pala 2,49.1
31,3,5.0,12.0,0.10985975705273343,0.20508483197197513,18.0,5.0,145,131,Pala 2,34.9
46,26,5.0,12.0,0.4246834916969604,0.4610987546341103,18.0,5.0,164,91,Pala 2,94.6
48,43,5.0,12.0,0.017785141262483428,0.4611031852005204,18.0,5.0,93,126,Pala 2,130.9
10,39,5.0,12.0,0.033559181647251135,0.8107614681476384,18.0,5.0,31,151,Pala 1,42.5
20,37,5.0,12.0,0.4829533632166656,0.8245758703294446,18.0,5.0,144,164,Pala 1,79.3
25,46,5.0,12.0,0.29819729815092944,0.7592694196633919,18.0,5.0,157,127,Pala 1,84.4
24,29,5.0,12.0,0.8451072990054121,0.36545415918827373,18.0,5.0,108,113,Pala 1,89.7
21,43,5.0,12.0,0.6021543061264543,0.0720369250185201,18.0,5.0,130,179,Pala 1,75.1
26,47,5.0,12.0,0.45393296174299036,0.3494829772240141,18.0,5.0,148,136,Pala 1,87.5
48,47,5.0,12.0,0.40793537105429634,0.6797912012713396,18.0,5.0,103,130,Pala 1,143.4
12,26,5.0,12.0,0.49724548018956327,0.7027465744890764,18.0,5.0,38,160,Pala 1,54.6
32,20,5.0,12.0,0.04043883121266134,0.965000209476719,18.0,5.0,52,51,Pala 2,78.6
33,19,5.0,12.0,0.8927933564206599,0.4536412314437085,18.0,5.0,43,113,Pala 2,80.9
40,3,5.0,12.0,0.9983031557339583,0.6324355829402903,18.0,5.0,83,118,Pala 2,36.9
34,10,5.0,12.0,0.18148712485869867,0.5391908707225317,18.0,5.0,153,135,Pala 2,51.8
0,12,5.0,12.0,0.12038296477461974,0.15061856011323738,18.0,5.0,74,122,Pala 1,17.7
20,8,5.0,12.0,0.14357746344859523,0.46120247213213605,18.0,5.0,45,167,Pala 2,47.7
47,3,5.0,12.0,0.6610270582343671,0.5448351546889942,18.0,5.0,131,132,Pala 2,37.0
5,11,5.0,12.0,0.6614408384507747,0.9507496060422586,18.0,5.0,124,130,Pala 1,42.1
27,8,5.0,12.0,0.8479241622784109,0.36653905440895607,18.0,5.0,138,69,Pala 2,50.5
16,12,5.0,12.0,0.7518263884262533,0.9800991031079778,18.0,5.0,165,143,Pala 2,61.5
4,47,5.0,12.0,0.44968967336933974,0.5423000740240844,18.0,5.0,54,177,Pala 1,29.8
30,25,5.0,12.0,0.6128553615653188,0.24246924330305752,18.0,5.0,91,154,Pala 2,95.2
4,37,5.0,12.0,0.6882846703680079,0.1916643870158078,18.0,5.0,106,116,Pala 1,36.4
37,41,5.0,12.0,0.5127364702852252,0.14169491726023176,18.0,5.0,175,40,Pala 1,112.6
2,12,5.0,12.0,0.47565098445163667,0.452932870573453,18.0,5.0,79,165,Pala 1,21.9
22,38,5.0,12.0,0.6450974456426533,0.02192642978892323,18.0,5.0,63,122,Pala 1,76.0
36,27,5.0,12.0,0.5574745489756537,0.44504528331486537,18.0,5.0,129,65,Pala 2,92.3
36,18,5.0,12.0,0.6439423053359103,0.9884046921559463,18.0,5.0,143,127,Pala 2,76.0
9,23,5.0,12.0,0.6128547739633639,0.6701067957222666,18.0,5.0,110,140,Pala 1,47.5
9,18,5.0,12.0,0.7191965605136547,0.7597861212004047,18.0,5.0,41,125,Pala 1,47.7
18,48,5.0,12.0,0.6428035087828761,0.11900539071826255,18.0,5.0,106,91,Pala 1,64.7
16,12,5.0,12.0,0.5197424864372673,0.4731008614900908,18.0,5.0,104,134,Pala 2,55.1
20,12,5.0,12.0,0.6817968112843865,0.2862231010257139,18.0,5.0,84,178,Pala 2,59.5
13,27,5.0,12.0,0.44948196518542805,0.8940975279890293,18.0,5.0,121,176,Pala 1,60.9
8,1,5.0,12.0,0.24167122597260104,0.18129247201391252,18.0,5.0,117,116,Pala 2,29.3
45,9,5.0,12.0,0.0014182201339154599,0.458733327136742,18.0,5.0,38,162,Pala 2,49.5
0,21,5.0,12.0,0.5599641471458432,0.5880477183456377,18.0,5.0,32,156,Pala 1,21.3
44,12,5.0,12.0,0.590655226608641,0.5140410915785326,18.0,5.0,147,112,Pala 2,61.6
12,8,5.0,12.0,0.9720489647757143,0.8302435279704073,18.0,5.0,165,41,Pala 2,50.6
3,32,5.0,12.0,0.36147833409427554,0.23145317131964038,18.0,5.0,59,132,Pala 1,23.5
0,13,5.0,12.0,0.39413324282831175,0.3773911104236912,18.0,5.0,96,34,Pala 1,20.3
48,47,5.0,12.0,0.20179958134219023,0.7920842965739525,18.0,5.0,84,105,Pala 1,143.2
39,19,5.0,12.0,0.07053429523732191,0.5280714117368048,18.0,5.0,152,33,Pala 2,72.6
31,14,5.0,12.0,0.7728044928617406,0.4021173856479573,18.0,5.0,72,145,Pala 2,64.5
33,31,5.0,12.0,0.24968106433932502,0.029442514744831505,18.0,5.0,100,112,Pala 1,97.1
27,32,5.0,12.0,0.6089048610300379,0.7533854240156094,18.0,5.0,91,135,Pala 1,94.8
30,16,5.0,12.0,0.6877730355454815,0.9721820779667603,18.0,5.0,139,64,Pala 2,71.2
7,23,5.0,12.0,0.4712366872916477,0.62028700948851,18.0,5.0,58,173,Pala 1,42.8
38,29,5.0,12.0,0.8763521130271916,0.8565412206887946,18.0,5.0,144,169,Pala 2,105.7
25,12,5.0,12.0,0.44379484097972877,0.5168757431949261,18.0,5.0,31,109,Pala 2,60.0
33,46,5.0,12.0,0.2849086230417651,0.23168096542336458,18.0,5.0,119,104,Pala 1,104.3
2,47,5.0,12.0,0.8960155229616223,0.01444210423514547,18.0,5.0,134,72,Pala 1,28.4
49,15,5.0,12.0,0.8615642842499565,0.6533982675899892,18.0,5.0,86,57,Pala 2,68.5
11,1,5.0,12.0,0.164039947076413,0.49310884824824464,18.0,5.0,71,110,Pala 2,33.2
0,16,5.0,12.0,0.02596101835392095,0.7820981470876015,18.0,5.0,78,48,Pala 1,20.7
43,31,5.0,12.0,0.08998555634962069,0.6946824174353046,18.0,5.0,47,103,Pala 2,104.6
4,42,5.0,12.0,0.28654739855381706,0.9879523682065647,18.0,5.0,56,152,Pala 1,37.8
29,7,5.0,12.0,0.9722598017417107,0.5103125834120398,18.0,5.0,147,84,Pala 2,47.0
29,2,5.0,12.0,0.558516153160825,0.42717478967300937,18.0,5.0,83,112,Pala 2,36.4
16,11,5.0,12.0,0.3732617320292688,0.28673968943929495,18.0,5.0,179,91,Pala 2,57.3
47,19,5.0,12.0,0.8887160946127464,0.47686129179127446,18.0,5.0,92,136,Pala 2,83.0
46,15,5.0,12.0,0.45313633147849963,0.8728714781229221,18.0,5.0,121,145,Pala 2,65.4
22,13,5.0,12.0,0.3152386284010211,0.04243972579174127,18.0,5.0,113,70,Pala 2,57.1
14,15,5.0,12.0,0.9412195287456574,0.9779000472861887,18.0,5.0,90,115,Pala 1,69.6
36,48,5.0,12.0,0.849517666192678,0.993307194307798,18.0,5.0,111,95,Pala 1,121.3
20,42,5.0,12.0,0.843668375419441,0.5978213785879017,18.0,5.0,71,126,Pala 1,77.5
13,48,5.0,12.0,0.5122847430502131,0.3315442036954014,18.0,5.0,125,48,Pala 1,58.1
1,32,5.0,12.0,0.789438398815455,0.2230489683220238,18.0,5.0,103,84,Pala 1,28.6
10,29,5.0,12.0,0.17935335926455187,0.27649039568487876,18.0,5.0,166,141,Pala 1,39.4
38,11,5.0,12.0,0.5732229575562436,0.05010542650497185,18.0,5.0,148,75,Pala 2,54.1
37,14,5.0,12.0,0.9838459228475457,0.4751109584833588,18.0,5.0,54,33,Pala 2,65.6
33,17,5.0,12.0,0.29095843051796166,0.057324270864405835,18.0,5.0,170,54,Pala 2,68.8
37,27,5.0,12.0,0.7943523292476752,0.7184742147759252,18.0,5.0,76,92,Pala 2,98.6
49,22,5.0,12.0,0.49047840720806724,0.37192945553285406,18.0,5.0,151,140,Pala 2,84.0
33,13,5.0,12.0,0.03980568322208733,0.19936473174716318,18.0,5.0,162,42,Pala 2,58.7
17,29,5.0,12.0,0.7630193978156674,0.5448535578360384,18.0,5.0,60,144,Pala 1,69.8
29,32,5.0,12.0,0.1685691443921128,0.9737593072430137,18.0,5.0,127,115,Pala 1,93.3
14,44,5.0,12.0,0.6314735671327502,0.6951310490184183,18.0,5.0,144,33,Pala 1,62.2
26,14,5.0,12.0,0.0856641940469729,0.4917468501041602,18.0,5.0,81,31,Pala 2,60.6
33,6,5.0,12.0,0.9468673974959648,0.7769142992545063,18.0,5.0,136,96,Pala 2,49.8
37,14,5.0,12.0,0.2917238871803609,0.7374764718989887,18.0,5.0,115,139,Pala 2,64.4
32,41,5.0,12.0,0.2264646916773949,0.8917354610577937,18.0,5.0,162,59,Pala 1,104.1
23,45,5.0,12.0,0.1291364040663343,0.2046689475939475,18.0,5.0,41,161,Pala 1,73.3
14,37,5.0,12.0,0.9460021933390478,0.858877576258732,18.0,5.0,50,77,Pala 1,65.4
29,45,5.0,12.0,0.7119037424413052,0.30102608704169886,18.0,5.0,38,72,Pala 1,96.2
41,43,5.0,12.0,0.7416608887180887,0.9409989278250971,18.0,5.0,122,122,Pala 1,131.5
16,10,5.0,12.0,0.4994045613802446,0.2810651489467352,18.0,5.0,120,170,Pala 2,53.7
4,28,5.0,12.0,0.4747277852704834,0.9268485431626762,18.0,5.0,174,76,Pala 1,38.3
28,30,5.0,12.0,0.11002124299147664,0.96379071446408,18.0,5.0,133,57,Pala 1,93.8
3,24,5.0,12.0,0.5598410955839918,0.14549135745701425,18.0,5.0,165,66,Pala 1,30.5
9,23,5.0,12.0,0.24691649510879043,0.974499883262783,18.0,5.0,91,57,Pala 1,44.1
16,18,5.0,12.0,0.9771453328004058,0.08572296842928229,18.0,5.0,58,163,Pala 1,63.8
9,1,5.0,12.0,0.7965809400151473,0.21856778661252196,18.0,5.0,112,149,Pala 2,33.3
16,21,5.0,12.0,0.4129920601928876,0.44416878087280454,18.0,5.0,103,38,Pala 1,60.1
19,19,5.0,12.0,0.15134125869153303,0.9935973657117101,18.0,5.0,63,163,Pala 1,70.5
23,32,5.0,12.0,0.785331691138784,0.48856305116537935,18.0,5.0,89,99,Pala 1,85.5
4,7,5.0,12.0,0.12205376708131599,0.5504094431784858,18.0,5.0,133,115,Pala 1,30.2
33,24,5.0,12.0,0.1893337534970705,0.6944249495236485,18.0,5.0,144,95,Pala 2,89.3
5,45,5.0,12.0,0.21152051774422742,0.9682935582729514,18.0,5.0,161,124,Pala 1,36.2
1,8,5.0,12.0,0.5568906382730944,0.7833514001242444,18.0,5.0,166,99,Pala 1,27.7
12,33,5.0,12.0,0.7870566539903663,0.2241540044236986,18.0,5.0,119,34,Pala 1,55.9
42,22,5.0,12.0,0.3143148787246922,0.3029909306643547,18.0,5.0,106,49,Pala 2,79.2
42,4,5.0,12.0,0.08466981427528941,0.0976282396085244,18.0,5.0,150,169,Pala 2,40.2
47,24,5.0,12.0,0.4645384635244192,0.6444523641647398,18.0,5.0,30,131,Pala 2,90.1
10,7,5.0,12.0,0.7481102411599355,0.18074030653922157,18.0,5.0,102,131,Pala 2,49.4
46,15,5.0,12.0,0.2216638430873883,0.2574048884793657,18.0,5.0,117,165,Pala 2,67.6
22,47,5.0,12.0,0.21992454803937422,0.8881136551803771,18.0,5.0,74,149,Pala 1,76.7
15,44,5.0,12.0,0.9472270273467108,0.3267556753320152,18.0,5.0,89,78,Pala 1,69.6
30,14,5.0,12.0,0.9541537271191779,0.566646718354167,18.0,5.0,115,93,Pala 2,67.9
10,0,5.0,12.0,0.9904657320615764,0.39756600878917703,18.0,5.0,132,126,Pala 2,29.3
15,21,5.0,12.0,0.8076596015747801,0.07403128740591358,18.0,5.0,116,68,Pala 1,61.7
7,2,5.0,12.0,0.18818416916794556,0.36286382989670507,18.0,5.0,148,69,Pala 2,31.0
3,37,5.0,12.0,0.21198152079926136,0.40806820303593083,18.0,5.0,71,60,Pala 1,24.2
39,13,5.0,12.0,0.340225241522392,0.8957011019115182,18.0,5.0,110,32,Pala 2,61.0
3,35,5.0,12.0,0.31813253133349084,0.3244506536463395,18.0,5.0,39,101,Pala 1,24.2
24,17,5.0,12.0,0.9565277490780091,0.37924111976206787,18.0,5.0,152,59,Pala 2,72.3
2,46,5.0,12.0,0.7890739828816936,0.7828967686723345,18.0,5.0,140,124,Pala 1,31.0
31,40,5.0,12.0,0.7240087921615539,0.7589566512115979,18.0,5.0,54,58,Pala 1,105.3
2,17,5.0,12.0,0.18596322405813182,0.7982852766484908,18.0,5.0,32,85,Pala 1,28.0
26,2,5.0,12.0,0.9095255593623296,0.953770740076004,18.0,5.0,100,116,Pala 2,35.5
28,9,5.0,12.0,0.8278703795061738,0.7955574983947842,18.0,5.0,57,137,Pala 2,50.4
31,48,5.0,12.0,0.1636418413279237,0.40760820321789093,18.0,5.0,166,92,Pala 1,93.9
49,38,5.0,12.0,0.8711703319609725,0.8215085168980919,18.0,5.0,40,59,Pala 2,125.6
18,46,5.0,12.0,0.2722475363704713,0.5086746320899383,18.0,5.0,122,82,Pala 1,64.0
20,0,5.0,12.0,0.08086974583210604,0.2777140325185653,18.0,5.0,147,75,Pala 2,26.4
4,26,5.0,12.0,0.65682230651421,0.3029170681310124,18.0,5.0,153,132,Pala 1,32.2
17,26,5.0,12.0,0.6538046593843306,0.22384238856339833,18.0,5.0,122,166,Pala 1,64.3
27,10,5.0,12.0,0.09493200956561809,0.1449929578197534,18.0,5.0,170,36,Pala 2,48.5
41,48,5.0,12.0,0.3188518089365824,0.18449041185365034,18.0,5.0,128,92,Pala 1,120.2
21,4,5.0,12.0,0.9928144622555386,0.06317804995381937,18.0,5.0,40,73,Pala 2,41.8
20,6,5.0,12.0,0.6784266670087369,0.8884508649323863,18.0,5.0,64,108,Pala 2,45.3
5,18,5.0,12.0,0.7300751666033292,0.9310078096491232,18.0,5.0,37,88,Pala 1,44.0
0,28,5.0,12.0,0.21291728560430567,0.5867703924938955,18.0,5.0,36,104,Pala 1,18.6
4,14,5.0,12.0,0.07878207100391432,0.840489556608685,18.0,5.0,98,113,Pala 1,28.1
40,34,5.0,12.0,0.27690168974093765,0.18357110265314713,18.0,5.0,99,42,Pala 2,111.8
11,46,5.0,12.0,0.24889838519319196,0.9016738252269851,18.0,5.0,144,133,Pala 1,46.6
25,36,5.0,12.0,0.2345441007480531,0.5063615596305083,18.0,5.0,153,132,Pala 1,81.5
45,11,5.0,12.0,0.19275432188703956,0.06716499260555508,18.0,5.0,40,113,Pala 2,56.9
33,29,5.0,12.0,0.5747556906554043,0.1413127444941602,18.0,5.0,120,138,Pala 2,103.5
48,19,5.0,12.0,0.32810347584182176,0.3089764607868172,18.0,5.0,114,72,Pala 2,73.9
13,36,5.0,12.0,0.8203450150475304,0.043557580354751435,18.0,5.0,78,131,Pala 1,54.4
25,2,5.0,12.0,0.183947417847384,0.3092933780174436,18.0,5.0,64,37,Pala 2,29.5
44,8,5.0,12.0,0.4646270708685445,0.05993043311889179,18.0,5.0,117,66,Pala 2,47.9
26,40,5.0,12.0,0.013657836426079983,0.23602760519282517,18.0,5.0,138,135,Pala 1,77.1
8,38,5.0,12.0,0.48168232245519205,0.2656697558564416,18.0,5.0,163,126,Pala 1,44.7
25,25,5.0,12.0,0.05583822087647439,0.9943689763667939,18.0,5.0,39,119,Pala 1,85.8
46,1,5.0,12.0,0.9777235118726436,0.23554667376366445,18.0,5.0,113,137,Pala 2,36.0
21,22,5.0,12.0,0.7905921286504128,0.23918644893858032,18.0,5.0,114,149,Pala 1,81.4
46,22,5.0,12.0,0.4901114766364554,0.686788968358385,18.0,5.0,169,68,Pala 2,84.0
29,20,5.0,12.0,0.08658735817935026,0.859357478516452,18.0,5.0,84,165,Pala 2,79.9
42,15,5.0,12.0,0.5924454407904143,0.38705541260208653,18.0,5.0,170,91,Pala 2,66.6
47,8,5.0,12.0,0.7587637507018775,0.8756180199406924,18.0,5.0,103,68,Pala 2,49.2
16,12,5.0,12.0,0.1907172530047453,0.3401420207477571,18.0,5.0,164,171,Pala 2,56.2
25,27,5.0,12.0,0.5682083407874908,0.19701587961501932,18.0,5.0,169,81,Pala 1,81.5
35,26,5.0,12.0,0.814210898382868,0.3296388243277235,18.0,5.0,90,86,Pala 2,91.2
0,16,5.0,12.0,0.7682477776463164,0.6093563739279924,18.0,5.0,159,178,Pala 1,27.6
7,37,5.0,12.0,0.8029920178671529,0.36714315931207375,18.0,5.0,55,52,Pala 1,42.2
48,35,5.0,12.0,0.8793234248697198,0.6728938039892888,18.0,5.0,98,161,Pala 2,122.3
34,0,5.0,12.0,0.9376821021594702,0.2369358794224824,18.0,5.0,91,168,Pala 2,32.1
14,17,5.0,12.0,0.40552115520353593,0.7009928939891488,18.0,5.0,145,113,Pala 1,57.6
46,8,5.0,12.0,0.5687691025228773,0.34743836324846666,18.0,5.0,144,48,Pala 2,49.4
21,12,5.0,12.0,0.7906595260456108,0.4558683716019345,18.0,5.0,168,94,Pala 2,61.6
13,39,5.0,12.0,0.6971398139457832,0.5577451404428959,18.0,5.0,131,124,Pala 1,60.6
25,44,5.0,12.0,0.9955202282643788,0.6862250031859937,18.0,5.0,71,159,Pala 1,89.5
27,14,5.0,12.0,0.01367765110464414,0.2387136918487337,18.0,5.0,39,134,Pala 2,60.3
22,42,5.0,12.0,0.3551332153157907,0.8359455374108105,18.0,5.0,152,33,Pala 1,82.4
13,43,5.0,12.0,0.28102792627020245,0.7218427497552398,18.0,5.0,48,68,Pala 1,52.9
23,45,5.0,12.0,0.2623158501655346,0.23409791902399946,18.0,5.0,33,78,Pala 1,74.1
1,3,5.0,12.0,0.22252978249888578,0.9749745626029104,18.0,5.0,32,160,Pala 1,27.4
44,32,5.0,12.0,0.7091238408152291,0.6647969910304584,18.0,5.0,171,70,Pala 2,114.6
25,23,5.0,12.0,0.08475947327532185,0.4524268864667056,18.0,5.0,39,94,Pala 1,81.9
13,35,5.0,12.0,0.7416088339433383,0.15752732555351634,18.0,5.0,35,151,Pala 1,56.3
6,40,5.0,12.0,0.6934258420162734,0.5332210023081314,18.0,5.0,60,173,Pala 1,36.6
2,9,5.0,12.0,0.2508041325008964,0.1647758868271182,18.0,5.0,60,64,Pala 1,19.0
46,35,5.0,12.0,0.25283378316516125,0.42949167869784377,18.0,5.0,38,173,Pala 2,112.7
22,19,5.0,12.0,0.6288605853445022,0.40871252273951886,18.0,5.0,137,62,Pala 2,74.2
45,40,5.0,12.0,0.7621711054836778,0.7199396443474602,18.0,5.0,153,179,Pala 2,134.3
42,44,5.0,12.0,0.8764856130873655,0.1923831812242498,18.0,5.0,159,90,Pala 1,133.6
46,43,5.0,12.0,0.8521395638544758,0.8218713548708458,18.0,5.0,33,137,Pala 2,139.5
44,10,5.0,12.0,0.9648829941638531,0.3261323270161658,18.0,5.0,35,68,Pala 2,53.5
17,11,5.0,12.0,0.5813848953365112,0.44398862696877506,18.0,5.0,59,160,Pala 2,55.3
37,17,5.0,12.0,0.9086555613403596,0.7723409755538425,18.0,5.0,90,125,Pala 2,74.2
34,29,5.0,12.0,0.8085132732604108,0.6253923997135148,18.0,5.0,106,170,Pala 2,101.2
14,43,5.0,12.0,0.8946676243140136,0.30802535180193735,18.0,5.0,139,43,Pala 1,64.8
24,47,5.0,12.0,0.011626601285366633,0.386202924545881,18.0,5.0,65,165,Pala 1,76.4
36,36,5.0,12.0,0.965902991865811,0.30578681398961016,18.0,5.0,162,140,Pala 1,118.8
27,19,5.0,12.0,0.4735301628464783,0.5947701672771571,18.0,5.0,129,48,Pala 2,75.9
9,24,5.0,12.0,0.7981829895748429,0.3326245332068397,18.0,5.0,169,138,Pala 1,48.4
38,11,5.0,12.0,0.12720411933778086,0.7256976947831408,18.0,5.0,151,171,Pala 2,57.7
16,20,5.0,12.0,0.3959410958139741,0.5797871585837261,18.0,5.0,179,128,Pala 1,62.1
38,24,5.0,12.0,0.2714606630209909,0.14570661174750899,18.0,5.0,88,90,Pala 2,87.2
21,10,5.0,12.0,0.291658770500937,0.3102686186798824,18.0,5.0,139,96,Pala 2,50.6
25,8,5.0,12.0,0.12325561995088175,0.22144744191015575,18.0,5.0,159,106,Pala 2,47.7
43,49,5.0,12.0,0.805763832543007,0.3903132125514853,18.0,5.0,43,121,Pala 1,131.4
24,24,5.0,12.0,0.00924231458107816,0.5159840862093631,18.0,5.0,167,74,Pala 1,76.7
16,34,5.0,12.0,0.3125054569852025,0.5067628572841099,18.0,5.0,93,120,Pala 1,58.0
12,31,5.0,12.0,0.17441054321641503,0.754523676563289,18.0,5.0,160,101,Pala 1,49.2
19,48,5.0,12.0,0.5890389406083405,0.18917186360170934,18.0,5.0,101,164,Pala 1,68.1
24,13,5.0,12.0,0.25425240261454385,0.9464728292974468,18.0,5.0,50,142,Pala 2,62.4
3,0,5.0,12.0,0.25899845452809966,0.3428451068821686,18.0,5.0,123,51,Pala 1,24.4
9,16,5.0,12.0,0.4883381439953187,0.3002488469161385,18.0,5.0,176,131,Pala 1,47.7
2,24,5.0,12.0,0.6526890393409257,0.6851785781802198,18.0,5.0,108,166,Pala 1,34.0
40,7,5.0,12.0,0.12130470456516362,0.8055166286830625,18.0,5.0,49,89,Pala 2,46.5
44,4,5.0,12.0,0.17551145246549615,0.3784717648136534,18.0,5.0,87,71,Pala 2,36.6
17,4,5.0,12.0,0.2471747445945176,0.7468469748939771,18.0,5.0,71,88,Pala 2,37.5
46,40,5.0,12.0,0.9737482141179605,0.8837359561360547,18.0,5.0,123,58,Pala 2,129.8
35,34,5.0,12.0,0.39715249994292035,0.7668036652069574,18.0,5.0,167,130,Pala 1,110.1
46,18,5.0,12.0,0.5989900906310265,0.03419648557083299,18.0,5.0,117,143,Pala 2,72.9
21,22,5.0,12.0,0.24154281271597788,0.8273689113661882,18.0,5.0,169,141,Pala 1,81.7
33,8,5.0,12.0,0.4904595251574879,0.7744809584543674,18.0,5.0,38,71,Pala 2,50.6
46,29,5.0,12.0,0.07411917438595805,0.669290238153186,18.0,5.0,108,58,Pala 2,100.8
7,49,5.0,12.0,0.03474214592232694,0.7600224190879035,18.0,5.0,111,50,Pala 1,38.8
39,15,5.0,12.0,0.4687335268214602,0.9794253958319389,18.0,5.0,177,126,Pala 2,65.1
48,32,5.0,12.0,0.39865928751841206,0.43111288781834967,18.0,5.0,32,152,Pala 2,111.2
43,1,5.0,12.0,0.13688031969182768,0.06722323495459781,18.0,5.0,165,92,Pala 2,28.6
18,13,5.0,12.0,0.6876014289207337,0.46088996962771667,18.0,5.0,68,67,Pala 2,61.9
41,45,5.0,12.0,0.9929034908992644,0.046433655391047934,18.0,5.0,93,169,Pala 1,131.5
40,0,5.0,12.0,0.39564682119671246,0.29425040808846115,18.0,5.0,60,62,Pala 2,28.2
36,25,5.0,12.0,0.6245586359173945,0.586879791796759,18.0,5.0,140,30,Pala 2,90.5
5,24,5.0,12.0,0.9629759423644857,0.3096228929261563,18.0,5.0,152,57,Pala 1,41.6
25,15,5.0,12.0,0.8315349724468752,0.6853952459095386,18.0,5.0,179,107,Pala 2,69.3
33,14,5.0,12.0,0.46355222330268575,0.8219863276857211,18.0,5.0,125,146,Pala 2,62.3
44,25,5.0,12.0,0.7374894844599194,0.4204391792795369,18.0,5.0,34,88,Pala 2,87.8
5,46,5.0,12.0,0.12813504025052402,0.9001379512930036,18.0,5.0,87,78,Pala 1,32.1
36,43,5.0,12.0,0.5121038554637992,0.07983893135040021,18.0,5.0,134,74,Pala 1,110.6
32,15,5.0,12.0,0.27906027717993653,0.8401131642004498,18.0,5.0,92,152,Pala 2,64.7
21,13,5.0,12.0,0.1611636878961611,0.8285731454392989,18.0,5.0,90,163,Pala 2,63.9
20,28,5.0,12.0,0.42628090625453485,0.3219938963267649,18.0,5.0,81,144,Pala 1,71.5
5,23,5.0,12.0,0.13101455443361443,0.298715187124615,18.0,5.0,137,49,Pala 1,27.2
5,46,5.0,12.0,0.6989851081744856,0.30509498115351263,18.0,5.0,130,114,Pala 1,38.8
47,14,5.0,12.0,0.4562400440533355,0.8113937123444109,18.0,5.0,62,173,Pala 2,67.7
3,18,5.0,12.0,0.5311446325646638,0.8316534876101951,18.0,5.0,51,169,Pala 1,36.1
29,7,5.0,12.0,0.146375938668157,0.3297224588276676,18.0,5.0,80,81,Pala 2,46.7
10,33,5.0,12.0,0.13977166109349448,0.5925903474444618,18.0,5.0,40,177,Pala 1,43.8
29,1,5.0,12.0,0.5834154352601241,0.1389332294404545,18.0,5.0,156,126,Pala 2,29.5
30,26,5.0,12.0,0.9850097478294463,0.4687787382810221,18.0,5.0,79,143,Pala 2,98.3
23,9,5.0,12.0,0.09625058323772562,0.9987928508555383,18.0,5.0,46,31,Pala 2,50.7
8,34,5.0,12.0,0.28573142856578126,0.15883914770624685,18.0,5.0,73,63,Pala 1,35.8
2,22,5.0,12.0,0.8694591165378875,0.947562639960059,18.0,5.0,162,55,Pala 1,39.2
30,48,5.0,12.0,0.07227201225523694,0.8242547219650078,18.0,5.0,68,123,Pala 1,95.0
39,7,5.0,12.0,0.8758857213669513,0.9722146509462699,18.0,5.0,166,94,Pala 2,46.8
36,27,5.0,12.0,0.5242859833747512,0.17957876061053302,18.0,5.0,52,139,Pala 2,95.1
35,22,5.0,12.0,0.40826677392642585,0.21351849044336424,18.0,5.0,60,37,Pala 2,79.1
23,3,5.0,12.0,0.30968056435145586,0.016867181734858683,18.0,5.0,113,94,Pala 2,35.1
30,13,5.0,12.0,0.2971171581278419,0.7247018129156055,18.0,5.0,52,139,Pala 2,60.7
5,41,5.0,12.0,0.3058025824494788,0.6440946934361856,18.0,5.0,87,167,Pala 1,34.5
1,28,5.0,12.0,0.8848030809601958,0.1780654383247321,18.0,5.0,117,61,Pala 1,26.2
19,0,5.0,12.0,0.7237952301747855,0.7911449655420719,18.0,5.0,171,80,Pala 2,31.5
27,3,5.0,12.0,0.6697230078311506,0.2991955061317254,18.0,5.0,54,95,Pala 2,34.3
10,31,5.0,12.0,0.7987491489520008,0.13499556933063517,18.0,5.0,75,60,Pala 1,50.2
3,32,5.0,12.0,0.257114663004145,0.42256266501934814,18.0,5.0,170,97,Pala 1,27.9
14,48,5.0,12.0,0.6180428120817557,0.09096984842685607,18.0,5.0,91,41,Pala 1,57.3
5,25,5.0,12.0,0.46006623895795096,0.26324365627324664,18.0,5.0,48,60,Pala 1,34.3
48,16,5.0,12.0,0.7824416352001934,0.37133335842734616,18.0,5.0,169,52,Pala 2,68.8
29,38,5.0,12.0,0.3092561104732855,0.8518641745141499,18.0,5.0,141,37,Pala 1,103.9
37,22,5.0,12.0,0.6431786168698957,0.7925487412932214,18.0,5.0,119,153,Pala 2,87.8
1,31,5.0,12.0,0.8822124118173135,0.44275428575061826,18.0,5.0,77,109,Pala 1,30.9
14,14,5.0,12.0,0.4021504761949287,0.7245750577523875,18.0,5.0,163,44,Pala 1,58.6
10,12,5.0,12.0,0.06662208736746145,0.568649636179005,18.0,5.0,152,133,Pala 1,43.3
7,1,5.0,12.0,0.5160508223417928,0.3408418550780681,18.0,5.0,146,107,Pala 2,34.8
25,18,5.0,12.0,0.34597248780702594,0.7258743434952848,18.0,5.0,110,41,Pala 2,75.0
44,23,5.0,12.0,0.672225380547175,0.683499154466378,18.0,5.0,129,56,Pala 2,84.7
43,44,5.0,12.0,0.9510329247486061,0.619094442193602,18.0,5.0,102,140,Pala 1,135.5
4,23,5.0,12.0,0.485608317996847,0.6179555210432506,18.0,5.0,57,33,Pala 1,33.2
5,10,5.0,12.0,0.46619023015553385,0.6829819923269768,18.0,5.0,40,83,Pala 1,38.5
25,21,5.0,12.0,0.6545848001914603,0.3845455126425382,18.0,5.0,177,124,Pala 2,85.2
3,14,5.0,12.0,0.10349750359356769,0.8690758150677024,18.0,5.0,116,113,Pala 1,29.6
18,9,5.0,12.0,0.25350618892501464,0.16230784549646082,18.0,5.0,130,175,Pala 2,51.5
19,40,5.0,12.0,0.9189793255003985,0.8838854632391541,18.0,5.0,65,135,Pala 1,79.5
32,26,5.0,12.0,0.6699426133637663,0.3422818430319944,18.0,5.0,129,159,Pala 2,99.6
19,8,5.0,12.0,0.013444043983416254,0.12503161560862253,18.0,5.0,148,150,Pala 2,46.0
48,27,5.0,12.0,0.20462547255901986,0.6000274026791299,18.0,5.0,127,102,Pala 2,93.1
11,0,5.0,12.0,0.682837266028899,0.37598666907040523,18.0,5.0,117,45,Pala 2,27.6
46,16,5.0,12.0,0.7643992025625742,0.8154997271035193,18.0,5.0,65,169,Pala 2,71.1
0,30,5.0,12.0,0.8398595726740419,0.4307854685287673,18.0,5.0,87,162,Pala 1,30.6
25,43,5.0,12.0,0.2921768033820449,0.6685625255621098,18.0,5.0,57,172,Pala 1,85.0
13,9,5.0,12.0,0.9310285962775626,0.3082579895048255,18.0,5.0,68,101,Pala 2,53.9
37,36,5.0,12.0,0.5529468935778924,0.2094523750253401,18.0,5.0,95,117,Pala 1,113.6
36,28,5.0,12.0,0.6965390223878929,0.3880490309488238,18.0,5.0,34,176,Pala 2,101.2
10,17,5.0,12.0,0.596738862779908,0.6068078346024335,18.0,5.0,170,130,Pala 1,52.0
35,46,5.0,12.0,0.12274005467462046,0.6569467392113518,18.0,5.0,38,111,Pala 1,101.0
12,37,5.0,12.0,0.9631146593848798,0.5782066652980183,18.0,5.0,132,114,Pala 1,62.4
42,38,5.0,12.0,0.12287557989415265,0.9880557186241089,18.0,5.0,86,78,Pala 2,124.1
2,48,5.0,12.0,0.2548819564111836,0.6910901864951653,18.0,5.0,56,152,Pala 1,24.1
32,5,5.0,12.0,0.8136278802229802,0.9315196275969178,18.0,5.0,132,68,Pala 2,46.8
5,39,5.0,12.0,0.6185969615011014,0.11793319489517451,18.0,5.0,111,107,Pala 1,32.5
49,11,5.0,12.0,0.838149165376357,0.06137292981347886,18.0,5.0,114,172,Pala 2,57.5
9,13,5.0,12.0,0.5157361883740449,0.31099470201195367,18.0,5.0,94,152,Pala 1,45.3
4,43,5.0,12.0,0.37699323536663487,0.13658893837642394,18.0,5.0,116,84,Pala 1,27.9
22,9,5.0,12.0,0.9218454995477849,0.5258685282282677,18.0,5.0,63,142,Pala 2,54.2
9,19,5.0,12.0,0.03625231751479485,0.5189812535232787,18.0,5.0,129,74,Pala 1,40.4
43,14,5.0,12.0,0.8561302203530459,0.5750471664439502,18.0,5.0,165,96,Pala 2,67.1
1,30,5.0,12.0,0.23081778518778162,0.7452278808310727,18.0,5.0,123,35,Pala 1,24.9
12,6,5.0,12.0,0.8487363277539678,0.9713297002123199,18.0,5.0,77,99,Pala 2,44.4
39,40,5.0,12.0,0.1391966134168856,0.8782586914391465,18.0,5.0,129,51,Pala 1,122.0
1,9,5.0,12.0,0.5802189636905405,0.1183672395755816,18.0,5.0,111,114,Pala 1,22.0
19,9,5.0,12.0,0.888107919011472,0.33851368877065724,18.0,5.0,146,131,Pala 2,57.5
0,47,5.0,12.0,0.4735396468988905,0.2558230250480419,18.0,5.0,40,87,Pala 1,20.0
36,38,5.0,12.0,0.7465666738033929,0.1768173577797928,18.0,5.0,81,139,Pala 1,113.0
8,27,5.0,12.0,0.8046716178555584,0.5447248766557845,18.0,5.0,60,168,Pala 1,47.9
16,29,5.0,12.0,0.7364942087167792,0.5532644020327305,18.0,5.0,53,115,Pala 1,68.7
8,36,5.0,12.0,0.9253297368745983,0.22724482788806133,18.0,5.0,178,89,Pala 1,49.1
10,2,5.0,12.0,0.44683423051992865,0.7118972503066855,18.0,5.0,125,163,Pala 2,36.0
14,49,5.0,12.0,0.17312543916515577,0.7329142991695052,18.0,5.0,150,59,Pala 1,56.4
23,42,5.0,12.0,0.047811063702479784,0.020979994833933313,18.0,5.0,101,136,Pala 1,70.9
37,14,5.0,12.0,0.2464598696375051,0.39575770372231656,18.0,5.0,126,158,Pala 2,64.2
34,20,5.0,12.0,0.1431975038802421,0.8901406412016211,18.0,5.0,144,115,Pala 2,80.6
29,36,5.0,12.0,0.5579487414344805,0.5203186082438382,18.0,5.0,93,38,Pala 1,98.5
30,11,5.0,12.0,0.184945337211732,0.3476278014389943,18.0,5.0,156,165,Pala 2,56.1
48,3,5.0,12.0,0.03893370728937118,0.25367615159513013,18.0,5.0,146,63,Pala 2,32.7
4,46,5.0,12.0,0.03598982886866786,0.24335451991828227,18.0,5.0,68,165,Pala 1,22.3
43,8,5.0,12.0,0.8315694983648616,0.09976803385080635,18.0,5.0,158,169,Pala 2,47.5
49,38,5.0,12.0,0.5914499314430248,0.8172264190930921,18.0,5.0,126,72,Pala 2,123.5
13,41,5.0,12.0,0.35808530189337817,0.08665740539417122,18.0,5.0,106,134,Pala 1,50.8
10,27,5.0,12.0,0.8942280427402469,0.2922947658618158,18.0,5.0,34,85,Pala 1,52.5
8,22,5.0,12.0,0.0701966114077136,0.04567573856635321,18.0,5.0,169,60,Pala 1,35.3
33,44,5.0,12.0,0.9803220727278259,0.7813865697237005,18.0,5.0,32,48,Pala 1,116.8
11,39,5.0,12.0,0.616291790254461,0.03928368222679046,18.0,5.0,90,142,Pala 1,45.5
34,43,5.0,12.0,0.18346425396884847,0.3083011038682084,18.0,5.0,140,33,Pala 1,105.6
34,21,5.0,12.0,0.6790690989769685,0.573297370086664,18.0,5.0,104,41,Pala 2,81.9
0,23,5.0,12.0,0.7633812597835626,0.4095613602934438,18.0,5.0,159,113,Pala 1,30.0
39,25,5.0,12.0,0.4293427833707745,0.28227106724910045,18.0,5.0,58,133,Pala 2,91.9
21,29,5.0,12.0,0.8616326062455474,0.27518907242754165,18.0,5.0,70,87,Pala 1,78.7
28,32,5.0,12.0,0.1507324072964703,0.7977903060062493,18.0,5.0,58,77,Pala 1,92.0
7,15,5.0,12.0,0.27883758357760835,0.9739780950872451,18.0,5.0,129,149,Pala 1,42.2
10,21,5.0,12.0,0.09349236158398977,0.3480410704487934,18.0,5.0,93,153,Pala 1,42.0
40,48,5.0,12.0,0.21087784060735215,0.039145513609016525,18.0,5.0,87,30,Pala 1,113.4
36,49,5.0,12.0,0.23872881191114503,0.03656577790910842,18.0,5.0,167,134,Pala 1,105.6
13,42,5.0,12.0,0.9176331909217101,0.7592134152107181,18.0,5.0,40,73,Pala 1,62.4
29,17,5.0,12.0,0.0781096887511562,0.552369821609127,18.0,5.0,164,92,Pala 2,71.0
34,6,5.0,12.0,0.42741512018770944,0.7835926574173304,18.0,5.0,106,124,Pala 2,40.7
20,49,5.0,12.0,0.532398687226913,0.6974970102885748,18.0,5.0,137,67,Pala 1,73.4
36,25,5.0,12.0,0.8986930538021608,0.9075063492653965,18.0,5.0,123,38,Pala 2,91.4
4,7,5.0,12.0,0.9976962186612135,0.8858242910466235,18.0,5.0,115,35,Pala 2,42.0
18,5,5.0,12.0,0.7533881149198358,0.7883273956211774,18.0,5.0,94,99,Pala 2,44.4
13,29,5.0,12.0,0.9707909905690295,0.47518916004214373,18.0,5.0,56,81,Pala 1,62.7
25,38,5.0,12.0,0.7871011325358738,0.30812640760385246,18.0,5.0,164,96,Pala 1,90.6
3,22,5.0,12.0,0.9632026409714166,0.5070267874446399,18.0,5.0,94,125,Pala 1,40.4
24,31,5.0,12.0,0.7072707259444552,0.5020716073198236,18.0,5.0,87,128,Pala 1,86.2
44,21,5.0,12.0,0.07976342545107107,0.6102755488893377,18.0,5.0,54,173,Pala 2,82.4
41,41,5.0,12.0,0.4019201869926765,0.1860975677829041,18.0,5.0,77,159,Pala 1,120.2
24,42,5.0,12.0,0.6465972838024704,0.6556198804449888,18.0,5.0,33,65,Pala 1,83.5
17,44,5.0,12.0,0.350718509454251,0.4566009242058158,18.0,5.0,165,134,Pala 1,61.0
39,8,5.0,12.0,0.2733839181137786,0.6202048319408592,18.0,5.0,144,64,Pala 2,48.6
7,30,5.0,12.0,0.577399267133091,0.23960482291954566,18.0,5.0,33,149,Pala 1,40.3
38,6,5.0,12.0,0.9335018767024349,0.43439489387735497,18.0,5.0,165,59,Pala 2,48.9
39,8,5.0,12.0,0.03498187351615356,0.21020121445252027,18.0,5.0,119,122,Pala 2,46.0
13,12,5.0,12.0,0.7692312035414377,0.8753051567568016,18.0,5.0,45,158,Pala 1,58.8
31,2,5.0,12.0,0.7227272780446271,0.4879610450415376,18.0,5.0,176,134,Pala 2,35.8
37,34,5.0,12.0,0.9639534253882871,0.22498141557381213,18.0,5.0,158,129,Pala 2,115.7
32,32,5.0,12.0,0.9307112223325436,0.041208695741546286,18.0,5.0,130,132,Pala 1,103.0
22,20,5.0,12.0,0.7622325620441929,0.6757386646535418,18.0,5.0,141,60,Pala 2,79.0
14,30,5.0,12.0,0.5204087646825987,0.2146447139897557,18.0,5.0,74,54,Pala 1,55.7
32,33,5.0,12.0,0.20426755323351986,0.9895821923187783,18.0,5.0,92,76,Pala 1,99.3
24,31,5.0,12.0,0.5452357183255744,0.5337003734151716,18.0,5.0,123,30,Pala 1,87.2
16,34,5.0,12.0,0.7653519939196538,0.2889769962480321,18.0,5.0,163,131,Pala 1,63.8
32,14,5.0,12.0,0.8956692126378931,0.6576774337926303,18.0,5.0,65,147,Pala 2,70.7
46,31,5.0,12.0,0.7897120092105491,0.27521992343808555,18.0,5.0,150,142,Pala 2,107.9
1,5,5.0,12.0,0.19526693519105398,0.8202742939097465,18.0,5.0,132,169,Pala 1,23.5
13,44,5.0,12.0,0.5996863142280594,0.3082360509299419,18.0,5.0,95,49,Pala 1,54.9
39,20,5.0,12.0,0.332173459531357,0.9882477323959092,18.0,5.0,148,59,Pala 2,79.3
39,32,5.0,12.0,0.009205667390642991,0.6051447854452936,18.0,5.0,37,108,Pala 2,105.8
38,31,5.0,12.0,0.20022093578866607,0.8444111489426633,18.0,5.0,56,157,Pala 2,106.8
5,18,5.0,12.0,0.11322064993344927,0.07281546957842222,18.0,5.0,63,114,Pala 1,28.0
5,32,5.0,12.0,0.8427191235394685,0.3482994173861882,18.0,5.0,57,93,Pala 1,37.8
2,27,5.0,12.0,0.258506252147812,0.7374870861661497,18.0,5.0,174,47,Pala 1,26.8
6,30,5.0,12.0,0.2846979688875555,0.6550590173405827,18.0,5.0,137,61,Pala 1,37.7
7,20,5.0,12.0,0.9599365717988843,0.19424312143375777,18.0,5.0,152,176,Pala 1,48.5
41,33,5.0,12.0,0.37908672304885216,0.35620293050970986,18.0,5.0,38,123,Pala 2,111.5
14,14,5.0,12.0,0.009585640144394558,0.2634434074875409,18.0,5.0,86,62,Pala 1,50.0
46,13,5.0,12.0,0.28384614834613653,0.613370169761843,18.0,5.0,74,179,Pala 2,63.9
28,18,5.0,12.0,0.11929958060181245,0.34456822945877497,18.0,5.0,163,138,Pala 2,71.6
32,42,5.0,12.0,0.10280856173585395,0.3090542420003498,18.0,5.0,171,33,Pala 1,99.7
29,14,5.0,12.0,0.07748729013574951,0.2073779804363417,18.0,5.0,40,129,Pala 2,64.6
38,5,5.0,12.0,0.5932594701753773,0.4090271209146483,18.0,5.0,98,151,Pala 2,41.6
26,8,5.0,12.0,0.18934772362985863,0.19550259019655358,18.0,5.0,124,161,Pala 2,46.4
35,36,5.0,12.0,0.36124279404101045,0.9625695873776323,18.0,5.0,159,34,Pala 1,113.6
28,19,5.0,12.0,0.8620177161300168,0.1545018114953034,18.0,5.0,132,86,Pala 2,78.6
37,33,5.0,12.0,0.42433813979627566,0.9133047149587763,18.0,5.0,46,60,Pala 2,113.7
32,37,5.0,12.0,0.9156913500516376,0.42847309815658197,18.0,5.0,139,36,Pala 1,112.1
36,25,5.0,12.0,0.49793805339560626,0.37786599156172207,18.0,5.0,65,41,Pala 2,90.5
26,17,5.0,12.0,0.39883661483975574,0.23131980090484883,18.0,5.0,160,39,Pala 2,66.9
32,27,5.0,12.0,0.7503889270907016,0.6357563343675191,18.0,5.0,72,170,Pala 2,98.2
3,8,5.0,12.0,0.0731750987680021,0.6855280150108364,18.0,5.0,122,156,Pala 1,28.0
21,31,5.0,12.0,0.08947838298241739,0.46757096225241745,18.0,5.0,62,166,Pala 1,66.0
1,5,5.0,12.0,0.6519737139229607,0.05570689569342413,18.0,5.0,131,117,Pala 1,22.7
9,13,5.0,12.0,0.48694071323924826,0.9185101506885499,18.0,5.0,58,173,Pala 1,47.1
4,27,5.0,12.0,0.7904152503192102,0.980329132876381,18.0,5.0,110,40,Pala 1,41.7
9,23,5.0,12.0,0.9162708373435314,0.431043415211835,18.0,5.0,104,30,Pala 1,50.0
32,12,5.0,12.0,0.38836687767154754,0.6136608074093272,18.0,5.0,138,50,Pala 2,60.4
37,42,5.0,12.0,0.5964100265846463,0.4502986262437467,18.0,5.0,133,129,Pala 1,116.5
12,11,5.0,12.0,0.5006966277953099,0.3218796508861206,18.0,5.0,101,35,Pala 1,52.2
30,18,5.0,12.0,0.9816106556424329,0.07731879285780763,18.0,5.0,54,171,Pala 2,79.0
46,20,5.0,12.0,0.8310844073565952,0.45606773039729886,18.0,5.0,164,122,Pala 2,84.7
35,26,5.0,12.0,0.9117377082773536,0.8183845563594515,18.0,5.0,150,158,Pala 2,99.1
44,18,5.0,12.0,0.2543400875776042,0.017031461088003574,18.0,5.0,104,165,Pala 2,72.2
23,23,5.0,12.0,0.7725264231625943,0.5821076831802223,18.0,5.0,179,140,Pala 1,85.6
14,25,5.0,12.0,0.2654732249976489,0.8807721087266889,18.0,5.0,96,73,Pala 1,60.1
28,44,5.0,12.0,0.2087425334283899,0.217549430014358,18.0,5.0,133,152,Pala 1,86.4
7,27,5.0,12.0,0.9442661596555508,0.1832558646890622,18.0,5.0,148,116,Pala 1,46.2
4,45,5.0,12.0,0.019304416717866646,0.7722766257019431,18.0,5.0,99,132,Pala 1,29.7
28,17,5.0,12.0,0.9653887036634297,0.2550864311192933,18.0,5.0,86,134,Pala 2,75.6
46,43,5.0,12.0,0.1492618969888062,0.19198426756064846,18.0,5.0,95,104,Pala 2,130.1
3,35,5.0,12.0,0.8194380817932682,0.37798925056923505,18.0,5.0,173,65,Pala 1,32.6
11,41,5.0,12.0,0.2759225530681031,0.39250201227021797,18.0,5.0,87,177,Pala 1,49.8
44,28,5.0,12.0,0.3507023274307274,0.874101063016566,18.0,5.0,146,37,Pala 2,94.7
1,16,5.0,12.0,0.21675771132198496,0.6184434719336769,18.0,5.0,80,75,Pala 1,18.8
26,3,5.0,12.0,0.5855140424810796,0.40596145633958935,18.0,5.0,50,129,Pala 2,33.9
30,43,5.0,12.0,0.3480955475078741,0.5343879642857668,18.0,5.0,108,81,Pala 1,96.2
35,44,5.0,12.0,0.6573930394946632,0.9539652333252742,18.0,5.0,85,55,Pala 1,116.1
35,28,5.0,12.0,0.015647317942065975,0.11321467660989537,18.0,5.0,127,64,Pala 2,96.3
25,3,5.0,12.0,0.06437488351503962,0.20771552172469143,18.0,5.0,76,160,Pala 2,33.5
42,9,5.0,12.0,0.09966115273124865,0.9625287065865553,18.0,5.0,147,152,Pala 2,50.5
26,24,5.0,12.0,0.41899368531023107,0.9573248485272041,18.0,5.0,113,161,Pala 1,90.2
4,30,5.0,12.0,0.8147961726599761,0.17716542126477264,18.0,5.0,137,91,Pala 1,35.7
19,2,5.0,12.0,0.8881779103783827,0.14510881712529822,18.0,5.0,60,93,Pala 2,35.5
10,46,5.0,12.0,0.24481074006090076,0.4210851343386198,18.0,5.0,44,176,Pala 1,47.1
9,1,5.0,12.0,0.574369724239014,0.04971829248796911,18.0,5.0,91,111,Pala 2,33.7
39,24,5.0,12.0,0.7683649926926005,0.6549035322851401,18.0,5.0,99,43,Pala 2,88.7
37,48,5.0,12.0,0.2888294299196087,0.07749602166174219,18.0,5.0,160,43,Pala 1,112.5
5,5,5.0,12.0,0.4090077367362732,0.05802962709428072,18.0,5.0,116,83,Pala 1,30.8
7,25,5.0,12.0,0.5239742026857139,0.48518693620884923,18.0,5.0,87,160,Pala 1,38.3
22,7,5.0,12.0,0.1348748464080477,0.9577866361101015,18.0,5.0,74,127,Pala 2,45.0
46,34,5.0,12.0,0.025982293725780314,0.4267959360631596,18.0,5.0,37,133,Pala 2,109.7
25,26,5.0,12.0,0.15280580931828325,0.3564811586605511,18.0,5.0,156,34,Pala 1,78.7
45,24,5.0,12.0,0.6268536212535334,0.9979567155022859,18.0,5.0,95,34,Pala 2,89.7
42,17,5.0,12.0,0.07361826153368167,0.5319689607791834,18.0,5.0,100,146,Pala 2,67.2
11,0,5.0,12.0,0.1896963648501283,0.37524140689024854,18.0,5.0,46,74,Pala 2,28.4
25,47,5.0,12.0,0.3378538856953037,0.3858608133416018,18.0,5.0,100,145,Pala 1,82.6
12,38,5.0,12.0,0.07787006430636634,0.19495949603351048,18.0,5.0,126,80,Pala 1,47.7
39,2,5.0,12.0,0.19169927116163443,0.5122230574475389,18.0,5.0,65,42,Pala 2,30.0
17,3,5.0,12.0,0.9112697889835111,0.4388550281680058,18.0,5.0,97,102,Pala 2,38.9
24,40,5.0,12.0,0.01929913222698476,0.2707952963474134,18.0,5.0,137,97,Pala 1,76.8
32,36,5.0,12.0,0.6534319241743621,0.16054008660175978,18.0,5.0,50,98,Pala 1,102.6
46,14,5.0,12.0,0.3844089309151849,0.3112388686675537,18.0,5.0,75,164,Pala 2,66.2
39,7,5.0,12.0,0.6726487394323711,0.5086833276877293,18.0,5.0,121,121,Pala 2,47.7
42,37,5.0,12.0,0.5886917203634046,0.058333272284801674,18.0,5.0,136,133,Pala 2,120.9
11,49,5.0,12.0,0.22349875435464428,0.15374402858395597,18.0,5.0,153,107,Pala 1,45.4
43,18,5.0,12.0,0.8472094875733885,0.9476572669690954,18.0,5.0,45,131,Pala 2,76.3
35,46,5.0,12.0,0.4919403826093567,0.542855351031339,18.0,5.0,179,34,Pala 1,111.1
47,25,5.0,12.0,0.8225360189134717,0.06344930366003787,18.0,5.0,163,77,Pala 2,89.1
3,38,5.0,12.0,0.4060125361882192,0.693087758769573,18.0,5.0,74,152,Pala 1,30.0
4,9,5.0,12.0,0.984685553915239,0.06180287007903473,18.0,5.0,174,121,Pala 1,39.9
36,37,5.0,12.0,0.7704893585012963,0.738874227046373,18.0,5.0,41,165,Pala 1,120.6
7,13,5.0,12.0,0.9659502051125735,0.7499627217200269,18.0,5.0,79,178,Pala 1,50.7
41,48,5.0,12.0,0.5143264789098588,0.6510789757492527,18.0,5.0,88,117,Pala 1,127.0
48,40,5.0,12.0,0.4736911322907005,0.7322045446193497,18.0,5.0,133,147,Pala 2,127.2
27,18,5.0,12.0,0.7554538093252579,0.08796578101305774,18.0,5.0,41,53,Pala 2,71.0
30,29,5.0,12.0,0.8802912630134302,0.7267805523552676,18.0,5.0,69,170,Pala 2,105.0
8,4,5.0,12.0,0.964145795865558,0.13668831972388296,18.0,5.0,122,142,Pala 2,38.2
28,30,5.0,12.0,0.3245519060324997,0.3395059072718438,18.0,5.0,159,172,Pala 1,93.2
13,6,5.0,12.0,0.7987045738426389,0.9427452535006329,18.0,5.0,122,139,Pala 2,46.9
39,18,5.0,12.0,0.2106455976355367,0.5028754776591401,18.0,5.0,137,118,Pala 2,72.5
40,30,5.0,12.0,0.5455743467454452,0.9674264320830138,18.0,5.0,114,138,Pala 2,106.0
21,38,5.0,12.0,0.17984814840919916,0.08892245888673755,18.0,5.0,103,82,Pala 1,70.9
10,23,5.0,12.0,0.34739736175033886,0.4775565995631801,18.0,5.0,156,80,Pala 1,48.0
22,33,5.0,12.0,0.9313583672064593,0.06240232027687065,18.0,5.0,60,146,Pala 1,79.7
0,22,5.0,12.0,0.14609069977308609,0.6302102623992848,18.0,5.0,134,86,Pala 1,22.8
45,47,5.0,12.0,0.6324008951351965,0.07870700136851638,18.0,5.0,127,144,Pala 1,136.9
36,44,5.0,12.0,0.5929542729274033,0.17536780254037732,18.0,5.0,132,86,Pala 1,117.8
20,39,5.0,12.0,0.12073835270898647,0.2588303100692805,18.0,5.0,70,64,Pala 1,68.6
25,5,5.0,12.0,0.32597904376881215,0.7487438516644832,18.0,5.0,41,115,Pala 2,43.2
45,37,5.0,12.0,0.5629815045152657,0.16396211881807476,18.0,5.0,100,164,Pala 2,121.7
35,40,5.0,12.0,0.18717860898849026,0.8466320532930678,18.0,5.0,125,82,Pala 1,109.5
22,35,5.0,12.0,0.8006236564128154,0.13190393883080087,18.0,5.0,51,39,Pala 1,77.1
0,26,5.0,12.0,0.9721565095347499,0.035244449070156336,18.0,5.0,85,68,Pala 1,26.4
39,10,5.0,12.0,0.21475939996247206,0.3950454189696678,18.0,5.0,45,156,Pala 2,53.0
14,4,5.0,12.0,0.18691196479057592,0.9794416419712951,18.0,5.0,163,88,Pala 2,39.8
20,16,5.0,12.0,0.45493507179744463,0.11034222778877723,18.0,5.0,31,146,Pala 1,66.5
46,6,5.0,12.0,0.7477652771400322,0.10171844403962904,18.0,5.0,91,179,Pala 2,45.4
8,26,5.0,12.0,0.2816006102352514,0.7511665107956239,18.0,5.0,152,166,Pala 1,41.5
8,46,5.0,12.0,0.019879908697280402,0.3121616939935653,18.0,5.0,71,129,Pala 1,36.2
9,14,5.0,12.0,0.541220628032894,0.7172816172257169,18.0,5.0,146,37,Pala 1,52.3
25,45,5.0,12.0,0.9566005677673076,0.20001058944336336,18.0,5.0,146,149,Pala 1,88.8
40,12,5.0,12.0,0.39127685540694557,0.4600719941981629,18.0,5.0,72,87,Pala 2,56.2
34,10,5.0,12.0,0.4201345541831004,0.2652898777489179,18.0,5.0,81,156,Pala 2,50.7
24,44,5.0,12.0,0.9689017171140379,0.4515282148790869,18.0,5.0,152,124,Pala 1,90.0
25,25,5.0,12.0,0.6946076116267283,0.7690970925853038,18.0,5.0,177,179,Pala 2,92.4
10,21,5.0,12.0,0.7191719228421252,0.7620099404776617,18.0,5.0,85,124,Pala 1,55.3
37,27,5.0,12.0,0.5627020053710676,0.5157722876737236,18.0,5.0,96,98,Pala 2,90.2
1,23,5.0,12.0,0.9746092108632416,0.928371843721051,18.0,5.0,88,81,Pala 1,36.4
6,28,5.0,12.0,0.6888664844255561,0.263784102448274,18.0,5.0,77,40,Pala 1,34.0
17,8,5.0,12.0,0.8950327516051695,0.24031135111923307,18.0,5.0,64,179,Pala 2,54.2
26,41,5.0,12.0,0.6993788657332212,0.6138064011754337,18.0,5.0,165,76,Pala 1,90.8
33,3,5.0,12.0,0.735115824840396,0.6212970342167891,18.0,5.0,105,118,Pala 2,38.2
26,48,5.0,12.0,0.2904109221422465,0.04654003956497399,18.0,5.0,61,42,Pala 1,77.7
16,45,5.0,12.0,0.303478698013819,0.6077777123868976,18.0,5.0,74,155,Pala 1,62.4
42,17,5.0,12.0,0.7829846495760292,0.37443615734901436,18.0,5.0,114,129,Pala 2,74.9
43,42,5.0,12.0,0.2967062891698996,0.7474425253205591,18.0,5.0,152,147,Pala 1,130.8
23,15,5.0,12.0,0.5627700708015316,0.8081056645452729,18.0,5.0,131,104,Pala 2,69.3
24,32,5.0,12.0,0.24935231090670196,0.5521538195470366,18.0,5.0,56,98,Pala 1,81.7
6,28,5.0,12.0,0.8169833808090694,0.0017050315022650864,18.0,5.0,148,150,Pala 1,37.9
5,38,5.0,12.0,0.11050135122769,0.6363658101666421,18.0,5.0,32,107,Pala 1,33.1
23,9,5.0,12.0,0.8294466397616644,0.7488812796659343,18.0,5.0,86,51,Pala 2,53.6
32,8,5.0,12.0,0.6027298005076018,0.24898326623151423,18.0,5.0,177,87,Pala 2,45.1
48,30,5.0,12.0,0.18690953482707728,0.4646460011407888,18.0,5.0,150,50,Pala 2,102.6
28,27,5.0,12.0,0.5420353855061182,0.9657266234117883,18.0,5.0,30,78,Pala 2,97.8
42,2,5.0,12.0,0.28249883684734045,0.29811555339410345,18.0,5.0,103,126,Pala 2,34.9
21,13,5.0,12.0,0.3234673347304966,0.22315325104174077,18.0,5.0,138,121,Pala 2,60.4
25,24,5.0,12.0,0.35152804159688034,0.21085479047801015,18.0,5.0,161,68,Pala 1,82.0
27,14,5.0,12.0,0.06331924697232094,0.5588008343539963,18.0,5.0,100,129,Pala 2,64.4
49,1,5.0,12.0,0.9859616844014174,0.9497871013080065,18.0,5.0,39,39,Pala 2,35.8
20,23,5.0,12.0,0.031534628131224096,0.6086901292003547,18.0,5.0,156,87,Pala 1,70.6
48,13,5.0,12.0,0.6624968731842784,0.30332312023765995,18.0,5.0,44,118,Pala 2,60.8
6,47,5.0,12.0,0.37122764775743056,0.6385697780674541,18.0,5.0,48,174,Pala 1,36.9
16,6,5.0,12.0,0.6460102909466989,0.6248422975977874,18.0,5.0,139,150,Pala 2,44.8
19,35,5.0,12.0,0.3562482530875838,0.5969251357296542,18.0,5.0,75,97,Pala 1,69.8
40,49,5.0,12.0,0.6737506462588587,0.159426206888302,18.0,5.0,47,39,Pala 1,122.4
48,23,5.0,12.0,0.7292355094683608,0.6345667993449942,18.0,5.0,135,146,Pala 2,84.8
19,26,5.0,12.0,0.6905526403996448,0.43016445251449964,18.0,5.0,32,91,Pala 1,71.4
21,36,5.0,12.0,0.11396198135815228,0.01859205862303337,18.0,5.0,99,118,Pala 1,64.9
27,37,5.0,12.0,0.6568932346546846,0.5397644871474951,18.0,5.0,51,101,Pala 1,90.8
39,29,5.0,12.0,0.2799875494540973,0.9892667452184176,18.0,5.0,84,105,Pala 2,101.7
48,26,5.0,12.0,0.028801370569333518,0.34973959084398354,18.0,5.0,147,178,Pala 2,94.5
6,38,5.0,12.0,0.41483067188895395,0.9655592183186582,18.0,5.0,70,138,Pala 1,42.2
0,14,5.0,12.0,0.43354310280380104,0.09620574166259455,18.0,5.0,139,157,Pala 1,23.6
31,25,5.0,12.0,0.4671741333524465,0.7324501158673062,18.0,5.0,146,103,Pala 2,91.6
12,0,5.0,12.0,0.7048241653907162,0.11432999466283533,18.0,5.0,165,158,Pala 2,26.9
29,3,5.0,12.0,0.3088438091424591,0.2735715735552742,18.0,5.0,94,38,Pala 2,29.9
22,28,5.0,12.0,0.3152805131039226,0.5708408353221244,18.0,5.0,160,32,Pala 1,77.6
18,0,5.0,12.0,0.060552256241260594,0.5927796939767489,18.0,5.0,99,142,Pala 2,29.6
31,42,5.0,12.0,0.686821215992296,0.7752113172341712,18.0,5.0,47,82,Pala 1,103.8
29,49,5.0,12.0,0.567826091399584,0.6153114072274393,18.0,5.0,146,176,Pala 1,98.0
28,45,5.0,12.0,0.34942511269378806,0.5936147043805607,18.0,5.0,30,35,Pala 1,91.5
48,21,5.0,12.0,0.7051889789173547,0.9123530869891383,18.0,5.0,51,164,Pala 2,83.5
44,10,5.0,12.0,0.5373577492268772,0.4521607522091572,18.0,5.0,124,109,Pala 2,53.8
28,9,5.0,12.0,0.46924494587053966,0.22526577869505504,18.0,5.0,165,65,Pala 2,49.3
29,16,5.0,12.0,0.5113245436611265,0.16178858502363025,18.0,5.0,144,125,Pala 2,72.5
15,35,5.0,12.0,0.6363481252670565,0.3999945968094998,18.0,5.0,91,68,Pala 1,63.3
39,46,5.0,12.0,0.6600026045745995,0.7127527551936957,18.0,5.0,48,72,Pala 1,123.9
18,25,5.0,12.0,0.28895781914071716,0.0425434849299009,18.0,5.0,88,79,Pala 1,59.4
17,47,5.0,12.0,0.14074336339115323,0.12905338650940612,18.0,5.0,153,68,Pala 1,58.3
0,20,5.0,12.0,0.15663418119051875,0.10611346010363942,18.0,5.0,109,159,Pala 1,14.5
13,12,5.0,12.0,0.6393908859030016,0.5852501530514588,18.0,5.0,176,154,Pala 1,56.2
46,8,5.0,12.0,0.872873285767126,0.24286465053126627,18.0,5.0,51,130,Pala 2,50.3
49,10,5.0,12.0,0.4094962783455518,0.1662594283013965,18.0,5.0,112,144,Pala 2,53.4
1,10,5.0,12.0,0.16952016032946238,0.5927707197430223,18.0,5.0,97,48,Pala 1,22.9
27,5,5.0,12.0,0.7566024982938546,0.7613099154523792,18.0,5.0,34,98,Pala 2,43.6
48,0,5.0,12.0,0.8324894744194485,0.3321549164526644,18.0,5.0,34,73,Pala 2,25.7
49,5,5.0,12.0,0.8805824431209666,0.5782046056765962,18.0,5.0,53,170,Pala 2,46.5
29,12,5.0,12.0,0.6068314289137332,0.09812441319946019,18.0,5.0,158,179,Pala 2,61.3
37,21,5.0,12.0,0.8607285593880847,0.93519103045757,18.0,5.0,143,164,Pala 2,86.2
3,30,5.0,12.0,0.015414958448407678,0.33689618531477283,18.0,5.0,57,159,Pala 1,23.4
0,21,5.0,12.0,0.10723580176952352,0.9975056931735012,18.0,5.0,76,91,Pala 1,22.9
7,36,5.0,12.0,0.09257606705209875,0.9785877558497821,18.0,5.0,114,118,Pala 1,42.2
28,46,5.0,12.0,0.712604684254733,0.7788234493358115,18.0,5.0,48,162,Pala 1,102.9
38,26,5.0,12.0,0.06958178354357902,0.020067095406966717,18.0,5.0,116,177,Pala 2,90.4
2,49,5.0,12.0,0.49636437246630705,0.5434749203843633,18.0,5.0,171,155,Pala 1,29.3
31,13,5.0,12.0,0.4727068986362891,0.0868364204400115,18.0,5.0,99,83,Pala 2,63.0
9,46,5.0,12.0,0.31070352355824093,0.8951380259615161,18.0,5.0,143,105,Pala 1,48.7
9,4,5.0,12.0,0.8704051699420998,0.7896362526474029,18.0,5.0,37,173,Pala 2,40.3
18,35,5.0,12.0,0.170433201879996,0.972340376595683,18.0,5.0,66,86,Pala 1,65.7
45,31,5.0,12.0,0.35246278439923984,0.6083829531497954,18.0,5.0,115,93,Pala 2,104.7
33,33,5.0,12.0,0.7741715000229291,0.522172804484338,18.0,5.0,101,167,Pala 1,108.5
32,6,5.0,12.0,0.030422314393284244,0.5189738559443876,18.0,5.0,154,128,Pala 2,41.0
22,41,5.0,12.0,0.6729504002463687,0.3864483744543449,18.0,5.0,39,131,Pala 1,79.5
27,47,5.0,12.0,0.8163977263615706,0.46869006722914097,18.0,5.0,96,128,Pala 1,92.9
31,9,5.0,12.0,0.9322678388381672,0.6354125831353503,18.0,5.0,170,80,Pala 2,56.3
49,49,5.0,12.0,0.8762966404914849,0.9329476075562771,18.0,5.0,68,56,Pala 2,152.3
6,16,5.0,12.0,0.31938411683368517,0.595884338256031,18.0,5.0,93,164,Pala 1,34.9
28,29,5.0,12.0,0.5863641413229526,0.8571159423173672,18.0,5.0,59,120,Pala 1,97.1
7,20,5.0,12.0,0.07729349315046585,0.8627799113025006,18.0,5.0,161,70,Pala 1,35.7
0,12,5.0,12.0,0.2578700035480086,0.5188326758482592,18.0,5.0,74,147,Pala 1,19.6
2,0,5.0,12.0,0.09422237874750738,0.3474696414976216,18.0,5.0,163,155,Pala 1,24.0
23,0,5.0,12.0,0.31518729015396385,0.639573873332081,18.0,5.0,45,126,Pala 2,26.4
22,46,5.0,12.0,0.875187213458729,0.44587734191484274,18.0,5.0,51,150,Pala 1,82.6
7,32,5.0,12.0,0.3471668396742926,0.0814408673219329,18.0,5.0,50,170,Pala 1,36.3
46,37,5.0,12.0,0.5618981030014264,0.37780910043243365,18.0,5.0,53,146,Pala 2,120.6
36,24,5.0,12.0,0.4333808481149408,0.9940721380493249,18.0,5.0,93,95,Pala 2,88.5
2,25,5.0,12.0,0.4589165242987353,0.04851187002628721,18.0,5.0,170,160,Pala 1,23.8
32,12,5.0,12.0,0.9695720518365583,0.6966669119009267,18.0,5.0,55,40,Pala 2,59.5
27,27,5.0,12.0,0.29615446826385794,0.8411887050712471,18.0,5.0,127,162,Pala 1,92.1
46,32,5.0,12.0,0.6273244695231713,0.6487259034753787,18.0,5.0,49,89,Pala 2,105.1
7,36,5.0,12.0,0.42006266957944705,0.56974823116329,18.0,5.0,90,159,Pala 1,40.0
33,40,5.0,12.0,0.06114618104768621,0.7075544169787575,18.0,5.0,153,121,Pala 1,101.4
34,29,5.0,12.0,0.48933083162423596,0.42934273729965566,18.0,5.0,163,106,Pala 2,103.6
31,48,5.0,12.0,0.8133433290451083,0.09136173730887676,18.0,5.0,38,133,Pala 1,101.6
23,47,5.0,12.0,0.09875296868168837,0.9623717543033817,18.0,5.0,157,93,Pala 1,82.0
13,7,5.0,12.0,0.06959184739630897,0.4323007699841961,18.0,5.0,130,170,Pala 1,48.8
31,48,5.0,12.0,0.15363152039326666,0.6653892371680176,18.0,5.0,45,83,Pala 1,99.9
45,46,5.0,12.0,0.7644001113893061,0.5313104368892952,18.0,5.0,33,169,Pala 1,139.4
42,0,5.0,12.0,0.723995384144738,0.054673071977554555,18.0,5.0,61,175,Pala 2,27.8
15,11,5.0,12.0,0.5650177689061106,0.9527466009925385,18.0,5.0,113,47,Pala 2,55.1
3,4,5.0,12.0,0.4682264040926324,0.7925372261143233,18.0,5.0,122,174,Pala 1,33.1
36,23,5.0,12.0,0.8883258147026221,0.14909789446939492,18.0,5.0,157,115,Pala 2,85.3
20,5,5.0,12.0,0.7666978238334825,0.9816488762882668,18.0,5.0,46,170,Pala 2,46.4
13,24,5.0,12.0,0.8119422513018052,0.7369013721717079,18.0,5.0,70,74,Pala 1,61.9
30,0,5.0,12.0,0.8132623013506542,0.47232165042830887,18.0,5.0,74,157,Pala 2,29.5
47,24,5.0,12.0,0.642717154745558,0.6113700565595732,18.0,5.0,45,131,Pala 2,90.0
17,0,5.0,12.0,0.45801462431594586,0.10673668201459752,18.0,5.0,49,146,Pala 2,27.7
6,31,5.0,12.0,0.8646777525856504,0.560411510015611,18.0,5.0,71,176,Pala 1,41.1
9,41,5.0,12.0,0.9260074176032507,0.0736610720170594,18.0,5.0,39,176,Pala 1,49.6
6,41,5.0,12.0,0.023806043258343013,0.5448552571193019,18.0,5.0,81,50,Pala 1,34.6
32,2,5.0,12.0,0.0515548732662513,0.5526956887627854,18.0,5.0,62,53,Pala 2,29.6
22,48,5.0,12.0,0.9587432969084373,0.8744387851607439,18.0,5.0,156,77,Pala 1,94.0
20,18,5.0,12.0,0.27716061384419477,0.725057500272294,18.0,5.0,79,139,Pala 1,69.6
18,42,5.0,12.0,0.8733694396494187,0.24955239221512004,18.0,5.0,130,88,Pala 1,68.6
47,28,5.0,12.0,0.3887951189614026,0.8884261421878569,18.0,5.0,129,46,Pala 2,98.6
18,49,5.0,12.0,0.1191000576093556,0.5732426648480058,18.0,5.0,117,77,Pala 1,64.3
35,1,5.0,12.0,0.08044320020933426,0.6063794785740337,18.0,5.0,108,84,Pala 2,32.6
28,8,5.0,12.0,0.15650789908045648,0.16898136922217832,18.0,5.0,127,166,Pala 2,44.2
17,16,5.0,12.0,0.24989319486736472,0.857773595969114,18.0,5.0,97,106,Pala 1,64.1
1,45,5.0,12.0,0.4885183539308262,0.930965115016544,18.0,5.0,107,43,Pala 1,30.0
0,35,5.0,12.0,0.7014979005657835,0.7749906494949081,18.0,5.0,161,114,Pala 1,33.5
46,16,5.0,12.0,0.9863985764852999,0.9407524526450062,18.0,5.0,57,73,Pala 2,70.1
4,48,5.0,12.0,0.44150674328917106,0.30229990412234586,18.0,5.0,58,168,Pala 1,29.7
19,11,5.0,12.0,0.5181849423431099,0.8611191683627711,18.0,5.0,111,80,Pala 2,58.3
10,19,5.0,12.0,0.5218157013832556,0.4888931428637425,18.0,5.0,151,93,Pala 1,47.3
41,49,5.0,12.0,0.5394343554879361,0.16391720294358492,18.0,5.0,134,124,Pala 1,120.9
1,2,5.0,12.0,0.5177406571044623,0.6688005990334012,18.0,5.0,101,175,Pala 1,30.6
2,42,5.0,12.0,0.008774755061917827,0.6841202707058789,18.0,5.0,139,171,Pala 1,23.3
22,49,5.0,12.0,0.0017248221098407068,0.28692451375669015,18.0,5.0,142,149,Pala 1,71.0
11,3,5.0,12.0,0.09766631812612292,0.02749333162757006,18.0,5.0,170,78,Pala 2,31.3
19,16,5.0,12.0,0.10155660342917883,0.19984725908556333,18.0,5.0,72,174,Pala 1,59.0
4,49,5.0,12.0,0.7048969089547961,0.39977754767388674,18.0,5.0,38,178,Pala 1,31.8
36,36,5.0,12.0,0.20491603251599977,0.16756291105986854,18.0,5.0,69,171,Pala 1,107.6
37,45,5.0,12.0,0.8947141047556129,0.19402994823960418,18.0,5.0,75,32,Pala 1,117.1
29,41,5.0,12.0,0.9286063295770195,0.39139066438226955,18.0,5.0,87,76,Pala 1,99.1
8,14,5.0,12.0,0.9758933378958987,0.9617866143085604,18.0,5.0,169,46,Pala 1,54.5
33,32,5.0,12.0,0.9390813048870201,0.7642435154076483,18.0,5.0,130,110,Pala 2,111.7
43,15,5.0,12.0,0.27188832191852463,0.3197484012265641,18.0,5.0,54,56,Pala 2,67.8
34,10,5.0,12.0,0.5097768447035125,0.9516040689185482,18.0,5.0,118,100,Pala 2,54.9
21,19,5.0,12.0,0.175454970196941,0.6456467922587327,18.0,5.0,173,119,Pala 1,72.7
43,37,5.0,12.0,0.8062096551724331,0.45544964464014015,18.0,5.0,153,159,Pala 2,120.8
23,23,5.0,12.0,0.8884317051440961,0.4683001989551471,18.0,5.0,128,109,Pala 1,86.0
16,15,5.0,12.0,0.8512888392975149,0.41074446783539187,18.0,5.0,153,138,Pala 1,69.6
9,29,5.0,12.0,0.4333669486968349,0.2329920525459397,18.0,5.0,53,116,Pala 1,40.6
29,33,5.0,12.0,0.758673884686781,0.3866321922137057,18.0,5.0,136,35,Pala 1,98.1
45,0,5.0,12.0,0.09757916957626944,0.5278963840433926,18.0,5.0,43,130,Pala 2,27.3
22,23,5.0,12.0,0.04024477061925069,0.528027350730221,18.0,5.0,51,175,Pala 1,68.4
31,23,5.0,12.0,0.7532364143087609,0.761736902212518,18.0,5.0,157,84,Pala 2,88.8
16,8,5.0,12.0,0.4253552743286837,0.3587978571573526,18.0,5.0,60,96,Pala 2,44.4
49,21,5.0,12.0,0.9955492647395692,0.7167980293039524,18.0,5.0,114,176,Pala 2,85.2
16,11,5.0,12.0,0.0972542158555324,0.5780918387686846,18.0,5.0,87,103,Pala 1,55.9
13,16,5.0,12.0,0.8556276815352337,0.9618454045268344,18.0,5.0,98,168,Pala 1,62.8
8,24,5.0,12.0,0.4799830655289917,0.3852849260339827,18.0,5.0,176,125,Pala 1,41.6
39,27,5.0,12.0,0.827150195503877,0.9012164642607903,18.0,5.0,135,115,Pala 2,94.3
1,14,5.0,12.0,0.8171272821701449,0.8206425472982894,18.0,5.0,114,161,Pala 1,33.8
44,29,5.0,12.0,0.9159920013620774,0.6376642845894569,18.0,5.0,31,42,Pala 2,105.6
24,26,5.0,12.0,0.2978500112861028,0.6545144667421172,18.0,5.0,76,99,Pala 1,84.2
38,21,5.0,12.0,0.9497993534620031,0.08464993460641068,18.0,5.0,144,122,Pala 2,82.6
8,9,5.0,12.0,0.15166696035762028,0.9502246055934324,18.0,5.0,82,159,Pala 1,43.4
21,30,5.0,12.0,0.08196877759349053,0.10693606349574392,18.0,5.0,54,118,Pala 1,62.2
42,26,5.0,12.0,0.43161551737234916,0.5632333087435071,18.0,5.0,64,92,Pala 2,91.6
45,11,5.0,12.0,0.8283229686418426,0.3300708004491545,18.0,5.0,116,89,Pala 2,60.9
3,45,5.0,12.0,0.4734211306334456,0.4298519782898518,18.0,5.0,139,179,Pala 1,27.1
25,30,5.0,12.0,0.8292866775305141,0.610183010836817,18.0,5.0,174,103,Pala 1,94.7
28,31,5.0,12.0,0.7296868057943052,0.9088513778823216,18.0,5.0,109,161,Pala 1,102.8
44,31,5.0,12.0,0.20942838613893355,0.45756712357230145,18.0,5.0,160,173,Pala 2,102.6
33,40,5.0,12.0,0.9488816248994638,0.9877295553064411,18.0,5.0,51,92,Pala 1,114.6
22,44,5.0,12.0,0.060781168629403415,0.5928120653514998,18.0,5.0,171,170,Pala 1,72.7
36,34,5.0,12.0,0.8982797075437949,0.16055394264217449,18.0,5.0,160,75,Pala 2,112.9
10,45,5.0,12.0,0.304443448990374,0.19000929483125228,18.0,5.0,67,170,Pala 1,42.9
5,20,5.0,12.0,0.5001480831643993,0.716111035589251,18.0,5.0,116,62,Pala 1,34.4
17,9,5.0,12.0,0.4223518727007345,0.050397794243381755,18.0,5.0,50,152,Pala 2,53.0
20,15,5.0,12.0,0.17183455691691618,0.48034157622222684,18.0,5.0,53,43,Pala 2,64.8
41,6,5.0,12.0,0.35814686640169313,0.1482191098035166,18.0,5.0,125,37,Pala 2,44.2
35,3,5.0,12.0,0.19293443629279527,0.433218635177845,18.0,5.0,74,115,Pala 2,32.8
40,26,5.0,12.0,0.20388647546052385,0.7499174220717195,18.0,5.0,76,155,Pala 2,90.8
37,24,5.0,12.0,0.18705683602638035,0.45881292824143416,18.0,5.0,176,158,Pala 2,91.8
33,30,5.0,12.0,0.48901738034659425,0.16345110898092696,18.0,5.0,160,88,Pala 2,105.0
16,10,5.0,12.0,0.7979313675113155,0.2519253703566424,18.0,5.0,68,89,Pala 2,52.1
36,47,5.0,12.0,0.568970033761241,0.3675395886521824,18.0,5.0,121,78,Pala 1,111.3
24,19,5.0,12.0,0.8932065885508419,0.06956118348641471,18.0,5.0,104,109,Pala 2,78.3
37,35,5.0,12.0,0.6365444885767242,0.5843376360811219,18.0,5.0,167,122,Pala 1,119.1
11,16,5.0,12.0,0.6893401156326044,0.6075337912780502,18.0,5.0,31,90,Pala 1,54.6
22,44,5.0,12.0,0.6676072297270031,0.06215192713256745,18.0,5.0,74,145,Pala 1,74.9
41,10,5.0,12.0,0.44945919318374117,0.402311321174162,18.0,5.0,82,52,Pala 2,52.6
21,29,5.0,12.0,0.6893388222000828,0.4140006828847249,18.0,5.0,166,162,Pala 1,77.2
20,34,5.0,12.0,0.06970774646896116,0.3338195685526012,18.0,5.0,132,114,Pala 1,68.9
26,40,5.0,12.0,0.8598514719156631,0.5577397403311118,18.0,5.0,158,149,Pala 1,95.8
30,37,5.0,12.0,0.7778121434439174,0.3459574900601118,18.0,5.0,67,157,Pala 1,100.4
5,21,5.0,12.0,0.2452299582316788,0.41640927947780604,18.0,5.0,86,79,Pala 1,29.5
26,42,5.0,12.0,0.7680324542540824,0.7975235474416056,18.0,5.0,32,177,Pala 1,96.0
39,47,5.0,12.0,0.012642601400018494,0.16210935543020144,18.0,5.0,61,72,Pala 1,112.0
33,26,5.0,12.0,0.21724657248088042,0.6191146953034209,18.0,5.0,178,165,Pala 2,93.7
11,36,5.0,12.0,0.06513723867089594,0.5055944016908456,18.0,5.0,97,54,Pala 1,45.0
44,45,5.0,12.0,0.7802269166178947,0.30507163747934907,18.0,5.0,174,145,Pala 1,139.5
6,48,5.0,12.0,0.7558741511783872,0.7275346564904107,18.0,5.0,97,36,Pala 1,44.7
9,34,5.0,12.0,0.8136360238018306,0.551188359541148,18.0,5.0,113,144,Pala 1,48.2
44,3,5.0,12.0,0.004481693325528835,0.47736152696069534,18.0,5.0,41,115,Pala 2,36.7
16,15,5.0,12.0,0.501232726678408,0.6676693147712001,18.0,5.0,74,67,Pala 2,65.9
25,15,5.0,12.0,0.7048361975173365,0.8022903079813608,18.0,5.0,109,41,Pala 2,66.7
20,20,5.0,12.0,0.15540112873901546,0.9726687900335762,18.0,5.0,164,153,Pala 1,74.1
27,25,5.0,12.0,0.6497907275126247,0.6293503683763735,18.0,5.0,77,73,Pala 2,93.3
45,35,5.0,12.0,0.08411009930968572,0.8744399854003829,18.0,5.0,62,82,Pala 2,115.8
1,18,5.0,12.0,0.18132585610431318,0.0010915410229569433,18.0,5.0,113,43,Pala 1,19.8
42,16,5.0,12.0,0.475796814994601,0.5302356927258912,18.0,5.0,130,121,Pala 2,69.4
0,44,5.0,12.0,0.653565152681102,0.2146475487701981,18.0,5.0,76,81,Pala 1,21.5
35,25,5.0,12.0,0.1458691269538961,0.09419245708313717,18.0,5.0,114,75,Pala 2,87.8
25,21,5.0,12.0,0.1852233308309379,0.5319710170643921,18.0,5.0,72,159,Pala 2,79.7
28,27,5.0,12.0,0.204446367065663,0.7468265061490941,18.0,5.0,109,129,Pala 1,94.1
20,0,5.0,12.0,0.23870080469897847,0.41227252247437973,18.0,5.0,176,139,Pala 2,27.1
10,43,5.0,12.0,0.22655384852629123,0.6701074493444349,18.0,5.0,167,57,Pala 1,44.0
39,35,5.0,12.0,0.39514910849763674,0.48971925384094994,18.0,5.0,51,140,Pala 2,116.5
10,42,5.0,12.0,0.6537896508367229,0.437085865959426,18.0,5.0,159,61,Pala 1,49.5
35,36,5.0,12.0,0.43803178313446967,0.29025664043586064,18.0,5.0,137,121,Pala 1,110.9
48,1,5.0,12.0,0.7759739087498881,0.38259351450100454,18.0,5.0,127,105,Pala 2,34.9
38,16,5.0,12.0,0.7192685059486148,0.3497956307944279,18.0,5.0,47,51,Pala 2,68.3
39,39,5.0,12.0,0.12652691404907568,0.6461871840148815,18.0,5.0,157,141,Pala 1,114.1
34,37,5.0,12.0,0.04884162332074393,0.11601851127913954,18.0,5.0,48,133,Pala 1,96.0
33,20,5.0,12.0,0.8779415639996061,0.092636368687806,18.0,5.0,163,97,Pala 2,78.9
46,8,5.0,12.0,0.07983106656287342,0.6600129942084604,18.0,5.0,56,166,Pala 2,46.1
23,12,5.0,12.0,0.14833918071971308,0.5462980698788807,18.0,5.0,44,67,Pala 2,58.7
21,10,5.0,12.0,0.02213327555811806,0.4302000967426576,18.0,5.0,167,109,Pala 2,52.2
4,15,5.0,12.0,0.6283363652986538,0.15244288440790354,18.0,5.0,178,55,Pala 1,31.2
32,15,5.0,12.0,0.5823705631583486,0.4110271118693115,18.0,5.0,152,72,Pala 2,68.5
35,1,5.0,12.0,0.9869036664352556,0.7897317633200116,18.0,5.0,124,56,Pala 2,31.0
46,41,5.0,12.0,0.886932396317172,0.889621235789257,18.0,5.0,156,40,Pala 2,135.4
19,43,5.0,12.0,0.4108431774809097,0.7025765699642201,18.0,5.0,103,136,Pala 1,69.0
18,7,5.0,12.0,0.371585840912535,0.059912175880880825,18.0,5.0,87,107,Pala 2,46.0
34,42,5.0,12.0,0.2968520342799851,0.6704097766011186,18.0,5.0,176,86,Pala 1,107.7
42,41,5.0,12.0,0.15240692003788137,0.24098558954629457,18.0,5.0,139,30,Pala 1,122.0
16,12,5.0,12.0,0.13808365660200905,0.31525124302640506,18.0,5.0,167,40,Pala 2,55.8
44,16,5.0,12.0,0.13228370800960543,0.19587320795998453,18.0,5.0,78,117,Pala 2,68.8
42,38,5.0,12.0,0.11411475718677855,0.7757557906202046,18.0,5.0,90,161,Pala 2,123.9
33,23,5.0,12.0,0.24051204240553692,0.648602122637279,18.0,5.0,159,115,Pala 2,88.1
8,2,5.0,12.0,0.3066686303131164,0.6118350545991809,18.0,5.0,104,139,Pala 2,35.5
25,29,5.0,12.0,0.9615789710389159,0.6679726096692761,18.0,5.0,37,101,Pala 1,95.3
1,12,5.0,12.0,0.5784732510018857,0.2367722614039034,18.0,5.0,176,140,Pala 1,22.7
8,18,5.0,12.0,0.987595774513281,0.4446444143253616,18.0,5.0,171,62,Pala 1,49.4
8,6,5.0,12.0,0.37246694782567324,0.6332537215489892,18.0,5.0,51,103,Pala 1,44.1
39,8,5.0,12.0,0.45762663258944103,0.6365940276183004,18.0,5.0,46,95,Pala 2,49.0
16,18,5.0,12.0,0.32457865916527917,0.7918518627551305,18.0,5.0,136,137,Pala 1,62.7
0,44,5.0,12.0,0.18288765089655268,0.28710396668811056,18.0,5.0,92,33,Pala 1,15.4
24,39,5.0,12.0,0.14316470777757917,0.7703361216968224,18.0,5.0,151,62,Pala 1,82.1
42,21,5.0,12.0,0.9450791978078319,0.4401844806169357,18.0,5.0,55,134,Pala 2,87.7
39,17,5.0,12.0,0.9868106817987558,0.6701726920589348,18.0,5.0,146,155,Pala 2,74.8
41,22,5.0,12.0,0.04490949650873155,0.4557193800652868,18.0,5.0,74,113,Pala 2,85.7
24,1,5.0,12.0,0.15034587473176653,0.9486101697909433,18.0,5.0,59,106,Pala 2,28.5
38,49,5.0,12.0,0.4235240923010226,0.17930226474164446,18.0,5.0,145,112,Pala 1,115.2
34,49,5.0,12.0,0.18633347634440733,0.6750050885823571,18.0,5.0,178,61,Pala 1,110.5
2,10,5.0,12.0,0.3638803936268833,0.5765350007681589,18.0,5.0,177,145,Pala 1,25.8
49,30,5.0,12.0,0.12909634985963336,0.1727310409477446,18.0,5.0,119,48,Pala 2,100.7
36,32,5.0,12.0,0.45651175672179023,0.06600633581166793,18.0,5.0,148,82,Pala 2,106.7
43,13,5.0,12.0,0.2716946161692593,0.7991443889716636,18.0,5.0,169,117,Pala 2,61.6
43,15,5.0,12.0,0.3519050557586608,0.15745133364626518,18.0,5.0,37,38,Pala 2,63.9
29,10,5.0,12.0,0.09431265146274759,0.18650668278577598,18.0,5.0,122,112,Pala 2,53.1
37,32,5.0,12.0,0.4281280507101417,0.9784342239890393,18.0,5.0,146,54,Pala 2,109.4
33,6,5.0,12.0,0.9832576109615698,0.7172608514766308,18.0,5.0,85,147,Pala 2,44.9
11,30,5.0,12.0,0.3288330468811903,0.2504868416012225,18.0,5.0,164,96,Pala 1,49.2
18,47,5.0,12.0,0.876429274842435,0.5909489601516013,18.0,5.0,91,156,Pala 1,73.9
36,45,5.0,12.0,0.8431991416236851,0.5341118384025133,18.0,5.0,150,107,Pala 1,122.0
43,46,5.0,12.0,0.9520584182972106,0.8444732675138475,18.0,5.0,90,85,Pala 2,142.2
48,13,5.0,12.0,0.7901095122670945,0.7293207478326243,18.0,5.0,167,79,Pala 2,60.1
16,27,5.0,12.0,0.659596827058815,0.8317211254931858,18.0,5.0,79,130,Pala 1,66.8
9,42,5.0,12.0,0.8565844442274576,0.21150658797736244,18.0,5.0,177,32,Pala 1,50.9
48,15,5.0,12.0,0.07564468065734964,0.6402192043670052,18.0,5.0,57,52,Pala 2,62.9
46,18,5.0,12.0,0.4628306571988078,0.04024085841838032,18.0,5.0,171,38,Pala 2,70.4
11,16,5.0,12.0,0.9892562386150588,0.0689406122792201,18.0,5.0,105,111,Pala 1,52.6
15,25,5.0,12.0,0.7696001512947322,0.7135270327045973,18.0,5.0,37,88,Pala 1,64.8
23,5,5.0,12.0,0.9620753780372231,0.024420102643931352,18.0,5.0,164,95,Pala 2,44.7
18,42,5.0,12.0,0.7796343561334791,0.5797650089005092,18.0,5.0,34,179,Pala 1,74.7
7,48,5.0,12.0,0.8748819674421442,0.84040509844453,18.0,5.0,30,144,Pala 1,45.4
30,8,5.0,12.0,0.706529632303191,0.3799418084180286,18.0,5.0,140,64,Pala 2,45.2
20,49,5.0,12.0,0.7605020044172398,0.04484043683991279,18.0,5.0,102,107,Pala 1,70.7
16,16,5.0,12.0,0.5231780098395007,0.7138474496287268,18.0,5.0,135,138,Pala 1,67.3
22,30,5.0,12.0,0.9242377008141329,0.9296864524641508,18.0,5.0,39,77,Pala 1,88.2
36,11,5.0,12.0,0.8250389106233617,0.7171713920582679,18.0,5.0,94,82,Pala 2,56.9
15,22,5.0,12.0,0.8438849656656322,0.5784472430027753,18.0,5.0,177,104,Pala 1,69.5
5,4,5.0,12.0,0.6730091009630523,0.23002882987906004,18.0,5.0,87,61,Pala 1,37.5
7,42,5.0,12.0,0.304579947087249,0.015375624044496994,18.0,5.0,31,117,Pala 1,29.4
24,35,5.0,12.0,0.03562979539013933,0.6946721084790533,18.0,5.0,88,169,Pala 1,78.0
17,35,5.0,12.0,0.9356551294095445,0.23102617584429297,18.0,5.0,134,91,Pala 1,71.2
24,2,5.0,12.0,0.5861203488054969,0.8581626771823575,18.0,5.0,30,32,Pala 2,35.2
11,23,5.0,12.0,0.29814297114814026,0.4663641188326113,18.0,5.0,60,35,Pala 1,44.9
14,16,5.0,12.0,0.1491351078475378,0.5306355823724562,18.0,5.0,67,156,Pala 1,51.8
25,38,5.0,12.0,0.8295231655007547,0.7539365442663667,18.0,5.0,51,141,Pala 1,92.9
40,25,5.0,12.0,0.8365201944475789,0.7794306078033432,18.0,5.0,30,41,Pala 2,92.5
44,3,5.0,12.0,0.8145079681305315,0.6426508330805681,18.0,5.0,117,82,Pala 2,38.2
25,44,5.0,12.0,0.6450826919667862,0.938431815412743,18.0,5.0,38,177,Pala 1,90.8
46,11,5.0,12.0,0.3660153875918759,0.9822984363204194,18.0,5.0,139,163,Pala 2,59.2
31,0,5.0,12.0,0.304070284780257,0.9468854443746169,18.0,5.0,113,113,Pala 2,32.3
9,20,5.0,12.0,0.008554770118170185,0.8241791853439435,18.0,5.0,161,171,Pala 1,44.4
15,18,5.0,12.0,0.8336075586882403,0.7056252202442514,18.0,5.0,92,78,Pala 1,65.6
6,20,5.0,12.0,0.08743269749364246,0.6633258578816675,18.0,5.0,161,137,Pala 1,37.9
16,17,5.0,12.0,0.6307549980407676,0.1037501769205339,18.0,5.0,162,113,Pala 1,59.9
22,42,5.0,12.0,0.5040749468400884,0.2714843468191125,18.0,5.0,167,133,Pala 1,79.4
25,2,5.0,12.0,0.5266893589263512,0.0056882235293770345,18.0,5.0,137,124,Pala 2,33.3
20,48,5.0,12.0,0.9267128453077733,0.13740987023399187,18.0,5.0,69,60,Pala 1,78.7
21,43,5.0,12.0,0.03161501127124211,0.43922947716918836,18.0,5.0,65,41,Pala 1,65.1
6,31,5.0,12.0,0.7733922246287723,0.14653655078907335,18.0,5.0,64,45,Pala 1,36.3
13,9,5.0,12.0,0.05205239836730713,0.9016634146767579,18.0,5.0,88,73,Pala 2,48.6
14,39,5.0,12.0,0.0381536059353772,0.805699185335282,18.0,5.0,145,97,Pala 1,57.9
6,14,5.0,12.0,0.42981769814138193,0.07161191208951823,18.0,5.0,60,167,Pala 1,32.4
8,4,5.0,12.0,0.06307517434296672,0.24891371546726604,18.0,5.0,78,32,Pala 1,34.9
47,3,5.0,12.0,0.789143951292912,0.8190718846115088,18.0,5.0,163,60,Pala 2,37.7
7,27,5.0,12.0,0.5295630936483372,0.8030461265598735,18.0,5.0,135,145,Pala 1,45.5
49,3,5.0,12.0,0.029038782659774443,0.9454505501177888,18.0,5.0,48,34,Pala 2,35.5
22,14,5.0,12.0,0.04050068648191951,0.9975477616173603,18.0,5.0,125,34,Pala 2,63.4
28,16,5.0,12.0,0.6126685297394794,0.9762700632411219,18.0,5.0,59,95,Pala 2,65.9
17,43,5.0,12.0,0.8061118176584049,0.41013798572144144,18.0,5.0,55,44,Pala 1,70.4
30,2,5.0,12.0,0.43779953127477356,0.25032844380203223,18.0,5.0,160,178,Pala 2,33.1
29,9,5.0,12.0,0.5545806715356244,0.7584101904270625,18.0,5.0,79,130,Pala 2,51.6
38,46,5.0,12.0,0.7998294540499016,0.2992728927440308,18.0,5.0,140,40,Pala 1,115.6
34,41,5.0,12.0,0.6105061740418192,0.8064003601313298,18.0,5.0,125,71,Pala 1,112.9
17,22,5.0,12.0,0.22476023765881947,0.5339547303979244,18.0,5.0,111,95,Pala 1,61.9
41,17,5.0,12.0,0.6130520258694786,0.7939272752349539,18.0,5.0,167,123,Pala 2,73.2
38,0,5.0,12.0,0.6282794590652135,0.27587987971701045,18.0,5.0,51,90,Pala 2,28.6
16,34,5.0,12.0,0.7341069808811267,0.5080273155538209,18.0,5.0,83,89,Pala 1,64.7
13,30,5.0,12.0,0.6208741875568012,0.564023793602182,18.0,5.0,110,171,Pala 1,55.1
30,43,5.0,12.0,0.969242130458038,0.9431080677201321,18.0,5.0,161,149,Pala 1,110.7
23,0,5.0,12.0,0.19728830871706848,0.2665975768304173,18.0,5.0,66,162,Pala 2,25.7
34,2,5.0,12.0,0.9510906795670763,0.9366882392848946,18.0,5.0,92,60,Pala 2,34.5
43,2,5.0,12.0,0.5383394903500163,0.8048589154657159,18.0,5.0,80,77,Pala 2,32.0
44,36,5.0,12.0,0.671956140494912,0.7308940540866953,18.0,5.0,165,61,Pala 2,121.1
33,18,5.0,12.0,0.09946159745218985,0.7868702691851251,18.0,5.0,30,86,Pala 2,73.3
2,28,5.0,12.0,0.380575941378107,0.605425045880057,18.0,5.0,37,124,Pala 1,28.0
36,24,5.0,12.0,0.7693791464631726,0.24408001046248584,18.0,5.0,110,111,Pala 2,89.4
42,32,5.0,12.0,0.7069110150989903,0.18949496883985273,18.0,5.0,134,34,Pala 2,108.2
39,35,5.0,12.0,0.040139388165410184,0.8663414358503905,18.0,5.0,141,46,Pala 2,113.6
25,28,5.0,12.0,0.5465942634972446,0.7251394025958332,18.0,5.0,166,146,Pala 1,92.0
22,25,5.0,12.0,0.08827819296840944,0.21320428276094905,18.0,5.0,173,152,Pala 1,69.4
43,3,5.0,12.0,0.9958564291781623,0.6150933658744016,18.0,5.0,88,77,Pala 2,40.2
38,48,5.0,12.0,0.8972965885332946,0.4475464814142238,18.0,5.0,74,78,Pala 1,124.5
14,13,5.0,12.0,0.021080660428536957,0.15865516996309392,18.0,5.0,120,51,Pala 1,46.8
48,49,5.0,12.0,0.8586495789026308,0.5318571093571643,18.0,5.0,95,48,Pala 1,146.2
3,26,5.0,12.0,0.9194296005584076,0.28151909246641726,18.0,5.0,65,142,Pala 1,33.5
28,32,5.0,12.0,0.3535482225634551,0.09624412415757155,18.0,5.0,105,130,Pala 1,88.5
21,21,5.0,12.0,0.7195016550477659,0.4669582985454108,18.0,5.0,79,159,Pala 1,78.6
24,47,5.0,12.0,0.4421037462077789,0.5901085520935618,18.0,5.0,128,62,Pala 1,86.2
12,2,5.0,12.0,0.6552324845763441,0.04690641038115051,18.0,5.0,124,118,Pala 2,34.7
17,22,5.0,12.0,0.34031740429819146,0.4020927494109968,18.0,5.0,176,163,Pala 1,62.6
32,20,5.0,12.0,0.32255923663326835,0.2576619198366853,18.0,5.0,147,40,Pala 2,75.4
15,40,5.0,12.0,0.42443388885757904,0.030650590707232417,18.0,5.0,129,56,Pala 1,53.7
44,22,5.0,12.0,0.14556775865250116,0.1256625496115058,18.0,5.0,97,60,Pala 2,80.6
41,3,5.0,12.0,0.8311389644353826,0.13903415881837755,18.0,5.0,141,120,Pala 2,37.9
43,20,5.0,12.0,0.34869789536163665,0.18287424811797115,18.0,5.0,156,76,Pala 2,74.8
1,36,5.0,12.0,0.40014955390584517,0.8033775714379212,18.0,5.0,124,108,Pala 1,26.2
34,42,5.0,12.0,0.8940546127021446,0.4394918664781392,18.0,5.0,151,31,Pala 1,116.8
41,30,5.0,12.0,0.49662381406317135,0.14708599227038688,18.0,5.0,156,172,Pala 2,105.8
33,20,5.0,12.0,0.5442539093508629,0.10029696692788925,18.0,5.0,132,49,Pala 2,73.2
29,25,5.0,12.0,0.9564981247770985,0.29794045872903907,18.0,5.0,88,160,Pala 1,97.7
12,40,5.0,12.0,0.8867263831449892,0.7980155187044523,18.0,5.0,75,135,Pala 1,65.4
12,34,5.0,12.0,0.1694667088884395,0.3644598479396435,18.0,5.0,69,68,Pala 1,46.4
17,37,5.0,12.0,0.47321502991810505,0.15989736029393808,18.0,5.0,170,103,Pala 1,66.2
31,23,5.0,12.0,0.9712962274285455,0.4041161815461599,18.0,5.0,150,119,Pala 2,89.5
31,10,5.0,12.0,0.3723662982286027,0.5553115572870575,18.0,5.0,134,167,Pala 2,50.9
34,40,5.0,12.0,0.37157310851620007,0.02958418363801385,18.0,5.0,38,170,Pala 1,102.3
38,28,5.0,12.0,0.19503023178915435,0.6276418014401731,18.0,5.0,95,73,Pala 2,96.4
45,46,5.0,12.0,0.11432311411912521,0.3951007530147893,18.0,5.0,82,61,Pala 1,129.6
28,2,5.0,12.0,0.7403047907559818,0.009725875131194384,18.0,5.0,110,59,Pala 2,32.4
48,0,5.0,12.0,0.7700304687015165,0.6738893989463809,18.0,5.0,33,158,Pala 2,28.2
28,18,5.0,12.0,0.9690129635029999,0.7123876355626482,18.0,5.0,155,82,Pala 2,75.3
43,45,5.0,12.0,0.773418210905363,0.6288397885586828,18.0,5.0,171,105,Pala 1,138.2
15,48,5.0,12.0,0.2433524940335987,0.34193021759842224,18.0,5.0,134,73,Pala 1,58.6
43,21,5.0,12.0,0.04011657828851545,0.5296048540659611,18.0,5.0,165,64,Pala 2,79.0
46,13,5.0,12.0,0.9854373843696602,0.38715770613343536,18.0,5.0,126,74,Pala 2,60.2
9,48,5.0,12.0,0.34045069554360574,0.7006217301596944,18.0,5.0,121,153,Pala 1,46.2
29,13,5.0,12.0,0.31197154243242076,0.5835801862336887,18.0,5.0,107,145,Pala 2,62.2
24,43,5.0,12.0,0.9059552097493825,0.08179911382744975,18.0,5.0,112,153,Pala 1,87.2
38,15,5.0,12.0,0.5850998985449861,0.6430935582189974,18.0,5.0,99,167,Pala 2,67.0
19,32,5.0,12.0,0.21487117384913457,0.6872384143378015,18.0,5.0,65,76,Pala 1,69.2
4,12,5.0,12.0,0.8890962427162395,0.3707021806146994,18.0,5.0,113,47,Pala 1,36.2
0,37,5.0,12.0,0.9933608550547434,0.8757857809597044,18.0,5.0,158,101,Pala 1,36.5
29,48,5.0,12.0,0.08667856115083072,0.8430143548449627,18.0,5.0,170,152,Pala 1,94.7
48,11,5.0,12.0,0.8622516283024872,0.17516652389973786,18.0,5.0,169,106,Pala 2,56.1
2,37,5.0,12.0,0.390515697684394,0.9042663084858685,18.0,5.0,104,173,Pala 1,30.2
44,38,5.0,12.0,0.5240724465067044,0.4408723714950775,18.0,5.0,129,171,Pala 2,123.5
13,32,5.0,12.0,0.9148159757649807,0.7237496526342934,18.0,5.0,174,38,Pala 1,63.7
29,32,5.0,12.0,0.9733791957751172,0.814097006967236,18.0,5.0,82,98,Pala 1,100.0
49,28,5.0,12.0,0.2621639104087994,0.5051124210696899,18.0,5.0,96,90,Pala 2,98.8
3,4,5.0,12.0,0.21285077095991378,0.39910193937081573,18.0,5.0,39,40,Pala 1,26.1
17,5,5.0,12.0,0.08051655859151186,0.9154513686150983,18.0,5.0,75,176,Pala 2,39.9
36,30,5.0,12.0,0.561797852662138,0.2308535529354232,18.0,5.0,112,93,Pala 2,105.6
24,15,5.0,12.0,0.013604395450668272,0.2569700777191445,18.0,5.0,146,67,Pala 2,62.0
47,30,5.0,12.0,0.41189829760993657,0.3616203140134371,18.0,5.0,33,39,Pala 2,99.9
0,24,5.0,12.0,0.07338401665200855,0.8594657779705656,18.0,5.0,86,45,Pala 1,20.5
45,47,5.0,12.0,0.405225782929334,0.9387882642130759,18.0,5.0,67,98,Pala 1,137.8
14,45,5.0,12.0,0.039932189265609264,0.22006771475486187,18.0,5.0,169,71,Pala 1,51.4
8,32,5.0,12.0,0.8352172606087689,0.8638701476312454,18.0,5.0,60,73,Pala 1,48.9
14,12,5.0,12.0,0.20973899393856588,0.2582029594685693,18.0,5.0,159,179,Pala 1,54.3
48,9,5.0,12.0,0.328308710357912,0.970641246749888,18.0,5.0,158,53,Pala 2,53.2
23,23,5.0,12.0,0.8700479966063919,0.5974078919815823,18.0,5.0,110,169,Pala 1,82.8
3,9,5.0,12.0,0.7462660613322051,0.007086467447382394,18.0,5.0,54,64,Pala 1,32.4
11,40,5.0,12.0,0.21903836164205848,0.034129904071177886,18.0,5.0,34,79,Pala 1,38.9
36,30,5.0,12.0,0.07189941865749605,0.14748453080470847,18.0,5.0,77,112,Pala 2,98.2
36,12,5.0,12.0,0.7156737768553395,0.18757315781875672,18.0,5.0,171,107,Pala 2,63.0
42,2,5.0,12.0,0.39070255068810933,0.7676191228265966,18.0,5.0,81,69,Pala 2,34.7
5,49,5.0,12.0,0.7660799991182212,0.2227658764169499,18.0,5.0,103,51,Pala 1,38.1
38,33,5.0,12.0,0.4452947723752104,0.9691416200498598,18.0,5.0,178,104,Pala 2,112.2
45,48,5.0,12.0,0.3460024129722764,0.6361120572029383,18.0,5.0,128,95,Pala 1,135.8
23,27,5.0,12.0,0.4512054082123965,0.6925175092535177,18.0,5.0,96,167,Pala 1,77.5
10,18,5.0,12.0,0.7485589856706767,0.2178165192852075,18.0,5.0,148,123,Pala 1,52.3
12,22,5.0,12.0,0.9022202865403741,0.8927063140950847,18.0,5.0,132,139,Pala 1,64.9
33,44,5.0,12.0,0.049767196588575535,0.6678145728199314,18.0,5.0,62,76,Pala 1,102.7
24,31,5.0,12.0,0.5241115412269551,0.8644056243418639,18.0,5.0,174,164,Pala 1,90.6
6,12,5.0,12.0,0.0328354290838776,0.956481097231227,18.0,5.0,63,133,Pala 1,35.2
3,32,5.0,12.0,0.4684095450243587,0.12564097710959643,18.0,5.0,142,109,Pala 1,30.7
7,33,5.0,12.0,0.8852828290969004,0.09658723026894567,18.0,5.0,80,74,Pala 1,43.4
19,32,5.0,12.0,0.36159026642030967,0.8034078265896357,18.0,5.0,65,130,Pala 1,71.6
28,4,5.0,12.0,0.9324504210806432,0.8661260590941703,18.0,5.0,42,41,Pala 2,44.6
44,2,5.0,12.0,0.6306084716506094,0.5837614208779857,18.0,5.0,114,112,Pala 2,34.6
45,6,5.0,12.0,0.9341553437930064,0.3660005477505206,18.0,5.0,42,142,Pala 2,45.5
9,23,5.0,12.0,0.7571666254125197,0.6526296360752237,18.0,5.0,61,40,Pala 1,47.7
42,21,5.0,12.0,0.10343516664876229,0.3056640725924573,18.0,5.0,162,160,Pala 2,81.0
33,44,5.0,12.0,0.23115136756267707,0.23838569215346816,18.0,5.0,41,90,Pala 1,95.7
25,22,5.0,12.0,0.3941704545835062,0.4881452095272655,18.0,5.0,66,85,Pala 2,84.1
40,29,5.0,12.0,0.17010688201207602,0.2161538276063797,18.0,5.0,97,151,Pala 2,101.0
48,17,5.0,12.0,0.4949116047766605,0.4837036083151729,18.0,5.0,135,55,Pala 2,67.6
2,31,5.0,12.0,0.4713681557014906,0.956606505463572,18.0,5.0,122,115,Pala 1,33.6
5,6,5.0,12.0,0.9562591980273812,0.8397840356173905,18.0,5.0,70,63,Pala 1,47.1
4,32,5.0,12.0,0.43372788289597775,0.9416309195000223,18.0,5.0,85,173,Pala 1,35.1
4,4,5.0,12.0,0.7856268042879978,0.8063289748473585,18.0,5.0,98,163,Pala 1,42.1
46,48,5.0,12.0,0.9419105448514798,0.3547509359462767,18.0,5.0,40,139,Pala 1,145.6
22,27,5.0,12.0,0.8769888309739855,0.8120452385515591,18.0,5.0,166,101,Pala 1,87.5
48,7,5.0,12.0,0.20866762451159182,0.922915743553214,18.0,5.0,142,85,Pala 2,48.3
8,14,5.0,12.0,0.49602989425354427,0.9470357878370544,18.0,5.0,57,112,Pala 1,46.2
34,3,5.0,12.0,0.3477397822959257,0.683197850684997,18.0,5.0,51,176,Pala 2,37.0
19,33,5.0,12.0,0.3998586951372155,0.21136664381511316,18.0,5.0,114,122,Pala 1,63.6
48,4,5.0,12.0,0.3608068262457512,0.03972915336469085,18.0,5.0,35,162,Pala 2,40.9
41,32,5.0,12.0,0.8263592101750041,0.14720022816015577,18.0,5.0,55,55,Pala 2,108.8
34,4,5.0,12.0,0.45213905512244745,0.9655469178939454,18.0,5.0,173,107,Pala 2,38.8
49,37,5.0,12.0,0.5236943322446882,0.46209682419276943,18.0,5.0,43,126,Pala 2,122.9
17,33,5.0,12.0,0.9824473570470746,0.8549860148320575,18.0,5.0,64,104,Pala 1,74.4
16,25,5.0,12.0,0.05997927219151644,0.4650441535582911,18.0,5.0,71,145,Pala 1,57.6
23,0,5.0,12.0,0.4879576397907488,0.6608175834598394,18.0,5.0,82,99,Pala 2,27.3
2,3,5.0,12.0,0.7740617069461161,0.024140777122333645,18.0,5.0,129,65,Pala 1,29.7
31,38,5.0,12.0,0.15116195818822653,0.24986494271936677,18.0,5.0,179,78,Pala 1,93.8
34,25,5.0,12.0,0.6115315946147739,0.43626928004258925,18.0,5.0,42,82,Pala 2,89.9
37,32,5.0,12.0,0.23946477953446677,0.6306310471541632,18.0,5.0,40,159,Pala 2,110.2
12,32,5.0,12.0,0.8674041132245676,0.1715211880531785,18.0,5.0,169,109,Pala 1,57.3
46,7,5.0,12.0,0.3270996654000793,0.76455146427049,18.0,5.0,126,100,Pala 2,41.9
24,19,5.0,12.0,0.32906281690090955,0.3644047061362373,18.0,5.0,115,50,Pala 2,77.0
8,15,5.0,12.0,0.5981938785178935,0.8174352692338844,18.0,5.0,82,64,Pala 1,44.1
3,20,5.0,12.0,0.18356290811990872,0.0979690903950673,18.0,5.0,38,115,Pala 1,26.9
13,44,5.0,12.0,0.28488863890306104,0.6797565876823719,18.0,5.0,100,144,Pala 1,57.0
36,25,5.0,12.0,0.4166318501194115,0.2933283332065102,18.0,5.0,46,51,Pala 2,94.4
33,22,5.0,12.0,0.35363786314011036,0.7953831741226179,18.0,5.0,39,163,Pala 2,86.1
10,17,5.0,12.0,0.5248772180055824,0.40217042704241057,18.0,5.0,152,149,Pala 1,49.4
40,30,5.0,12.0,0.5996401440689663,0.6653496322635665,18.0,5.0,68,68,Pala 2,103.0
2,41,5.0,12.0,0.5666674537501646,0.9343052686364735,18.0,5.0,139,72,Pala 1,31.0
27,11,5.0,12.0,0.6541683119919323,0.020626632013764357,18.0,5.0,118,175,Pala 2,56.1
28,0,5.0,12.0,0.30774951660782024,0.011116782334373632,18.0,5.0,123,70,Pala 2,28.1
8,41,5.0,12.0,0.12642622715502805,0.7702792521767134,18.0,5.0,136,157,Pala 1,39.5
2,8,5.0,12.0,0.7608075414310771,0.6463930515080781,18.0,5.0,63,147,Pala 1,32.8
24,2,5.0,12.0,0.850780382630682,0.29297972050443266,18.0,5.0,62,64,Pala 2,33.9
33,25,5.0,12.0,0.25700623222243224,0.4943967027742624,18.0,5.0,41,53,Pala 2,91.6
11,8,5.0,12.0,0.40709195615801974,0.04193566559886874,18.0,5.0,116,133,Pala 2,46.8
41,41,5.0,12.0,0.4985692169635553,0.19244560536124078,18.0,5.0,122,69,Pala 1,121.7
8,15,5.0,12.0,0.5333268427529364,0.4244963745271675,18.0,5.0,136,116,Pala 1,43.3
14,23,5.0,12.0,0.6594901710876518,0.8340444162214823,18.0,5.0,39,58,Pala 1,65.0
39,49,5.0,12.0,0.041603233355321345,0.4796671828600848,18.0,5.0,154,167,Pala 1,118.0
24,13,5.0,12.0,0.721477082734017,0.5863625045259787,18.0,5.0,48,108,Pala 2,62.5
4,2,5.0,12.0,0.06197100697941027,0.8737537919937804,18.0,5.0,52,167,Pala 1,28.0
10,33,5.0,12.0,0.46828856767286786,0.3088189135888453,18.0,5.0,157,93,Pala 1,46.0
33,32,5.0,12.0,0.8276711355691941,0.7006993211020559,18.0,5.0,114,146,Pala 2,112.3
23,49,5.0,12.0,0.45121531327839626,0.8616672586782533,18.0,5.0,136,127,Pala 1,83.0
14,23,5.0,12.0,0.14908974876824777,0.20261570069617674,18.0,5.0,128,175,Pala 1,53.7
37,8,5.0,12.0,0.9850338450059597,0.3564781651478325,18.0,5.0,88,159,Pala 2,51.7
7,12,5.0,12.0,0.8892854620742633,0.9798101738893551,18.0,5.0,103,114,Pala 1,50.5
4,1,5.0,12.0,0.771313633225014,0.9832185647962111,18.0,5.0,31,80,Pala 2,36.9
47,6,5.0,12.0,0.4115116028992104,0.2232299302939379,18.0,5.0,77,124,Pala 2,44.0
25,47,5.0,12.0,0.1838457268892978,0.06644583889262812,18.0,5.0,35,51,Pala 1,75.6
17,20,5.0,12.0,0.9414111814185012,0.2709216113100529,18.0,5.0,72,38,Pala 1,71.1
5,18,5.0,12.0,0.532351126517139,0.39773195730368727,18.0,5.0,174,120,Pala 1,36.8
36,24,5.0,12.0,0.8523554603874851,0.4410056009311637,18.0,5.0,156,118,Pala 2,92.4
47,46,5.0,12.0,0.34209500575942575,0.6188063073304236,18.0,5.0,108,118,Pala 2,141.0
12,21,5.0,12.0,0.3352883170794706,0.8995027601315464,18.0,5.0,150,103,Pala 1,54.1
27,10,5.0,12.0,0.9855404806740391,0.33034801190716245,18.0,5.0,149,123,Pala 2,55.6
4,32,5.0,12.0,0.5218330484948498,0.8499845354992085,18.0,5.0,58,152,Pala 1,36.8
12,31,5.0,12.0,0.1406954238607463,0.09347892092662691,18.0,5.0,107,161,Pala 1,45.4
16,20,5.0,12.0,0.2196746779947074,0.04187469897321472,18.0,5.0,87,178,Pala 1,58.6
49,38,5.0,12.0,0.4819442793927208,0.5040451831234612,18.0,5.0,99,153,Pala 2,124.0
39,19,5.0,12.0,0.04247091048841134,0.05966222333060489,18.0,5.0,38,59,Pala 2,75.4
44,7,5.0,12.0,0.4625339853783005,0.39248980123423016,18.0,5.0,68,72,Pala 2,47.5
31,41,5.0,12.0,0.4189408420801276,0.8967781168692344,18.0,5.0,151,31,Pala 1,106.3
28,36,5.0,12.0,0.779336265319487,0.24148303620747336,18.0,5.0,88,116,Pala 1,97.3
2,8,5.0,12.0,0.35494196448924176,0.7059757751249032,18.0,5.0,73,161,Pala 1,30.0
39,24,5.0,12.0,0.9825487615395994,0.3023653923900669,18.0,5.0,94,76,Pala 2,89.4
33,24,5.0,12.0,0.18076991930090314,0.044920055242135604,18.0,5.0,40,113,Pala 2,87.9
39,32,5.0,12.0,0.5909866849681349,0.5566905814103094,18.0,5.0,120,118,Pala 2,109.4
26,1,5.0,12.0,0.08969929700825463,0.8348534905367517,18.0,5.0,113,74,Pala 2,27.3
12,18,5.0,12.0,0.733863983993982,0.4094684483426194,18.0,5.0,34,94,Pala 1,53.2
44,45,5.0,12.0,0.9947536880619715,0.6172938264580871,18.0,5.0,143,35,Pala 2,141.8
32,19,5.0,12.0,0.8191386377516322,0.9000235976577259,18.0,5.0,134,36,Pala 2,74.6
5,41,5.0,12.0,0.5557035407203013,0.7896945127369878,18.0,5.0,45,47,Pala 1,41.0
23,40,5.0,12.0,0.48474135739969204,0.1938763993928193,18.0,5.0,36,148,Pala 1,74.1
18,41,5.0,12.0,0.8350299612668469,0.7333839593650058,18.0,5.0,73,70,Pala 1,73.3
15,28,5.0,12.0,0.9359740847107243,0.501893025160152,18.0,5.0,55,136,Pala 1,65.7
39,5,5.0,12.0,0.989206525798093,0.7459668078860847,18.0,5.0,65,98,Pala 2,41.5
27,16,5.0,12.0,0.3965392275644841,0.4945155505222182,18.0,5.0,121,54,Pala 2,69.7
32,24,5.0,12.0,0.9909174747945123,0.12795816410830285,18.0,5.0,41,85,Pala 2,90.7
47,37,5.0,12.0,0.1559262521738315,0.5699094466892392,18.0,5.0,119,30,Pala 2,120.6
40,3,5.0,12.0,0.2535497759319092,0.4921339923973399,18.0,5.0,97,160,Pala 2,34.9
12,29,5.0,12.0,0.0890161247338962,0.5179217336414418,18.0,5.0,137,83,Pala 1,46.2
42,19,5.0,12.0,0.27173851648448166,0.8789024536458703,18.0,5.0,133,110,Pala 2,76.5
44,2,5.0,12.0,0.7679375516180111,0.8948370467062514,18.0,5.0,117,159,Pala 2,35.0
24,22,5.0,12.0,0.8529243581784497,0.45353710676571835,18.0,5.0,124,37,Pala 2,79.3
41,17,5.0,12.0,0.7788926451025717,0.4557320412800884,18.0,5.0,155,138,Pala 2,72.4
35,25,5.0,12.0,0.6310657781676963,0.515186958872616,18.0,5.0,59,82,Pala 2,90.5
26,35,5.0,12.0,0.5139665125226456,0.5195892783342569,18.0,5.0,92,73,Pala 1,88.1
37,7,5.0,12.0,0.7087042892136465,0.9503871441791126,18.0,5.0,32,57,Pala 2,48.9
6,16,5.0,12.0,0.3908335492672218,0.6494004673774935,18.0,5.0,131,176,Pala 1,39.2
4,30,5.0,12.0,0.8413083514997018,0.27745699488794395,18.0,5.0,121,177,Pala 1,36.3
42,36,5.0,12.0,0.6771900939767854,0.5315367969539899,18.0,5.0,77,64,Pala 2,124.1
44,44,5.0,12.0,0.6978046984944085,0.6272235829079829,18.0,5.0,37,176,Pala 1,134.2
30,32,5.0,12.0,0.5359359931290713,0.6397717210139645,18.0,5.0,164,133,Pala 1,99.3
22,26,5.0,12.0,0.8852289842111726,0.5852542262381827,18.0,5.0,66,92,Pala 1,87.2
41,44,5.0,12.0,0.25201473367905247,0.17773615462153736,18.0,5.0,100,111,Pala 1,116.7
9,3,5.0,12.0,0.3811476533610507,0.03359318907950748,18.0,5.0,111,36,Pala 2,34.4
31,21,5.0,12.0,0.7776425696776891,0.3378430523668544,18.0,5.0,141,68,Pala 2,83.7
42,25,5.0,12.0,0.4927488961293377,0.42752215456025355,18.0,5.0,132,59,Pala 2,89.7
29,31,5.0,12.0,0.8892140134241908,0.061804239576086606,18.0,5.0,50,52,Pala 1,97.5
38,23,5.0,12.0,0.3463993197628523,0.8149673380198461,18.0,5.0,63,113,Pala 2,87.2
30,45,5.0,12.0,0.36933016881964476,0.34407743751027375,18.0,5.0,56,76,Pala 1,91.8
17,34,5.0,12.0,0.8887357893866253,0.9136327461785047,18.0,5.0,37,124,Pala 1,77.1
35,36,5.0,12.0,0.46437032018204105,0.15441010784226517,18.0,5.0,47,92,Pala 1,107.6
1,31,5.0,12.0,0.5161245842024867,0.05693495693731343,18.0,5.0,169,149,Pala 1,22.4
13,6,5.0,12.0,0.3327637153356794,0.4823161043863218,18.0,5.0,80,166,Pala 2,46.5
12,32,5.0,12.0,0.2766699421790819,0.18912933682570665,18.0,5.0,179,146,Pala 1,48.6
28,30,5.0,12.0,0.655948710838392,0.9373992755778612,18.0,5.0,165,116,Pala 1,103.4
11,11,5.0,12.0,0.11984066154120387,0.010303398453738954,18.0,5.0,76,103,Pala 1,42.7
38,10,5.0,12.0,0.8792726411829093,0.41261967505903496,18.0,5.0,85,95,Pala 2,57.7
1,23,5.0,12.0,0.7792031367651079,0.9267477713451683,18.0,5.0,168,66,Pala 1,39.6
31,7,5.0,12.0,0.19074826370580278,0.38441820672976834,18.0,5.0,178,154,Pala 2,44.7
12,31,5.0,12.0,0.6940199458245654,0.09310928060046075,18.0,5.0,171,30,Pala 1,54.0
45,37,5.0,12.0,0.6026329212856348,0.3028949428617871,18.0,5.0,108,111,Pala 2,121.0
26,21,5.0,12.0,0.1845350507366441,0.49801039383443346,18.0,5.0,43,64,Pala 2,77.5
48,33,5.0,12.0,0.27320350605023247,0.1851516873433331,18.0,5.0,129,100,Pala 2,110.6
40,18,5.0,12.0,0.4089865037338344,0.4665617051432619,18.0,5.0,32,137,Pala 2,73.3
16,19,5.0,12.0,0.6992427352454739,0.8363431957858375,18.0,5.0,151,115,Pala 1,71.1
39,13,5.0,12.0,0.638723408817006,0.872617970196613,18.0,5.0,36,54,Pala 2,61.3
30,32,5.0,12.0,0.5322348476766979,0.04926073471073211,18.0,5.0,68,71,Pala 1,95.6
33,9,5.0,12.0,0.7684105431140342,0.1609033580525735,18.0,5.0,144,38,Pala 2,48.7
23,15,5.0,12.0,0.757937739606166,0.27529013576680417,18.0,5.0,139,80,Pala 2,65.1
44,3,5.0,12.0,0.6178591540622559,0.5948658508876018,18.0,5.0,94,86,Pala 2,33.1
34,26,5.0,12.0,0.7869900833848252,0.3609947587924671,18.0,5.0,54,111,Pala 2,94.8
47,27,5.0,12.0,0.3342633747792092,0.8440409134460755,18.0,5.0,60,42,Pala 2,96.4
5,42,5.0,12.0,0.8812495283226056,0.7166718682829376,18.0,5.0,115,57,Pala 1,43.8
18,15,5.0,12.0,0.6149100858019407,0.10045602311350821,18.0,5.0,167,115,Pala 2,62.4
29,32,5.0,12.0,0.8223635138124306,0.6245575025120912,18.0,5.0,106,140,Pala 1,102.3
6,47,5.0,12.0,0.546279104790284,0.11301262534697842,18.0,5.0,166,74,Pala 1,34.9
9,18,5.0,12.0,0.21843824498868036,0.25503566963646007,18.0,5.0,151,67,Pala 1,39.0
40,20,5.0,12.0,0.5424101286783086,0.17787063353422805,18.0,5.0,37,49,Pala 2,77.2
31,21,5.0,12.0,0.3711116637765881,0.17306194920070495,18.0,5.0,126,126,Pala 2,78.8
33,8,5.0,12.0,0.6974990360370945,0.6163955247768592,18.0,5.0,48,131,Pala 2,51.9
27,8,5.0,12.0,0.4757937917347358,0.5636049225541615,18.0,5.0,59,88,Pala 2,50.2
14,8,5.0,12.0,0.8361128049276877,0.17602815278772688,18.0,5.0,38,171,Pala 2,49.6
29,26,5.0,12.0,0.6780725123219167,0.9901728054184318,18.0,5.0,112,71,Pala 2,97.0
36,16,5.0,12.0,0.684544433031324,0.4218367323682938,18.0,5.0,76,88,Pala 2,70.1
28,43,5.0,12.0,0.21715533349106497,0.09706932815493663,18.0,5.0,119,37,Pala 1,88.9
21,44,5.0,12.0,0.9842497664912904,0.12056901695511513,18.0,5.0,30,86,Pala 1,77.0
3,7,5.0,12.0,0.8416752092714888,0.5838937137265947,18.0,5.0,160,179,Pala 1,36.4
19,15,5.0,12.0,0.7890048845606946,0.9790694033834728,18.0,5.0,30,131,Pala 2,70.5
31,17,5.0,12.0,0.33021522516002744,0.5719511016191978,18.0,5.0,152,113,Pala 2,70.5
35,32,5.0,12.0,0.5356316528472319,0.9490414766166372,18.0,5.0,175,50,Pala 2,105.0
49,0,5.0,12.0,0.13710318807432864,0.4441328507580268,18.0,5.0,166,157,Pala 2,28.3
3,11,5.0,12.0,0.538475976662706,0.435841103652012,18.0,5.0,164,78,Pala 1,31.1
26,5,5.0,12.0,0.14588924648328727,0.5000073593158822,18.0,5.0,59,83,Pala 2,37.1
16,40,5.0,12.0,0.5530378439896012,0.6974254581555552,18.0,5.0,106,97,Pala 1,68.1
11,4,5.0,12.0,0.6487218801549056,0.36761596645133265,18.0,5.0,110,75,Pala 2,34.3
21,15,5.0,12.0,0.39019596724990235,0.863886032678957,18.0,5.0,42,124,Pala 2,67.8
16,17,5.0,12.0,0.49854487833129324,0.029281384768146235,18.0,5.0,42,126,Pala 1,60.3
9,48,5.0,12.0,0.8756533876745859,0.43976419502844233,18.0,5.0,71,79,Pala 1,53.5
0,17,5.0,12.0,0.10856314470280937,0.5109918499799179,18.0,5.0,153,112,Pala 1,20.5
21,0,5.0,12.0,0.7917328929996529,0.6070322382630962,18.0,5.0,130,92,Pala 2,29.2
25,18,5.0,12.0,0.1707545509961964,0.27607191236586326,18.0,5.0,107,39,Pala 2,72.4
17,7,5.0,12.0,0.03670798280462839,0.42747997098583534,18.0,5.0,136,118,Pala 2,45.3
49,2,5.0,12.0,0.18557460274504778,0.48453775021405665,18.0,5.0,65,170,Pala 2,35.2
13,24,5.0,12.0,0.7650431899704897,0.6869099786832132,18.0,5.0,64,99,Pala 1,61.9
46,4,5.0,12.0,0.40512607333686,0.773544184735814,18.0,5.0,85,59,Pala 2,38.7
28,39,5.0,12.0,0.8725205168461819,0.7378273273437872,18.0,5.0,116,109,Pala 1,106.0
11,18,5.0,12.0,0.5247075411822658,0.3415830522895853,18.0,5.0,34,101,Pala 1,48.1
35,17,5.0,12.0,0.022250351926330958,0.9994505229919636,18.0,5.0,150,168,Pala 2,73.2
34,49,5.0,12.0,0.7167136096019268,0.8486653117871794,18.0,5.0,116,152,Pala 1,116.3
11,30,5.0,12.0,0.1102329087212327,0.26002337314496893,18.0,5.0,127,158,Pala 1,44.6
6,32,5.0,12.0,0.7893796334619244,0.19510580567282754,18.0,5.0,164,175,Pala 1,42.6
28,46,5.0,12.0,0.16810254980518002,0.3140212505833905,18.0,5.0,36,129,Pala 1,85.1
10,17,5.0,12.0,0.34544638580551346,0.4523448529996449,18.0,5.0,33,40,Pala 1,43.6
32,38,5.0,12.0,0.7612714296253603,0.8507993783196138,18.0,5.0,137,113,Pala 1,113.1
5,15,5.0,12.0,0.9542313574764216,0.7783622637945344,18.0,5.0,157,167,Pala 1,45.0
46,15,5.0,12.0,0.37143395064673235,0.851246123505876,18.0,5.0,61,90,Pala 2,66.4
14,46,5.0,12.0,0.8294002201989358,0.2719571149103285,18.0,5.0,57,167,Pala 1,57.3
31,37,5.0,12.0,0.19079226547583872,0.5934612224518362,18.0,5.0,33,130,Pala 1,97.9
10,40,5.0,12.0,0.8071797702024911,0.28324906227737445,18.0,5.0,138,151,Pala 1,53.5
22,6,5.0,12.0,0.657494059256251,0.10902316071949314,18.0,5.0,37,89,Pala 2,42.3
25,13,5.0,12.0,0.19274350721236844,0.6841977434746807,18.0,5.0,171,143,Pala 2,63.4
33,42,5.0,12.0,0.3025039603514116,0.14299755119543878,18.0,5.0,59,179,Pala 1,96.8
45,47,5.0,12.0,0.131770888597036,0.6676977617064714,18.0,5.0,160,104,Pala 1,133.6
33,24,5.0,12.0,0.3829670110643133,0.6479643049054091,18.0,5.0,159,128,Pala 2,88.0
28,31,5.0,12.0,0.2036486411232774,0.810248444424017,18.0,5.0,39,38,Pala 1,90.8
3,37,5.0,12.0,0.6439979536304735,0.1395546045635644,18.0,5.0,99,172,Pala 1,30.3
16,21,5.0,12.0,0.9945051042205587,0.7834801485088109,18.0,5.0,148,112,Pala 1,72.6
34,15,5.0,12.0,0.01200916308426414,0.9992765259462371,18.0,5.0,100,66,Pala 2,62.8
12,28,5.0,12.0,0.5409198132872987,0.8510424485859022,18.0,5.0,173,99,Pala 1,58.1
40,15,5.0,12.0,0.5736665975490097,0.7518120763276662,18.0,5.0,99,160,Pala 2,63.9
38,11,5.0,12.0,0.9142087896808119,0.6621653546947076,18.0,5.0,120,39,Pala 2,53.2
14,16,5.0,12.0,0.5060053347669375,0.4217814846854294,18.0,5.0,149,161,Pala 1,56.4
28,36,5.0,12.0,0.5437014196449175,0.7305001678916022,18.0,5.0,179,85,Pala 1,98.2
28,26,5.0,12.0,0.4716528013283886,0.7241780351404532,18.0,5.0,64,62,Pala 1,90.2
10,24,5.0,12.0,0.2689043045614814,0.6314982826872882,18.0,5.0,153,178,Pala 1,44.6
31,12,5.0,12.0,0.056029133248913676,0.7962783782978284,18.0,5.0,141,132,Pala 2,55.2
1,7,5.0,12.0,0.4086576822098361,0.4487638884268347,18.0,5.0,131,148,Pala 1,23.8
46,4,5.0,12.0,0.05259147124067853,0.12125271213239064,18.0,5.0,159,74,Pala 2,35.4
13,11,5.0,12.0,0.5504924694659178,0.5590677276092374,18.0,5.0,176,86,Pala 2,53.6
19,40,5.0,12.0,0.30729364324229314,0.2650435287113426,18.0,5.0,161,155,Pala 1,70.5
21,2,5.0,12.0,0.5336024015254278,0.3844330974291502,18.0,5.0,111,156,Pala 2,34.0
10,34,5.0,12.0,0.13429696439518668,0.017414903941226023,18.0,5.0,133,39,Pala 1,36.9
26,32,5.0,12.0,0.9326299657393596,0.38279058791788334,18.0,5.0,70,103,Pala 1,92.8
2,21,5.0,12.0,0.8945212435499349,0.8088011061354546,18.0,5.0,85,95,Pala 1,38.6
16,49,5.0,12.0,0.1899965092022845,0.5427223669382548,18.0,5.0,84,131,Pala 1,60.7
43,43,5.0,12.0,0.3434442832940099,0.009800526933971043,18.0,5.0,156,114,Pala 1,122.4
27,8,5.0,12.0,0.6134927718519796,0.4698438202398473,18.0,5.0,179,111,Pala 2,50.3
28,40,5.0,12.0,0.09568620730590627,0.29145164764540743,18.0,5.0,104,64,Pala 1,84.6
20,17,5.0,12.0,0.3545678211161508,0.4775506553971711,18.0,5.0,109,82,Pala 1,71.7
46,49,5.0,12.0,0.2511122868190061,0.40469272144787705,18.0,5.0,157,141,Pala 1,137.7
15,28,5.0,12.0,0.9155167287166966,0.9319792195573815,18.0,5.0,161,51,Pala 1,71.0
36,38,5.0,12.0,0.8525106362892052,0.04117729896301581,18.0,5.0,178,96,Pala 1,117.1
19,26,5.0,12.0,0.5798327412668638,0.6835880112819323,18.0,5.0,74,129,Pala 1,72.7
5,35,5.0,12.0,0.5203463368715742,0.8510265963017415,18.0,5.0,113,109,Pala 1,38.5
18,44,5.0,12.0,0.9307257945453972,0.9592385846504754,18.0,5.0,37,129,Pala 1,77.5
4,16,5.0,12.0,0.9324277829788153,0.1776362265442959,18.0,5.0,136,104,Pala 1,39.8
2,33,5.0,12.0,0.9693301253516604,0.5313048019661939,18.0,5.0,146,149,Pala 1,35.8
0,45,5.0,12.0,0.12537888410818765,0.043589577317211914,18.0,5.0,38,46,Pala 1,14.9
37,2,5.0,12.0,0.16055781076317022,0.4991835244550885,18.0,5.0,175,176,Pala 2,35.2
14,4,5.0,12.0,0.6767366986798866,0.12545808954098192,18.0,5.0,60,101,Pala 2,37.7
33,13,5.0,12.0,0.5414344766098449,0.8378966746987134,18.0,5.0,64,153,Pala 2,65.4
34,2,5.0,12.0,0.018465904893235963,0.11387000260536484,18.0,5.0,47,119,Pala 2,34.1
48,22,5.0,12.0,0.06197503598951937,0.5132883603864953,18.0,5.0,53,80,Pala 2,82.6
24,38,5.0,12.0,0.8880803822588051,0.5210960689927537,18.0,5.0,115,86,Pala 1,88.1
23,29,5.0,12.0,0.8688707955393863,0.9716504979316054,18.0,5.0,77,167,Pala 1,86.9
11,49,5.0,12.0,0.35727092199604515,0.6549806940388881,18.0,5.0,171,61,Pala 1,51.2
17,44,5.0,12.0,0.8910506169305347,0.2878402930768019,18.0,5.0,176,108,Pala 1,72.4
14,22,5.0,12.0,0.5936750743979018,0.24079930993813847,18.0,5.0,89,152,Pala 1,57.0
43,26,5.0,12.0,0.8059056470189019,0.1282482056450649,18.0,5.0,122,151,Pala 2,95.7
15,9,5.0,12.0,0.4274310711602143,0.7565147240490595,18.0,5.0,51,97,Pala 2,49.3
26,24,5.0,12.0,0.11339832734490873,0.6907566561823386,18.0,5.0,59,57,Pala 2,87.7
7,12,5.0,12.0,0.43372706264601624,0.609877127308106,18.0,5.0,172,161,Pala 1,43.7
45,15,5.0,12.0,0.4572997979968979,0.04084044294998834,18.0,5.0,50,106,Pala 2,67.7
24,40,5.0,12.0,0.550944193840603,0.7628288663942945,18.0,5.0,129,169,Pala 1,91.4
16,33,5.0,12.0,0.105582712904428,0.6418875771484792,18.0,5.0,41,44,Pala 1,58.2
28,36,5.0,12.0,0.9914018630496114,0.9638888681104884,18.0,5.0,164,58,Pala 1,105.2
7,21,5.0,12.0,0.24413682080690635,0.5872021298768121,18.0,5.0,132,116,Pala 1,39.8
14,16,5.0,12.0,0.19855240353709291,0.3039519066617081,18.0,5.0,64,42,Pala 1,50.1
26,22,5.0,12.0,0.5268029188559366,0.38152055218932024,18.0,5.0,97,67,Pala 2,80.5
45,35,5.0,12.0,0.5372081793948886,0.1758407053782325,18.0,5.0,159,139,Pala 2,118.8
49,48,5.0,12.0,0.43982073783324427,0.7229141822013851,18.0,5.0,49,64,Pala 1,145.1
6,8,5.0,12.0,0.7718921463252545,0.7077216600217253,18.0,5.0,76,105,Pala 1,43.6
2,1,5.0,12.0,0.5166544007286027,0.20065001547767625,18.0,5.0,113,139,Pala 1,26.0
28,31,5.0,12.0,0.6096954551449841,0.1584893231822786,18.0,5.0,41,34,Pala 1,90.3
43,49,5.0,12.0,0.7237463854077856,0.07700493320219459,18.0,5.0,82,31,Pala 1,130.0
23,21,5.0,12.0,0.025025101563866614,0.9119757436817586,18.0,5.0,46,59,Pala 1,82.6
2,42,5.0,12.0,0.5706441825450448,0.23306983369485113,18.0,5.0,47,128,Pala 1,26.6
19,12,5.0,12.0,0.8841944712283692,0.34416352675180395,18.0,5.0,133,148,Pala 2,59.5
45,7,5.0,12.0,0.01738874292543391,0.28050450837749064,18.0,5.0,101,39,Pala 2,43.6
14,0,5.0,12.0,0.4051821038009611,0.41362460261079104,18.0,5.0,134,102,Pala 2,24.4
24,16,5.0,12.0,0.92622745020583,0.7140487993824833,18.0,5.0,113,153,Pala 2,74.9
29,11,5.0,12.0,0.3531544022825378,0.8705956337262845,18.0,5.0,81,67,Pala 2,54.7
13,3,5.0,12.0,0.45872882420024086,0.18259874952854016,18.0,5.0,66,123,Pala 2,38.7
6,12,5.0,12.0,0.9815413930443128,0.6864123437411651,18.0,5.0,152,148,Pala 1,49.2
16,30,5.0,12.0,0.1993238589505738,0.35256214224248517,18.0,5.0,126,100,Pala 1,57.2
43,40,5.0,12.0,0.06525518912500594,0.9805271682972928,18.0,5.0,129,169,Pala 1,126.9
19,6,5.0,12.0,0.8594225908613043,0.29891915928407686,18.0,5.0,149,127,Pala 2,48.3
35,22,5.0,12.0,0.8684653412123685,0.007192956007859963,18.0,5.0,79,156,Pala 2,84.1
8,23,5.0,12.0,0.4720778346800132,0.5156399740198452,18.0,5.0,177,96,Pala 1,46.7
37,4,5.0,12.0,0.5142071744772863,0.15073108427593773,18.0,5.0,76,62,Pala 2,35.3
47,4,5.0,12.0,0.835806369617836,0.0444944268183991,18.0,5.0,47,133,Pala 2,38.7
21,16,5.0,12.0,0.7385594981157951,0.6982692319477085,18.0,5.0,151,170,Pala 2,74.1
1,29,5.0,12.0,0.26514900221701065,0.7322592825084565,18.0,5.0,55,177,Pala 1,22.6
23,8,5.0,12.0,0.016893355071518457,0.4606990131165025,18.0,5.0,149,63,Pala 2,48.9
7,5,5.0,12.0,0.47970016253354575,0.6768855167565773,18.0,5.0,100,79,Pala 2,41.3
10,24,5.0,12.0,0.8589123260956414,0.5382394482471339,18.0,5.0,72,166,Pala 1,55.7
12,18,5.0,12.0,0.8958346766901621,0.6298011077219317,18.0,5.0,76,36,Pala 1,64.5
16,15,5.0,12.0,0.9562261970761539,0.5967039731879612,18.0,5.0,114,166,Pala 2,66.8
7,20,5.0,12.0,0.8795632376127812,0.6658227640555924,18.0,5.0,72,135,Pala 1,45.2
20,1,5.0,12.0,0.5800435552980984,0.19963064867317126,18.0,5.0,157,159,Pala 2,35.1
17,9,5.0,12.0,0.4446055992361009,0.2687066200367002,18.0,5.0,36,34,Pala 2,49.3
29,15,5.0,12.0,0.774849846534099,0.439963149507692,18.0,5.0,61,142,Pala 2,69.4
17,36,5.0,12.0,0.7398216343655964,0.4461280094191864,18.0,5.0,117,95,Pala 1,69.5
45,14,5.0,12.0,0.5381434300814544,0.7744117115869043,18.0,5.0,94,145,Pala 2,65.8
46,12,5.0,12.0,0.08732737255846912,0.36739365922953204,18.0,5.0,87,167,Pala 2,55.5
30,12,5.0,12.0,0.9260813467869188,0.16250515605918237,18.0,5.0,121,137,Pala 2,60.2
37,31,5.0,12.0,0.45560253750166213,0.2514659704910759,18.0,5.0,63,140,Pala 2,107.8
31,44,5.0,12.0,0.3633337819162643,0.2147335023842284,18.0,5.0,119,163,Pala 1,95.4
10,46,5.0,12.0,0.6295673951687717,0.731660019256022,18.0,5.0,95,43,Pala 1,52.4
44,45,5.0,12.0,0.6738379611669769,0.47033961462598206,18.0,5.0,127,107,Pala 1,133.1
24,7,5.0,12.0,0.21068791703030143,0.7086306979709834,18.0,5.0,79,44,Pala 2,45.7
32,42,5.0,12.0,0.8369388448099562,0.41621968075762694,18.0,5.0,53,150,Pala 1,106.6
37,17,5.0,12.0,0.28993709366237785,0.8897356025039052,18.0,5.0,160,177,Pala 2,74.2
40,35,5.0,12.0,0.1866839259143167,0.9835203077227346,18.0,5.0,143,50,Pala 2,115.7
7,25,5.0,12.0,0.4063998528544974,0.6698425087026116,18.0,5.0,39,58,Pala 1,46.3
10,9,5.0,12.0,0.7305600808974653,0.8638125572362189,18.0,5.0,163,102,Pala 2,54.3
21,30,5.0,12.0,0.9654581784398034,0.5079332671720627,18.0,5.0,127,122,Pala 1,85.4
23,32,5.0,12.0,0.8092812643714332,0.9346208403539079,18.0,5.0,81,76,Pala 1,92.9
40,28,5.0,12.0,0.9403483776701917,0.831586485672828,18.0,5.0,79,38,Pala 2,102.2
16,4,5.0,12.0,0.14060580407652679,0.9917785717660391,18.0,5.0,139,141,Pala 2,36.9
11,12,5.0,12.0,0.07117679886367678,0.6230937353277806,18.0,5.0,87,59,Pala 1,44.0
45,0,5.0,12.0,0.5577047619066712,0.7792067402682286,18.0,5.0,42,46,Pala 2,31.6
31,22,5.0,12.0,0.29029748304403435,0.5428681399782135,18.0,5.0,154,88,Pala 2,85.3
14,39,5.0,12.0,0.8280549729692729,0.25912010427142285,18.0,5.0,88,148,Pala 1,57.1
15,2,5.0,12.0,0.6719878714023261,0.35475517112975774,18.0,5.0,82,161,Pala 2,37.3
21,2,5.0,12.0,0.9707281639857944,0.8940054147313161,18.0,5.0,49,125,Pala 2,36.6
27,6,5.0,12.0,0.2547923557313042,0.05594794659862057,18.0,5.0,125,164,Pala 2,42.4
19,35,5.0,12.0,0.4857841143552324,0.5914798860744082,18.0,5.0,39,67,Pala 1,73.3
32,34,5.0,12.0,0.5012404774253533,0.37248403250410866,18.0,5.0,176,61,Pala 1,108.4
9,14,5.0,12.0,0.2391767948573762,0.3866925380055557,18.0,5.0,90,98,Pala 1,40.2
39,39,5.0,12.0,0.5900933994880078,0.8845712064137673,18.0,5.0,106,96,Pala 2,127.3
31,2,5.0,12.0,0.4432859860792395,0.8538223745462266,18.0,5.0,147,85,Pala 2,33.4
49,28,5.0,12.0,0.4467215559898736,0.5988423755724687,18.0,5.0,113,49,Pala 2,99.1
32,29,5.0,12.0,0.3627366479724836,0.2729188474043339,18.0,5.0,47,149,Pala 1,96.2
1,38,5.0,12.0,0.01692935242553506,0.47545634616202403,18.0,5.0,150,174,Pala 1,16.6
32,17,5.0,12.0,0.522095236914789,0.40829339378921603,18.0,5.0,141,173,Pala 2,71.5
32,10,5.0,12.0,0.3352478357003311,0.3536180292024953,18.0,5.0,101,40,Pala 2,48.5
40,42,5.0,12.0,0.0013198689843296751,0.10278557855729642,18.0,5.0,173,170,Pala 1,113.9
12,48,5.0,12.0,0.307943707661932,0.5431138867153203,18.0,5.0,133,175,Pala 1,51.7
29,37,5.0,12.0,0.278628333089757,0.3018312978744836,18.0,5.0,106,43,Pala 1,90.5
32,39,5.0,12.0,0.3934481532236358,0.6608079429275284,18.0,5.0,55,63,Pala 1,103.1
12,0,5.0,12.0,0.13185198964339695,0.31920393582553075,18.0,5.0,132,115,Pala 2,28.3
25,28,5.0,12.0,0.5076838246350844,0.43116349313480173,18.0,5.0,33,154,Pala 1,87.4
21,9,5.0,12.0,0.69244035251813,0.05236037419440753,18.0,5.0,80,159,Pala 2,50.3
38,27,5.0,12.0,0.6301855690545725,0.9925380699054777,18.0,5.0,160,79,Pala 2,98.5
1,30,5.0,12.0,0.8037549475691906,0.5076103832751758,18.0,5.0,116,142,Pala 1,34.1
37,18,5.0,12.0,0.45200828798708115,0.024237594164172815,18.0,5.0,95,173,Pala 2,76.1
38,2,5.0,12.0,0.5190917303397282,0.5412306587611441,18.0,5.0,173,91,Pala 2,31.6
25,35,5.0,12.0,0.8104019408589833,0.8703539993056497,18.0,5.0,57,127,Pala 1,91.1
45,42,5.0,12.0,0.42770117081923853,0.7725521342662026,18.0,5.0,73,168,Pala 2,132.4
49,14,5.0,12.0,0.7015993498995969,0.7009066841294541,18.0,5.0,175,156,Pala 2,68.5
14,32,5.0,12.0,0.43460236871799185,0.1394646545990349,18.0,5.0,31,59,Pala 1,57.3
33,40,5.0,12.0,0.41773619451156263,0.6577370789874724,18.0,5.0,177,115,Pala 1,105.7
41,42,5.0,12.0,0.7602056245291603,0.7662983780122603,18.0,5.0,85,110,Pala 1,132.7
43,44,5.0,12.0,0.17483691546621116,0.5724190639654966,18.0,5.0,149,108,Pala 1,124.9
48,25,5.0,12.0,0.3385859719415736,0.8927490045203516,18.0,5.0,133,166,Pala 2,94.3
39,15,5.0,12.0,0.22417227674690177,0.2769897817848854,18.0,5.0,147,105,Pala 2,64.2
10,35,5.0,12.0,0.35910994296759713,0.24214469973925057,18.0,5.0,89,159,Pala 1,44.4
2,32,5.0,12.0,0.23037482236602402,0.869569744942646,18.0,5.0,76,78,Pala 1,27.3
5,19,5.0,12.0,0.5794056310866547,0.6253982429914524,18.0,5.0,107,77,Pala 1,31.5
8,12,5.0,12.0,0.7981708026178452,0.001447220520999326,18.0,5.0,165,84,Pala 1,42.3
5,32,5.0,12.0,0.7866130612179019,0.3531314085110525,18.0,5.0,162,109,Pala 1,37.9
8,4,5.0,12.0,0.36450096454879244,0.8578559858146745,18.0,5.0,52,96,Pala 2,39.9
38,36,5.0,12.0,0.9887604058942617,0.027319511641743288,18.0,5.0,134,144,Pala 1,121.1
30,13,5.0,12.0,0.5938543647058008,0.003247928261508881,18.0,5.0,39,141,Pala 2,64.6
31,26,5.0,12.0,0.3994003017782948,0.28125929052512977,18.0,5.0,142,136,Pala 2,90.5
40,22,5.0,12.0,0.8355392792414255,0.9140000370092779,18.0,5.0,56,55,Pala 2,82.0
49,13,5.0,12.0,0.7298740126426408,0.9014775814700163,18.0,5.0,128,139,Pala 2,64.4
11,39,5.0,12.0,0.7492753368241044,0.5187619458015079,18.0,5.0,30,95,Pala 1,53.2
7,3,5.0,12.0,0.1961393497338716,0.5532368711396226,18.0,5.0,100,130,Pala 2,36.9
7,38,5.0,12.0,0.4683243073685551,0.3320080113171888,18.0,5.0,144,30,Pala 1,41.9
49,18,5.0,12.0,0.8618281308246027,0.24373666202780986,18.0,5.0,165,99,Pala 2,74.0
27,46,5.0,12.0,0.5040380076287573,0.8152218542121182,18.0,5.0,168,179,Pala 1,95.7
19,3,5.0,12.0,0.6834527434210503,0.10629486049964143,18.0,5.0,156,142,Pala 2,35.6
46,29,5.0,12.0,0.5879337330342645,0.48735437087863576,18.0,5.0,145,83,Pala 2,103.4
6,18,5.0,12.0,0.8423567877183821,0.6343972594970845,18.0,5.0,63,171,Pala 1,45.2
10,30,5.0,12.0,0.2845608397616026,0.10368029037102922,18.0,5.0,160,43,Pala 1,42.3
19,30,5.0,12.0,0.5754752778863649,0.5196070954723462,18.0,5.0,38,48,Pala 1,69.3
15,8,5.0,12.0,0.12323466800980398,0.5775212879124432,18.0,5.0,118,88,Pala 2,48.1
3,12,5.0,12.0,0.6902107766994678,0.7424960605073648,18.0,5.0,159,179,Pala 1,36.6
5,13,5.0,12.0,0.7319678383527121,0.23483604914753287,18.0,5.0,52,35,Pala 1,34.1
21,45,5.0,12.0,0.04283732118899841,0.2933275032907583,18.0,5.0,174,92,Pala 1,65.8
25,9,5.0,12.0,0.6757909636279851,0.5695211466330334,18.0,5.0,49,106,Pala 2,52.6
2,47,5.0,12.0,0.41469015416578636,0.9831264099816142,18.0,5.0,102,103,Pala 1,31.5
40,30,5.0,12.0,0.12409687610968234,0.21749318282011443,18.0,5.0,58,156,Pala 2,106.6
41,36,5.0,12.0,0.4199075476984676,0.985903827123464,18.0,5.0,149,176,Pala 2,120.5
13,22,5.0,12.0,0.1942329296955817,0.7143425330544813,18.0,5.0,87,124,Pala 1,49.9
10,26,5.0,12.0,0.41555953212331653,0.8260820696300232,18.0,5.0,147,39,Pala 1,51.7
17,5,5.0,12.0,0.3843390279585277,0.08964126823633922,18.0,5.0,61,66,Pala 2,36.7
11,25,5.0,12.0,0.7383916369360575,0.30042018743063226,18.0,5.0,169,174,Pala 1,53.9
22,1,5.0,12.0,0.7742155581663588,0.05773627965098105,18.0,5.0,89,162,Pala 2,32.4
11,44,5.0,12.0,0.6070286543845467,0.37154699500317523,18.0,5.0,168,178,Pala 1,55.8
12,12,5.0,12.0,0.022686842182447542,0.9812896599200519,18.0,5.0,130,147,Pala 1,52.3
24,49,5.0,12.0,0.931022279070994,0.10527306220633847,18.0,5.0,168,177,Pala 1,88.3
44,18,5.0,12.0,0.6862332800964477,0.5623727823711995,18.0,5.0,141,172,Pala 2,81.4
18,0,5.0,12.0,0.034195449921188836,0.006070622813812321,18.0,5.0,140,108,Pala 2,27.6
45,39,5.0,12.0,0.8188328992141178,0.7126828160440627,18.0,5.0,109,82,Pala 2,130.2
35,31,5.0,12.0,0.20026615471799614,0.19719269237204107,18.0,5.0,128,62,Pala 2,103.9
44,21,5.0,12.0,0.5792211895711068,0.12958453712476292,18.0,5.0,30,151,Pala 2,83.1
7,47,5.0,12.0,0.46663436995018714,0.33701781216078763,18.0,5.0,118,61,Pala 1,39.5
28,28,5.0,12.0,0.41983878235507666,0.7710442979389815,18.0,5.0,142,108,Pala 1,97.3
31,1,5.0,12.0,0.8897137201243975,0.1066130863112108,18.0,5.0,56,32,Pala 2,31.8
43,39,5.0,12.0,0.4373612915626147,0.22983899579869538,18.0,5.0,145,82,Pala 2,125.6
17,37,5.0,12.0,0.07534411757315074,0.008464421617309537,18.0,5.0,61,31,Pala 1,51.3
5,47,5.0,12.0,0.9466387272149526,0.968414862695618,18.0,5.0,35,150,Pala 1,45.5
17,10,5.0,12.0,0.9205352312396275,0.5921455999888638,18.0,5.0,70,179,Pala 2,58.0
18,16,5.0,12.0,0.6844326895815988,0.7198996363846994,18.0,5.0,116,164,Pala 1,73.2
21,42,5.0,12.0,0.467892528132025,0.6513831711560145,18.0,5.0,86,91,Pala 1,75.7
36,7,5.0,12.0,0.09285947294352126,0.14436455886967436,18.0,5.0,168,60,Pala 2,41.3
31,21,5.0,12.0,0.7907481185774762,0.5949399389939941,18.0,5.0,119,92,Pala 2,81.2
40,3,5.0,12.0,0.07547791442402896,0.1314155951412621,18.0,5.0,160,66,Pala 2,36.3
2,10,5.0,12.0,0.06860098489514566,0.4012364539631279,18.0,5.0,77,97,Pala 1,20.2
27,7,5.0,12.0,0.5373838424393681,0.568963135925293,18.0,5.0,163,108,Pala 2,47.0
9,8,5.0,12.0,0.16012824018464022,0.5588811141021559,18.0,5.0,36,166,Pala 1,41.4
34,25,5.0,12.0,0.007730267340348984,0.11907342598274095,18.0,5.0,73,75,Pala 2,89.7
28,1,5.0,12.0,0.42311343099578624,0.03443596964652218,18.0,5.0,90,124,Pala 2,27.2
14,15,5.0,12.0,0.13721723161006594,0.7982343138738138,18.0,5.0,115,63,Pala 1,55.8
32,30,5.0,12.0,0.16051541528069124,0.7259224369960053,18.0,5.0,77,137,Pala 1,98.6
6,5,5.0,12.0,0.07691063873533466,0.08181890456473806,18.0,5.0,90,89,Pala 1,31.4
11,20,5.0,12.0,0.20509375372360994,0.12741551880155344,18.0,5.0,126,170,Pala 1,42.7
48,25,5.0,12.0,0.7154841797743894,0.8925837763896203,18.0,5.0,160,65,Pala 2,92.7
29,18,5.0,12.0,0.8089273072177914,0.7691289016217799,18.0,5.0,31,77,Pala 2,77.3
20,27,5.0,12.0,0.45253364402930063,0.9961602962166741,18.0,5.0,73,122,Pala 1,78.4
30,7,5.0,12.0,0.5065538158814177,0.2539874492050217,18.0,5.0,48,35,Pala 2,42.6
23,13,5.0,12.0,0.0326550345942026,0.4878029888688149,18.0,5.0,79,162,Pala 2,60.8
19,23,5.0,12.0,0.06931626137131686,0.23645957606235568,18.0,5.0,49,132,Pala 1,59.9
36,47,5.0,12.0,0.2575677256495169,0.6228001384773098,18.0,5.0,86,103,Pala 1,110.4
3,43,5.0,12.0,0.5438984207131475,0.11541423909131798,18.0,5.0,142,103,Pala 1,33.5
27,36,5.0,12.0,0.739551148734993,0.1272431727430331,18.0,5.0,79,142,Pala 1,90.0
43,25,5.0,12.0,0.605003061338033,0.07188789140512264,18.0,5.0,124,36,Pala 2,91.3
19,30,5.0,12.0,0.39212785498678826,0.693586082264167,18.0,5.0,134,115,Pala 1,69.5
23,31,5.0,12.0,0.11832407300313819,0.49407257743320676,18.0,5.0,136,87,Pala 1,78.8
49,49,5.0,12.0,0.7807732348871894,0.61773121635463,18.0,5.0,122,178,Pala 1,151.3
48,40,5.0,12.0,0.3637860515990571,0.8793010465893589,18.0,5.0,33,73,Pala 2,130.4
31,1,5.0,12.0,0.7360540144827896,0.7403284847553586,18.0,5.0,167,54,Pala 2,33.1
40,24,5.0,12.0,0.5129788419143418,0.461722918166691,18.0,5.0,92,124,Pala 2,90.3
35,43,5.0,12.0,0.7386620535618252,0.9843559883942264,18.0,5.0,86,145,Pala 1,119.4
33,1,5.0,12.0,0.9072895614525719,0.45625610114197324,18.0,5.0,134,172,Pala 2,30.3
35,41,5.0,12.0,0.921029516053802,0.1124506732335332,18.0,5.0,94,112,Pala 1,111.3
1,0,5.0,12.0,0.5351067800006034,0.992654747252716,18.0,5.0,169,81,Pala 2,28.0
14,35,5.0,12.0,0.5115083647656388,0.0228207300148473,18.0,5.0,91,46,Pala 1,56.2
33,11,5.0,12.0,0.26567846550283725,0.5498835594877521,18.0,5.0,159,65,Pala 2,53.0
35,8,5.0,12.0,0.9357998315292914,0.30909548869970926,18.0,5.0,155,111,Pala 2,49.1
5,35,5.0,12.0,0.4579191671996209,0.5035521510169848,18.0,5.0,173,157,Pala 1,35.0
38,40,5.0,12.0,0.12759123928737715,0.5587129525945216,18.0,5.0,175,109,Pala 1,112.1
41,27,5.0,12.0,0.4327049146265499,0.2400958962784876,18.0,5.0,58,89,Pala 2,96.3
11,37,5.0,12.0,0.12705325023800396,0.5568587557372618,18.0,5.0,80,87,Pala 1,44.9
2,32,5.0,12.0,0.5025316842570751,0.7560611120055375,18.0,5.0,43,111,Pala 1,28.6
44,41,5.0,12.0,0.5612755148562122,0.26650983724399835,18.0,5.0,123,73,Pala 1,129.3
17,45,5.0,12.0,0.3377557614935853,0.38342613331390707,18.0,5.0,87,178,Pala 1,61.9
39,21,5.0,12.0,0.07165061423148467,0.2682426931640579,18.0,5.0,166,153,Pala 2,82.9
20,24,5.0,12.0,0.9435035356332391,0.8205597309882025,18.0,5.0,157,30,Pala 1,80.9
14,17,5.0,12.0,0.7733531134834296,0.7249822592095967,18.0,5.0,66,126,Pala 1,64.7
32,5,5.0,12.0,0.838881080505121,0.8711964372184073,18.0,5.0,132,50,Pala 2,44.4
34,17,5.0,12.0,0.3668683942862294,0.17004989290165928,18.0,5.0,41,128,Pala 2,71.9
25,15,5.0,12.0,0.7608310300194505,0.07357963815975155,18.0,5.0,114,177,Pala 2,62.6
7,14,5.0,12.0,0.48537289516919424,0.11938350385867336,18.0,5.0,168,173,Pala 1,42.7
35,47,5.0,12.0,0.20108348840604595,0.1610183328242364,18.0,5.0,56,77,Pala 1,104.3
47,7,5.0,12.0,0.12442337690721328,0.5330826606748024,18.0,5.0,117,61,Pala 2,43.8
29,12,5.0,12.0,0.34505086932205686,0.9709120703627648,18.0,5.0,127,61,Pala 2,57.4
22,42,5.0,12.0,0.13755211147513968,0.35723541661678204,18.0,5.0,49,153,Pala 1,73.4
41,6,5.0,12.0,0.9982689762040686,0.9585082693602052,18.0,5.0,170,159,Pala 2,49.0
43,16,5.0,12.0,0.049188990232022056,0.03820079498917972,18.0,5.0,76,51,Pala 2,65.7
13,49,5.0,12.0,0.44114359936907654,0.9268722028146583,18.0,5.0,37,81,Pala 1,56.7
13,31,5.0,12.0,0.45209352239038414,0.18115260730497118,18.0,5.0,100,125,Pala 1,52.5
1,21,5.0,12.0,0.30063192858167553,0.9124749857193488,18.0,5.0,93,174,Pala 1,24.7
36,12,5.0,12.0,0.5713515657069453,0.05622743011546116,18.0,5.0,73,52,Pala 2,58.2
4,46,5.0,12.0,0.14997702415154468,0.9482194474950326,18.0,5.0,41,62,Pala 1,31.6
37,22,5.0,12.0,0.7839123805872337,0.20079826431886083,18.0,5.0,134,48,Pala 2,83.3
44,28,5.0,12.0,0.3324477182476383,0.3027140600731607,18.0,5.0,33,150,Pala 2,95.3
40,21,5.0,12.0,0.5913425897986417,0.4909423441029581,18.0,5.0,69,98,Pala 2,86.6
46,0,5.0,12.0,0.7156392360669593,0.3807208812354752,18.0,5.0,176,66,Pala 2,27.9
13,28,5.0,12.0,0.8890421176901612,0.66752796926315,18.0,5.0,30,152,Pala 1,61.8
38,47,5.0,12.0,0.8357874364522001,0.9748077672500773,18.0,5.0,148,53,Pala 1,127.5
24,4,5.0,12.0,0.6083090281035596,0.6064264908049407,18.0,5.0,170,83,Pala 2,36.7
19,34,5.0,12.0,0.3883931803838869,0.7214854094365493,18.0,5.0,79,50,Pala 1,68.5
1,9,5.0,12.0,0.503204670074964,0.0880052503057015,18.0,5.0,138,126,Pala 1,23.4
38,18,5.0,12.0,0.7687347933788026,0.6278124290700053,18.0,5.0,73,119,Pala 2,77.0
5,36,5.0,12.0,0.877545542559473,0.45384977704641316,18.0,5.0,138,167,Pala 1,39.9
16,6,5.0,12.0,0.10378192817667187,0.8857823579196283,18.0,5.0,127,71,Pala 2,41.3
24,45,5.0,12.0,0.3848562624930535,0.38821109964310196,18.0,5.0,110,57,Pala 1,83.4
27,34,5.0,12.0,0.7761165984135006,0.6794541440499191,18.0,5.0,178,169,Pala 1,97.8
1,44,5.0,12.0,0.431651762593961,0.2281537282590791,18.0,5.0,105,87,Pala 1,18.3
34,12,5.0,12.0,0.33222776406628385,0.259372533524196,18.0,5.0,109,156,Pala 2,57.1
36,9,5.0,12.0,0.4113226968232696,0.3761224309222736,18.0,5.0,81,36,Pala 2,48.9
4,1,5.0,12.0,0.6028447467863508,0.3040635375065027,18.0,5.0,92,173,Pala 2,33.2
0,5,5.0,12.0,0.9998051441338015,0.25387883939007483,18.0,5.0,113,122,Pala 1,27.7
39,7,5.0,12.0,0.4929924291045318,0.049668705900809296,18.0,5.0,167,64,Pala 2,45.0
11,35,5.0,12.0,0.20849447495426054,0.836746331752459,18.0,5.0,116,121,Pala 1,52.0
35,24,5.0,12.0,0.16284657527909474,0.06430153089128432,18.0,5.0,140,36,Pala 2,87.6
44,43,5.0,12.0,0.04234974747641429,0.8873655156029676,18.0,5.0,88,43,Pala 1,130.3
22,46,5.0,12.0,0.5588172349183215,0.12546538906806026,18.0,5.0,37,88,Pala 1,70.8
46,39,5.0,12.0,0.5445720914888342,0.06526173706265903,18.0,5.0,80,91,Pala 2,122.8
30,6,5.0,12.0,0.20523392678030916,0.5630047639806971,18.0,5.0,162,149,Pala 2,45.2
10,45,5.0,12.0,0.695329406452567,0.5024417925747218,18.0,5.0,105,95,Pala 1,50.5
9,22,5.0,12.0,0.7411070416296808,0.4912345688318851,18.0,5.0,107,51,Pala 1,50.1
2,18,5.0,12.0,0.25909820538211126,0.5745043275013978,18.0,5.0,153,173,Pala 1,24.8
13,45,5.0,12.0,0.3440997640297365,0.28705660611915573,18.0,5.0,41,128,Pala 1,53.4
15,21,5.0,12.0,0.9904716723472566,0.6629492734296112,18.0,5.0,53,149,Pala 1,70.6
9,12,5.0,12.0,0.3742644678507342,0.5024022197071832,18.0,5.0,74,72,Pala 1,46.7
28,20,5.0,12.0,0.7608016717561018,0.33474346695732526,18.0,5.0,82,126,Pala 2,76.5
9,0,5.0,12.0,0.45272542662994,0.8265006669807281,18.0,5.0,174,127,Pala 2,29.0
11,18,5.0,12.0,0.7933448278609759,0.7277210963267101,18.0,5.0,147,145,Pala 1,57.1
29,32,5.0,12.0,0.7690232387826479,0.39361034194462197,18.0,5.0,66,177,Pala 1,95.8
40,3,5.0,12.0,0.6677560251985356,0.8476177852288728,18.0,5.0,104,167,Pala 2,38.8
0,41,5.0,12.0,0.8547783462955792,0.9202582501117742,18.0,5.0,108,176,Pala 1,36.3
4,2,5.0,12.0,0.9392184948776852,0.5368662670843625,18.0,5.0,52,41,Pala 1,37.5
19,26,5.0,12.0,0.5799833204520839,0.21495245015692077,18.0,5.0,78,167,Pala 1,67.7
7,40,5.0,12.0,0.23746890722274572,0.9157921565469869,18.0,5.0,157,100,Pala 1,45.1
42,34,5.0,12.0,0.398628961644075,0.18947962009551722,18.0,5.0,164,133,Pala 2,114.5
11,27,5.0,12.0,0.7583057135132932,0.04842322641726915,18.0,5.0,66,40,Pala 1,48.5
0,5,5.0,12.0,0.6508834851238695,0.32748700887313087,18.0,5.0,173,90,Pala 1,25.0
19,5,5.0,12.0,0.17779833856524874,0.7269663444610398,18.0,5.0,67,155,Pala 2,39.9
27,43,5.0,12.0,0.051239541146424705,0.9232740863535495,18.0,5.0,128,46,Pala 1,89.3
42,22,5.0,12.0,0.6829615935420649,0.6372856468144399,18.0,5.0,58,83,Pala 2,84.8
36,32,5.0,12.0,0.25107902402934534,0.95183854696666,18.0,5.0,132,135,Pala 2,109.9
46,15,5.0,12.0,0.49967024372905344,0.09237083927589662,18.0,5.0,174,135,Pala 2,65.7
36,23,5.0,12.0,0.7467467725125942,0.060753729588020056,18.0,5.0,177,68,Pala 2,86.1
11,4,5.0,12.0,0.5626667806563331,0.604191950743664,18.0,5.0,139,49,Pala 2,38.3
36,40,5.0,12.0,0.08330258311179639,0.9661163224927548,18.0,5.0,89,102,Pala 1,113.4
48,41,5.0,12.0,0.1855802367835554,0.502721308954724,18.0,5.0,92,72,Pala 2,130.0
48,12,5.0,12.0,0.21932818403091914,0.05151522593930513,18.0,5.0,68,145,Pala 2,56.9
43,46,5.0,12.0,0.2578642536448449,0.22121865607745617,18.0,5.0,155,158,Pala 1,126.1
27,11,5.0,12.0,0.5654033919505043,0.24479290641577067,18.0,5.0,112,84,Pala 2,55.5
46,4,5.0,12.0,0.5039657798253935,0.33785712913695,18.0,5.0,50,137,Pala 2,42.5
14,36,5.0,12.0,0.20316003836420893,0.04360338358621263,18.0,5.0,61,132,Pala 1,50.4
5,30,5.0,12.0,0.06755484345568707,0.9048927004979163,18.0,5.0,57,162,Pala 1,32.7
43,27,5.0,12.0,0.17143220447471808,0.5155639447214952,18.0,5.0,132,169,Pala 2,97.1
19,27,5.0,12.0,0.9843813126186033,0.6709307929541091,18.0,5.0,41,43,Pala 1,74.9
49,29,5.0,12.0,0.46854694979147227,0.06717283689500897,18.0,5.0,150,132,Pala 2,100.2
13,17,5.0,12.0,0.8673455047021125,0.0541154678036494,18.0,5.0,140,69,Pala 1,56.8
1,43,5.0,12.0,0.8487524666688433,0.5864677720405472,18.0,5.0,108,137,Pala 1,34.6
8,26,5.0,12.0,0.5115195574628737,0.887296010504208,18.0,5.0,121,166,Pala 1,49.7
36,34,5.0,12.0,0.7066877084605435,0.528482000959547,18.0,5.0,149,71,Pala 2,114.0
19,25,5.0,12.0,0.19275201041271228,0.8778191725700715,18.0,5.0,114,62,Pala 1,71.7
25,38,5.0,12.0,0.6883967049269083,0.8109912730552393,18.0,5.0,109,54,Pala 1,94.2
28,48,5.0,12.0,0.2723845792632895,0.07585378579492075,18.0,5.0,44,147,Pala 1,82.5
0,17,5.0,12.0,0.8320620967541508,0.2019574743856899,18.0,5.0,130,107,Pala 1,23.0
34,32,5.0,12.0,0.08372413310890992,0.6577106691553425,18.0,5.0,41,38,Pala 1,100.5
5,24,5.0,12.0,0.7731386728852775,0.44350138255004157,18.0,5.0,161,148,Pala 1,40.6
36,30,5.0,12.0,0.09993690656861953,0.29069981364692055,18.0,5.0,64,148,Pala 2,101.8
4,36,5.0,12.0,0.881189236894309,0.4186338560479791,18.0,5.0,124,120,Pala 1,40.8
32,1,5.0,12.0,0.3042045181350037,0.44519964627063435,18.0,5.0,56,87,Pala 2,30.5
48,32,5.0,12.0,0.6543933648305748,0.9105522508215965,18.0,5.0,154,145,Pala 2,110.4
13,38,5.0,12.0,0.48750227862027984,0.10345828370495302,18.0,5.0,42,61,Pala 1,50.4
11,42,5.0,12.0,0.366303145262339,0.279730746807615,18.0,5.0,31,51,Pala 1,44.1
41,42,5.0,12.0,0.6454418331834965,0.5375648165827139,18.0,5.0,66,122,Pala 1,124.6
19,31,5.0,12.0,0.947522980551238,0.6982869266305917,18.0,5.0,143,84,Pala 1,81.6
49,17,5.0,12.0,0.04126974737462186,0.6306372889592436,18.0,5.0,149,137,Pala 2,72.3
23,16,5.0,12.0,0.9188528558831043,0.9416427377373945,18.0,5.0,98,106,Pala 2,67.8
42,33,5.0,12.0,0.6090816550210135,0.7956089248194732,18.0,5.0,47,90,Pala 2,113.0
33,38,5.0,12.0,0.8073143007690523,0.5570768419744303,18.0,5.0,77,151,Pala 1,113.2
24,6,5.0,12.0,0.3838749534342776,0.2146826916735075,18.0,5.0,110,121,Pala 2,41.3
49,41,5.0,12.0,0.4718429748376137,0.4508742314022398,18.0,5.0,95,96,Pala 2,132.1
28,34,5.0,12.0,0.868850751801164,0.6933822441944774,18.0,5.0,135,159,Pala 1,101.0
38,29,5.0,12.0,0.4148479698098231,0.8379621748360849,18.0,5.0,87,143,Pala 2,105.5
30,11,5.0,12.0,0.534659566749085,0.9597362244223874,18.0,5.0,107,150,Pala 2,58.6
46,34,5.0,12.0,0.020194923084332905,0.6054527661379177,18.0,5.0,36,92,Pala 2,110.4
42,10,5.0,12.0,0.1585980058380423,0.5269193673044325,18.0,5.0,132,173,Pala 2,53.6
49,43,5.0,12.0,0.6416865079747998,0.017691923121148312,18.0,5.0,138,158,Pala 2,134.1
22,3,5.0,12.0,0.7169769010638771,0.07209906915017994,18.0,5.0,38,114,Pala 2,36.8
43,24,5.0,12.0,0.5826009367844994,0.15610499763740027,18.0,5.0,98,93,Pala 2,86.5
37,47,5.0,12.0,0.14331003627561067,0.054759931189628075,18.0,5.0,161,149,Pala 1,106.5
19,31,5.0,12.0,0.4454054285778348,0.40086323880492647,18.0,5.0,162,98,Pala 1,73.2
22,19,5.0,12.0,0.3550947663631898,0.33687854513887217,18.0,5.0,85,153,Pala 1,74.8
44,49,5.0,12.0,0.4956613440350883,0.6373541578683929,18.0,5.0,85,150,Pala 1,136.6
15,30,5.0,12.0,0.8703290345540943,0.5356651079334027,18.0,5.0,73,174,Pala 1,69.5
49,3,5.0,12.0,0.7758614386586519,0.5959707593878597,18.0,5.0,101,69,Pala 2,37.2
41,37,5.0,12.0,0.08398950138915895,0.4719772029376541,18.0,5.0,170,131,Pala 2,119.0
7,46,5.0,12.0,0.8903091977745643,0.27773714855425713,18.0,5.0,161,158,Pala 1,48.3
49,0,5.0,12.0,0.4717671511498236,0.952825314946477,18.0,5.0,44,42,Pala 2,26.3
20,2,5.0,12.0,0.7438621448859984,0.08640915976013896,18.0,5.0,149,47,Pala 2,36.2
0,36,5.0,12.0,0.14003923126435214,0.9388909994653072,18.0,5.0,139,97,Pala 1,18.3
7,21,5.0,12.0,0.6707195257070481,0.31123804686473466,18.0,5.0,111,140,Pala 1,43.3
28,16,5.0,12.0,0.23632601760945793,0.5126614453672974,18.0,5.0,113,43,Pala 2,68.1
31,13,5.0,12.0,0.43838089714093154,0.10884232282754613,18.0,5.0,30,162,Pala 2,59.2
37,40,5.0,12.0,0.01686287008210441,0.07093106837100926,18.0,5.0,168,91,Pala 1,105.9
4,34,5.0,12.0,0.15161063793047602,0.4295454487186029,18.0,5.0,122,55,Pala 1,30.3
46,12,5.0,12.0,0.09208049312361977,0.7416973763796781,18.0,5.0,117,59,Pala 2,55.0
21,34,5.0,12.0,0.23974417293825845,0.26936477754854893,18.0,5.0,113,91,Pala 1,73.9
46,42,5.0,12.0,0.10001809002432227,0.5623478889353201,18.0,5.0,74,110,Pala 1,130.0
33,1,5.0,12.0,0.6919100266195619,0.27865034052281834,18.0,5.0,103,99,Pala 2,33.2
0,46,5.0,12.0,0.02903990220921937,0.3886130608930408,18.0,5.0,97,120,Pala 1,21.8
25,12,5.0,12.0,0.617740500624998,0.9064463184738247,18.0,5.0,33,65,Pala 2,59.1
42,15,5.0,12.0,0.14070783082557425,0.8558396254949195,18.0,5.0,77,36,Pala 2,64.1
9,17,5.0,12.0,0.9451614571778969,0.5160175434176298,18.0,5.0,126,94,Pala 1,50.2
29,6,5.0,12.0,0.9330940731098543,0.23810562747207875,18.0,5.0,166,106,Pala 2,45.9
49,44,5.0,12.0,0.22550310252096262,0.19318391273302282,18.0,5.0,119,70,Pala 2,136.3
17,35,5.0,12.0,0.6144212982230295,0.9540873530357142,18.0,5.0,89,61,Pala 1,69.8
16,40,5.0,12.0,0.028005319472458434,0.20271659651068752,18.0,5.0,81,171,Pala 1,52.2
25,29,5.0,12.0,0.9317885430511741,0.8081683109125392,18.0,5.0,153,59,Pala 1,93.2
7,41,5.0,12.0,0.5229873081917097,0.3689702095355373,18.0,5.0,115,35,Pala 1,40.2
46,40,5.0,12.0,0.04322315141777899,0.9856598475582383,18.0,5.0,126,39,Pala 2,128.1
39,6,5.0,12.0,0.3424999930081374,0.36815574036278786,18.0,5.0,77,132,Pala 2,44.0
48,14,5.0,12.0,0.0768494618612342,0.3515166249107261,18.0,5.0,162,49,Pala 2,63.0
11,39,5.0,12.0,0.3929444393733599,0.6374636288776231,18.0,5.0,56,118,Pala 1,51.3
26,18,5.0,12.0,0.6699263421613231,0.9615168066268193,18.0,5.0,30,153,Pala 2,76.2
7,42,5.0,12.0,0.4698899080414396,0.9762096057964329,18.0,5.0,80,147,Pala 1,44.6
24,36,5.0,12.0,0.38372217471945447,0.7072061464669852,18.0,5.0,173,41,Pala 1,85.1
45,1,5.0,12.0,0.1191570455404648,0.7546063656363536,18.0,5.0,128,51,Pala 2,32.6
3,41,5.0,12.0,0.24493904569365632,0.5634021759730277,18.0,5.0,129,105,Pala 1,26.9
32,47,5.0,12.0,0.10014328773835113,0.7557757391323319,18.0,5.0,132,43,Pala 1,100.9
0,12,5.0,12.0,0.8074987316566608,0.8597796549704966,18.0,5.0,76,135,Pala 1,29.5
18,39,5.0,12.0,0.13523982798472256,0.48609530319502325,18.0,5.0,44,65,Pala 1,60.0
30,40,5.0,12.0,0.5953733665488935,0.619862262830103,18.0,5.0,66,84,Pala 1,102.8
15,42,5.0,12.0,0.3427404135888459,0.5373166952330477,18.0,5.0,159,43,Pala 1,61.4
13,42,5.0,12.0,0.2259783846551835,0.5624706135286772,18.0,5.0,105,31,Pala 1,55.6
47,30,5.0,12.0,0.6394684394921037,0.8900479098739409,18.0,5.0,176,31,Pala 2,106.1
4,15,5.0,12.0,0.45700230937694064,0.3556168302055702,18.0,5.0,61,90,Pala 1,33.3
40,41,5.0,12.0,0.40014546728455913,0.2081840256006242,18.0,5.0,84,136,Pala 1,114.0
25,43,5.0,12.0,0.5928520048922216,0.45628011027362914,18.0,5.0,128,136,Pala 1,85.1
27,5,5.0,12.0,0.4912676284900007,0.20808519048126517,18.0,5.0,85,163,Pala 2,41.8
1,27,5.0,12.0,0.3034842085515608,0.49840042566201914,18.0,5.0,58,52,Pala 1,22.7
49,31,5.0,12.0,0.5590612877652517,0.9035081053570586,18.0,5.0,138,102,Pala 2,107.5
5,43,5.0,12.0,0.6694985765506946,0.6174335204824778,18.0,5.0,113,124,Pala 1,39.5
8,9,5.0,12.0,0.026693158586854282,0.8554328533030777,18.0,5.0,145,57,Pala 1,39.5
32,49,5.0,12.0,0.46587172890767536,0.1661909196155118,18.0,5.0,100,54,Pala 1,97.8
40,17,5.0,12.0,0.05768328458354377,0.9008735925371768,18.0,5.0,111,128,Pala 2,71.9
24,3,5.0,12.0,0.18640541406811106,0.6017871644071158,18.0,5.0,82,94,Pala 2,34.3
47,8,5.0,12.0,0.5605087340779731,0.0317597887404798,18.0,5.0,114,72,Pala 2,46.4
12,6,5.0,12.0,0.8661889152655807,0.6331189552850368,18.0,5.0,115,69,Pala 2,44.0
8,49,5.0,12.0,0.8828056791884848,0.9513969562609179,18.0,5.0,105,52,Pala 1,54.4
12,7,5.0,12.0,0.06994401013863127,0.07916700047536207,18.0,5.0,40,37,Pala 1,42.2
30,42,5.0,12.0,0.4191050862867066,0.5824561304695721,18.0,5.0,105,157,Pala 1,100.5
40,6,5.0,12.0,0.5830064830045513,0.9154786028697147,18.0,5.0,59,36,Pala 2,41.6
10,40,5.0,12.0,0.1470699045503434,0.00969516833437456,18.0,5.0,108,50,Pala 1,39.0
3,39,5.0,12.0,0.7654322167447717,0.6309129264658232,18.0,5.0,136,64,Pala 1,39.6
33,2,5.0,12.0,0.7442352584372388,0.47490229183096266,18.0,5.0,111,130,Pala 2,38.6
37,16,5.0,12.0,0.9033410137067946,0.3469893186486106,18.0,5.0,165,128,Pala 2,68.6
45,1,5.0,12.0,0.008486012083443017,0.627536489945376,18.0,5.0,49,111,Pala 2,27.8
3,14,5.0,12.0,0.21668424398900266,0.052702094587416926,18.0,5.0,41,90,Pala 1,19.9
37,45,5.0,12.0,0.8271867142453218,0.7530630462874002,18.0,5.0,96,103,Pala 1,125.8
18,28,5.0,12.0,0.6705800508269354,0.004479476919707626,18.0,5.0,155,138,Pala 1,69.2
5,49,5.0,12.0,0.8943898536984908,0.3069357437923522,18.0,5.0,169,97,Pala 1,41.0
33,47,5.0,12.0,0.05717965453026652,0.5039586376846784,18.0,5.0,83,166,Pala 1,100.8
17,21,5.0,12.0,0.5969639657164428,0.3770222505665517,18.0,5.0,109,46,Pala 1,66.5
12,3,5.0,12.0,0.5690465748936742,0.3074759352055825,18.0,5.0,153,72,Pala 2,32.2
40,5,5.0,12.0,0.03567441636053237,0.8308351454680961,18.0,5.0,103,132,Pala 2,41.0
22,37,5.0,12.0,0.5135220769124835,0.9348325742719089,18.0,5.0,176,117,Pala 1,82.0
18,25,5.0,12.0,0.6095203113099242,0.8737126849058887,18.0,5.0,171,132,Pala 1,75.9
44,10,5.0,12.0,0.19129317420210723,0.5224313130499997,18.0,5.0,179,170,Pala 2,52.5
10,25,5.0,12.0,0.27332958312466293,0.884164175193483,18.0,5.0,161,91,Pala 1,51.2
0,16,5.0,12.0,0.640347346297737,0.9208615651815437,18.0,5.0,145,48,Pala 1,29.7
23,23,5.0,12.0,0.46830094759995833,0.409238397047462,18.0,5.0,88,110,Pala 1,77.6
6,27,5.0,12.0,0.8580136575683268,0.28344585950544543,18.0,5.0,93,59,Pala 1,42.7
24,34,5.0,12.0,0.34238176600918835,0.09826520581332032,18.0,5.0,157,156,Pala 1,84.0
20,30,5.0,12.0,0.26665965838820116,0.47909192104922904,18.0,5.0,47,42,Pala 1,68.7
14,12,5.0,12.0,0.9848659403448428,0.9462969204384414,18.0,5.0,111,111,Pala 2,63.2
0,34,5.0,12.0,0.9111357701300834,0.560907528070371,18.0,5.0,60,150,Pala 1,28.4
11,15,5.0,12.0,0.028992744998979858,0.6675621017861716,18.0,5.0,113,145,Pala 1,44.6
6,14,5.0,12.0,0.7707286153065659,0.11288381849184759,18.0,5.0,71,140,Pala 1,38.9
14,42,5.0,12.0,0.11033477382520296,0.14351966414225625,18.0,5.0,160,38,Pala 1,50.0
20,17,5.0,12.0,0.02748519482937095,0.46447326195967253,18.0,5.0,114,58,Pala 1,63.3
18,46,5.0,12.0,0.2736955159663489,0.9512647989837257,18.0,5.0,39,122,Pala 1,68.9
28,36,5.0,12.0,0.2693458790611043,0.3607846415915289,18.0,5.0,100,139,Pala 1,92.7
24,47,5.0,12.0,0.8193187623469647,0.8774840413175335,18.0,5.0,51,165,Pala 1,90.8
32,47,5.0,12.0,0.7106672459428351,0.12028859342571152,18.0,5.0,105,137,Pala 1,103.6
48,48,5.0,12.0,0.9816094273320143,0.6170172069337101,18.0,5.0,42,110,Pala 1,146.9
31,40,5.0,12.0,0.7115129003118185,0.6006129769105182,18.0,5.0,152,44,Pala 1,104.2
48,26,5.0,12.0,0.4182555532560479,0.8598747500702685,18.0,5.0,170,34,Pala 2,93.3
34,34,5.0,12.0,0.6989276609452169,0.003316704404901505,18.0,5.0,126,127,Pala 1,101.3
43,44,5.0,12.0,0.9994590671864021,0.18993166719757215,18.0,5.0,124,38,Pala 1,135.1
37,34,5.0,12.0,0.7101418825625281,0.21968762542948173,18.0,5.0,80,34,Pala 2,112.2
25,27,5.0,12.0,0.7616813559803183,0.9499660880907373,18.0,5.0,112,142,Pala 1,96.6
10,38,5.0,12.0,0.9383650151902594,0.15369365626989495,18.0,5.0,125,146,Pala 1,52.8
34,37,5.0,12.0,0.11365126131168335,0.03696235022056038,18.0,5.0,119,113,Pala 1,95.1
7,8,5.0,12.0,0.7047842934477269,0.534461494741808,18.0,5.0,155,76,Pala 1,43.2
45,11,5.0,12.0,0.850805957967449,0.5285584624336817,18.0,5.0,42,91,Pala 2,57.8
13,14,5.0,12.0,0.954378600220893,0.8440469653678643,18.0,5.0,147,74,Pala 1,65.0
9,20,5.0,12.0,0.21096928971169937,0.948859650177802,18.0,5.0,104,95,Pala 1,48.6
1,34,5.0,12.0,0.5039290077242442,0.538545442140131,18.0,5.0,48,52,Pala 1,26.7
45,41,5.0,12.0,0.6805548476444818,0.9299941824196555,18.0,5.0,127,127,Pala 2,135.0
8,32,5.0,12.0,0.24746772950133744,0.7251591512998297,18.0,5.0,140,122,Pala 1,43.1
2,18,5.0,12.0,0.600472863250274,0.264559127995585,18.0,5.0,137,72,Pala 1,28.5
20,22,5.0,12.0,0.25757878249799937,0.9284207109439263,18.0,5.0,64,96,Pala 1,71.2
25,12,5.0,12.0,0.3334570205316473,0.6674431761818748,18.0,5.0,122,167,Pala 2,59.2
7,43,5.0,12.0,0.44151869651086506,0.4140959327426338,18.0,5.0,129,157,Pala 1,39.3
47,0,5.0,12.0,0.529190098746567,0.6802420845169307,18.0,5.0,125,85,Pala 2,28.1
1,28,5.0,12.0,0.4493658716251506,0.4013128277437509,18.0,5.0,113,63,Pala 1,22.5
5,23,5.0,12.0,0.4931955197879292,0.11418376798795926,18.0,5.0,179,94,Pala 1,36.0
27,15,5.0,12.0,0.2985887562882926,0.7189787471768998,18.0,5.0,96,35,Pala 2,67.3
28,24,5.0,12.0,0.1589650940226306,0.8240876121707438,18.0,5.0,165,45,Pala 2,88.9
25,22,5.0,12.0,0.04734997732683943,0.7288061990193877,18.0,5.0,48,162,Pala 1,80.4
24,27,5.0,12.0,0.1959787224916677,0.22911466775667655,18.0,5.0,60,54,Pala 1,75.4
11,46,5.0,12.0,0.581943641505783,0.9566350134776129,18.0,5.0,61,56,Pala 1,59.1
4,15,5.0,12.0,0.7861154478031324,0.02525456169115592,18.0,5.0,84,146,Pala 1,33.9
33,42,5.0,12.0,0.16924759744289453,0.33268529737564057,18.0,5.0,132,153,Pala 1,103.7
47,37,5.0,12.0,0.10855535777264846,0.2600924345348955,18.0,5.0,80,84,Pala 2,119.2
36,10,5.0,12.0,0.7492903605492502,0.04812622761485097,18.0,5.0,151,136,Pala 2,58.2
14,2,5.0,12.0,0.3051583305372897,0.40572969298866846,18.0,5.0,121,55,Pala 2,30.1
43,14,5.0,12.0,0.9514994392273525,0.6231148401627745,18.0,5.0,139,45,Pala 2,67.7
35,0,5.0,12.0,0.714317970610373,0.8825528634851013,18.0,5.0,72,138,Pala 2,29.0
14,6,5.0,12.0,0.32675604724303087,0.9896897161914701,18.0,5.0,104,137,Pala 2,42.8
42,0,5.0,12.0,0.2895427477937049,0.8080895864043981,18.0,5.0,100,119,Pala 2,29.9
47,48,5.0,12.0,0.523698386271309,0.4686805187128248,18.0,5.0,101,130,Pala 1,141.4
22,31,5.0,12.0,0.07914466827820943,0.7237044259670307,18.0,5.0,132,155,Pala 1,77.2
5,8,5.0,12.0,0.11767651264529899,0.8436237885896407,18.0,5.0,70,151,Pala 1,34.9
45,28,5.0,12.0,0.1758578813161925,0.46530719641868135,18.0,5.0,107,118,Pala 2,101.3
49,25,5.0,12.0,0.7747235933045602,0.7850544340254999,18.0,5.0,53,176,Pala 2,90.0
43,22,5.0,12.0,0.5138573592691225,0.48265241831287675,18.0,5.0,59,42,Pala 2,79.5
42,44,5.0,12.0,0.010567122774442939,0.3864959908767227,18.0,5.0,81,104,Pala 1,122.2
44,42,5.0,12.0,0.673516527472109,0.5260908377837612,18.0,5.0,86,141,Pala 2,133.9
20,28,5.0,12.0,0.4236901786604971,0.6758547376271449,18.0,5.0,108,43,Pala 1,74.8
22,37,5.0,12.0,0.5108523649637979,0.7268820563185974,18.0,5.0,146,127,Pala 1,79.7
42,32,5.0,12.0,0.21411624341293556,0.35673626889210786,18.0,5.0,60,133,Pala 2,108.2
15,6,5.0,12.0,0.5517822283941036,0.5713202515560348,18.0,5.0,105,93,Pala 2,46.8
46,11,5.0,12.0,0.9791532397514886,0.9098708740804471,18.0,5.0,59,49,Pala 2,55.4
14,30,5.0,12.0,0.07344469100576145,0.9763129001106398,18.0,5.0,142,107,Pala 1,57.3
24,31,5.0,12.0,0.28391739966443064,0.2272480911839545,18.0,5.0,167,53,Pala 1,78.7
35,19,5.0,12.0,0.24299759286082978,0.19283116571334147,18.0,5.0,163,75,Pala 2,72.4
10,16,5.0,12.0,0.2485493107511796,0.6766856334286485,18.0,5.0,49,47,Pala 1,48.0
14,35,5.0,12.0,0.3787063575653773,0.41468388582344384,18.0,5.0,49,140,Pala 1,54.1
3,2,5.0,12.0,0.8181097847441675,0.024222338418137035,18.0,5.0,41,123,Pala 2,33.2
20,0,5.0,12.0,0.9128586899643873,0.34686187064728413,18.0,5.0,114,171,Pala 2,31.4
12,49,5.0,12.0,0.20221508745897332,0.8067447434722521,18.0,5.0,78,178,Pala 1,55.3
21,26,5.0,12.0,0.5429499379481127,0.7974269303831826,18.0,5.0,39,127,Pala 1,77.4
18,46,5.0,12.0,0.6368989721654803,0.4946851488165819,18.0,5.0,34,34,Pala 1,67.6
33,39,5.0,12.0,0.5218274743638449,0.4725779348875353,18.0,5.0,93,157,Pala 1,104.2
13,32,5.0,12.0,0.43407639419691957,0.5795074424343775,18.0,5.0,165,116,Pala 1,59.1
3,19,5.0,12.0,0.19197550585923784,0.21939671056357601,18.0,5.0,46,149,Pala 1,23.7
47,13,5.0,12.0,0.48821935919923853,0.5260436248909555,18.0,5.0,96,93,Pala 2,60.6
45,35,5.0,12.0,0.4012148277113289,0.011046360056648385,18.0,5.0,50,123,Pala 2,113.9
26,4,5.0,12.0,0.7955633625022697,0.4755595547831337,18.0,5.0,45,150,Pala 2,38.1
28,22,5.0,12.0,0.7636043591629952,0.33605104625059257,18.0,5.0,56,129,Pala 2,83.1
46,44,5.0,12.0,0.1339986812056707,0.6748696059036596,18.0,5.0,144,164,Pala 2,136.3
27,14,5.0,12.0,0.08851905256306758,0.6383535841526276,18.0,5.0,35,88,Pala 2,63.9
34,5,5.0,12.0,0.908153943227503,0.380835880182809,18.0,5.0,71,98,Pala 2,44.3
7,32,5.0,12.0,0.5355083889644977,0.007272981478591567,18.0,5.0,173,78,Pala 1,36.5
15,18,5.0,12.0,0.8578009372825907,0.25227362939496045,18.0,5.0,32,40,Pala 1,63.8
41,12,5.0,12.0,0.05815112056640115,0.6333478501891623,18.0,5.0,69,130,Pala 2,57.3
35,28,5.0,12.0,0.5265156165216303,0.07237334301750453,18.0,5.0,49,159,Pala 2,98.0
29,5,5.0,12.0,0.5394265145762364,0.10764242183346384,18.0,5.0,36,139,Pala 2,41.0
17,14,5.0,12.0,0.8607020325421499,0.6470350245670872,18.0,5.0,88,56,Pala 2,64.5
1,15,5.0,12.0,0.0976099982297075,0.7557674009492923,18.0,5.0,168,173,Pala 1,24.4
48,23,5.0,12.0,0.2404455636759093,0.3215497080127121,18.0,5.0,122,93,Pala 2,84.1
12,22,5.0,12.0,0.4065383138870131,0.48967306551656187,18.0,5.0,81,119,Pala 1,48.7
3,47,5.0,12.0,0.8658414754199422,0.9457113649836586,18.0,5.0,160,45,Pala 1,38.1
25,9,5.0,12.0,0.938883315070567,0.9455435621759695,18.0,5.0,50,102,Pala 2,54.4
24,40,5.0,12.0,0.9927246195936279,0.3075027744634301,18.0,5.0,40,145,Pala 1,86.0
29,40,5.0,12.0,0.9591934864585215,0.8099878750170902,18.0,5.0,79,162,Pala 1,106.5
10,48,5.0,12.0,0.005941755844354413,0.5939440528068588,18.0,5.0,38,36,Pala 1,40.1
6,16,5.0,12.0,0.04770834145387204,0.97548449335038,18.0,5.0,74,90,Pala 1,34.5
30,48,5.0,12.0,0.14760681915758866,0.4776135697110965,18.0,5.0,58,125,Pala 1,92.6
43,43,5.0,12.0,0.34886209677027313,0.7747068680155615,18.0,5.0,91,149,Pala 1,131.9
9,44,5.0,12.0,0.8299180309869587,0.768137129614871,18.0,5.0,44,60,Pala 1,50.5
38,29,5.0,12.0,0.8926561953354805,0.49743286763307615,18.0,5.0,48,77,Pala 2,102.5
12,43,5.0,12.0,0.18683440629458303,0.7956301142973078,18.0,5.0,172,120,Pala 1,52.1
30,45,5.0,12.0,0.6196641516197087,0.2610403333069965,18.0,5.0,64,35,Pala 1,97.0
6,9,5.0,12.0,0.9173619850652766,0.12225303629022888,18.0,5.0,170,58,Pala 1,43.6
48,18,5.0,12.0,0.4637317359313208,0.42516374465531626,18.0,5.0,173,166,Pala 2,71.9
41,28,5.0,12.0,0.10354357195278396,0.9436306566335847,18.0,5.0,96,113,Pala 2,97.2
41,1,5.0,12.0,0.45781365008462493,0.5007446082025288,18.0,5.0,124,143,Pala 2,31.1
35,35,5.0,12.0,0.37579490228805723,0.635259138646927,18.0,5.0,84,168,Pala 1,113.4
19,18,5.0,12.0,0.577657996066007,0.6241624559078753,18.0,5.0,64,48,Pala 1,72.0
3,6,5.0,12.0,0.43865868440710365,0.13257286726953044,18.0,5.0,45,103,Pala 1,26.4
6,25,5.0,12.0,0.01734592685371794,0.3902968823772103,18.0,5.0,158,162,Pala 1,34.0
0,14,5.0,12.0,0.9939977334136711,0.7069389729218748,18.0,5.0,43,132,Pala 1,32.6
43,46,5.0,12.0,0.5435402377305709,0.9719900985807263,18.0,5.0,91,99,Pala 1,132.5
44,37,5.0,12.0,0.47363075548460953,0.16801773829702615,18.0,5.0,164,124,Pala 2,118.1
41,2,5.0,12.0,0.954617371504054,0.41044189033911627,18.0,5.0,128,47,Pala 2,32.7
46,37,5.0,12.0,0.1558603675870771,0.09509379980272936,18.0,5.0,58,50,Pala 2,119.2
12,15,5.0,12.0,0.18923760254524824,0.24237645964925603,18.0,5.0,179,172,Pala 1,46.1
21,1,5.0,12.0,0.8080147490627835,0.37675934332615024,18.0,5.0,122,35,Pala 2,33.8
20,30,5.0,12.0,0.26083108002500877,0.5406432479523504,18.0,5.0,35,53,Pala 1,70.2
21,27,5.0,12.0,0.7992271062915269,0.23056688223908095,18.0,5.0,118,89,Pala 1,81.2
27,6,5.0,12.0,0.27153348290850254,0.22756266117868573,18.0,5.0,31,57,Pala 2,41.9
8,29,5.0,12.0,0.033187630225001485,0.7778299791402038,18.0,5.0,125,103,Pala 1,36.9
25,42,5.0,12.0,0.517014723886716,0.9626416629468812,18.0,5.0,65,52,Pala 1,90.9
8,6,5.0,12.0,0.19668643412686138,0.3236129677514562,18.0,5.0,125,108,Pala 1,40.0
14,35,5.0,12.0,0.7578462929324711,0.6879920186356802,18.0,5.0,177,75,Pala 1,62.0
9,28,5.0,12.0,0.6411996332321481,0.25808046135792073,18.0,5.0,66,141,Pala 1,43.1
23,23,5.0,12.0,0.9236026679779178,0.927952254965632,18.0,5.0,131,66,Pala 1,88.7
41,38,5.0,12.0,0.7829883572657359,0.6729023601653983,18.0,5.0,98,171,Pala 2,126.8
7,3,5.0,12.0,0.18077595484072684,0.80267685463757,18.0,5.0,99,77,Pala 2,32.4
23,28,5.0,12.0,0.8001582366647964,0.04935404319916481,18.0,5.0,179,107,Pala 1,84.5
15,43,5.0,12.0,0.6417370448140233,0.5985059682406246,18.0,5.0,136,144,Pala 1,63.5
48,4,5.0,12.0,0.6689516417606249,0.5276123313583823,18.0,5.0,44,65,Pala 2,37.8
25,28,5.0,12.0,0.8322628859701487,0.292996906911532,18.0,5.0,127,89,Pala 1,92.1
26,29,5.0,12.0,0.5738240691889402,0.26242998505731807,18.0,5.0,76,108,Pala 1,86.0
36,28,5.0,12.0,0.4660035143530129,0.5800248023169697,18.0,5.0,137,142,Pala 2,97.7
3,25,5.0,12.0,0.636641035358728,0.7064856350072252,18.0,5.0,137,126,Pala 1,34.5
49,18,5.0,12.0,0.2979574289583591,0.03317275703518896,18.0,5.0,98,140,Pala 2,72.1
23,25,5.0,12.0,0.1825971310870993,0.5674015819237044,18.0,5.0,81,77,Pala 1,75.2
18,36,5.0,12.0,0.6165878380712464,0.17045952894662864,18.0,5.0,31,149,Pala 1,68.2
35,26,5.0,12.0,0.23384836908547768,0.14036273138610056,18.0,5.0,74,179,Pala 2,92.2
38,29,5.0,12.0,0.07991510934660673,0.6231194880946845,18.0,5.0,140,72,Pala 2,99.3
9,29,5.0,12.0,0.000554184585253914,0.31087011721747304,18.0,5.0,121,70,Pala 1,36.6
24,2,5.0,12.0,0.6083194014000671,0.440880233134864,18.0,5.0,151,174,Pala 2,34.9
17,42,5.0,12.0,0.3621487834802368,0.3599988094397729,18.0,5.0,94,92,Pala 1,66.8
18,6,5.0,12.0,0.752310970673456,0.6483363201525237,18.0,5.0,145,175,Pala 2,50.4
35,48,5.0,12.0,0.37517639831310245,0.4701197660664689,18.0,5.0,178,101,Pala 1,111.5
9,8,5.0,12.0,0.4860034482382267,0.9634586620379475,18.0,5.0,156,32,Pala 2,48.4
32,40,5.0,12.0,0.4070849728153849,0.3523827591064653,18.0,5.0,96,83,Pala 1,102.6
49,41,5.0,12.0,0.6505747911093461,0.7402843402628352,18.0,5.0,123,148,Pala 2,138.1
4,12,5.0,12.0,0.3561391620149682,0.25729256758304453,18.0,5.0,158,171,Pala 1,29.7
46,14,5.0,12.0,0.9637676499423089,0.5087530926261469,18.0,5.0,88,63,Pala 2,66.1
48,4,5.0,12.0,0.9361469865985301,0.552569751901957,18.0,5.0,144,156,Pala 2,42.1
34,28,5.0,12.0,0.8480279026572813,0.3291092810627322,18.0,5.0,145,155,Pala 2,103.0
43,34,5.0,12.0,0.9203002705727481,0.4717805289126291,18.0,5.0,76,30,Pala 2,118.1
33,26,5.0,12.0,0.449139688459391,0.27927863789849217,18.0,5.0,138,128,Pala 2,91.6
32,26,5.0,12.0,0.5364303967894921,0.006000781673981992,18.0,5.0,47,39,Pala 2,91.3
20,7,5.0,12.0,0.7420925925582444,0.21564830163787874,18.0,5.0,142,112,Pala 2,47.9
16,31,5.0,12.0,0.6961459249385411,0.7000641724932006,18.0,5.0,62,168,Pala 1,69.2
21,19,5.0,12.0,0.8906785956054708,0.770963024485377,18.0,5.0,172,148,Pala 2,80.5
47,9,5.0,12.0,0.7163310272566953,0.28020286713891995,18.0,5.0,53,156,Pala 2,53.9
36,12,5.0,12.0,0.9978847082284605,0.40804299881807193,18.0,5.0,65,128,Pala 2,61.9
14,28,5.0,12.0,0.348505799831591,0.03736566013861109,18.0,5.0,89,95,Pala 1,54.1
34,34,5.0,12.0,0.8329977422394179,0.23706290109768058,18.0,5.0,119,32,Pala 1,111.1
27,7,5.0,12.0,0.6976348228326642,0.7792192833722992,18.0,5.0,80,172,Pala 2,52.2
6,28,5.0,12.0,0.6913864452150186,0.6059862702650572,18.0,5.0,179,88,Pala 1,45.3
31,30,5.0,12.0,0.3258355948449989,0.2057705219543714,18.0,5.0,173,134,Pala 2,98.4
10,40,5.0,12.0,0.7856017924230225,0.25744199512243215,18.0,5.0,133,121,Pala 1,49.9
9,29,5.0,12.0,0.9003760223475992,0.8168020229895602,18.0,5.0,45,159,Pala 1,52.5
8,21,5.0,12.0,0.21854846152056295,0.20908420294490082,18.0,5.0,162,34,Pala 1,39.3
13,20,5.0,12.0,0.6254968371167041,0.3341577258471312,18.0,5.0,163,163,Pala 1,56.4
12,11,5.0,12.0,0.3921348291027752,0.6643586916546443,18.0,5.0,59,162,Pala 1,52.2
24,10,5.0,12.0,0.9895481192948771,0.5611123857080786,18.0,5.0,176,41,Pala 2,49.5
1,1,5.0,12.0,0.4788328158316816,0.4608702052338143,18.0,5.0,80,161,Pala 1,24.9
34,49,5.0,12.0,0.2283201737969427,0.8997410909797443,18.0,5.0,101,55,Pala 1,109.1
6,40,5.0,12.0,0.38185762522183253,0.21971046271505168,18.0,5.0,157,84,Pala 1,35.7
20,1,5.0,12.0,0.6538383898166262,0.7414198908629999,18.0,5.0,136,155,Pala 2,35.0
17,33,5.0,12.0,0.07608937134957627,0.15906384061818335,18.0,5.0,156,75,Pala 1,57.5
2,2,5.0,12.0,0.6036019202212376,0.6157338334821452,18.0,5.0,158,72,Pala 1,30.6
41,15,5.0,12.0,0.931224759178898,0.8706235634113132,18.0,5.0,179,50,Pala 2,70.0
38,3,5.0,12.0,0.8503627876578504,0.45790178547813787,18.0,5.0,123,41,Pala 2,37.0
40,22,5.0,12.0,0.06767353665798337,0.7242945071913289,18.0,5.0,87,130,Pala 2,80.9
48,49,5.0,12.0,0.9933898787390681,0.8203933529989882,18.0,5.0,42,178,Pala 1,150.9
10,19,5.0,12.0,0.6987269237038791,0.13602642487760275,18.0,5.0,56,170,Pala 1,48.4
38,24,5.0,12.0,0.1622808243140237,0.7058268952821101,18.0,5.0,150,146,Pala 2,90.0
23,29,5.0,12.0,0.012416089169423494,0.9198410239886763,18.0,5.0,169,62,Pala 1,81.6
45,17,5.0,12.0,0.17128263629215135,0.5763706098555442,18.0,5.0,47,105,Pala 2,70.6
18,41,5.0,12.0,0.8381759206857385,0.18612224452875603,18.0,5.0,148,149,Pala 1,68.8
3,10,5.0,12.0,0.02163932494516374,0.12694253158894298,18.0,5.0,44,66,Pala 1,18.8
25,28,5.0,12.0,0.23314730361808655,0.2597353304667479,18.0,5.0,173,111,Pala 1,80.1
37,16,5.0,12.0,0.7573055953348754,0.10351326901668256,18.0,5.0,126,173,Pala 2,69.6
41,25,5.0,12.0,0.5861105358981351,0.5133940715850475,18.0,5.0,103,74,Pala 2,91.5
31,22,5.0,12.0,0.7827357103601918,0.06970468270673458,18.0,5.0,76,158,Pala 2,83.4
38,47,5.0,12.0,0.7461505038267879,0.22340462463622646,18.0,5.0,48,57,Pala 1,117.5
44,19,5.0,12.0,0.05060138712180473,0.43991044391221434,18.0,5.0,120,73,Pala 2,73.2
45,44,5.0,12.0,0.8925114190941515,0.47391475040202147,18.0,5.0,60,96,Pala 2,137.9
35,1,5.0,12.0,0.2270318342822687,0.5653984851469644,18.0,5.0,45,136,Pala 2,31.8
39,23,5.0,12.0,0.5533924402297637,0.7056149627507265,18.0,5.0,107,39,Pala 2,83.9
36,30,5.0,12.0,0.6442881565277788,0.04722863966546753,18.0,5.0,52,80,Pala 2,103.8
32,26,5.0,12.0,0.1686282108850954,0.08062095217578324,18.0,5.0,70,138,Pala 2,96.8
35,1,5.0,12.0,0.9762312567009744,0.06085915180478074,18.0,5.0,175,171,Pala 2,34.8
2,13,5.0,12.0,0.488155956087309,0.42315031546491033,18.0,5.0,41,108,Pala 1,27.6
8,3,5.0,12.0,0.057642695597393434,0.04184794488293431,18.0,5.0,104,163,Pala 1,30.7
7,48,5.0,12.0,0.9372620447778404,0.7460812668313263,18.0,5.0,114,109,Pala 1,49.9
32,12,5.0,12.0,0.5862678431932681,0.22300018103847785,18.0,5.0,100,111,Pala 2,56.5
5,35,5.0,12.0,0.6991931979813764,0.9392124932899587,18.0,5.0,155,128,Pala 1,44.1
40,34,5.0,12.0,0.5251757899342241,0.4864037550971114,18.0,5.0,99,149,Pala 2,113.2
38,43,5.0,12.0,0.8347379547769676,0.44632575244220163,18.0,5.0,33,62,Pala 1,120.3
3,7,5.0,12.0,0.033133462193210894,0.7805386926395003,18.0,5.0,92,112,Pala 1,25.3
12,1,5.0,12.0,0.26837836527714776,0.7131539838929911,18.0,5.0,79,131,Pala 2,24.1
48,5,5.0,12.0,0.4696483564026922,0.6073090409481429,18.0,5.0,59,104,Pala 2,41.7
1,30,5.0,12.0,0.07660361631371004,0.93514670625037,18.0,5.0,45,149,Pala 1,21.9
4,9,5.0,12.0,0.7059066693266582,0.422259260987077,18.0,5.0,33,131,Pala 1,36.4
43,43,5.0,12.0,0.39366341405564076,0.8085316757722865,18.0,5.0,55,94,Pala 1,133.3
26,20,5.0,12.0,0.27266799026814403,0.38009294574581853,18.0,5.0,168,54,Pala 2,75.8
31,41,5.0,12.0,0.0033788468084122725,0.8383456742961048,18.0,5.0,121,86,Pala 1,98.3
20,9,5.0,12.0,0.7198303117499537,0.2594746289659686,18.0,5.0,137,75,Pala 2,53.4
7,22,5.0,12.0,0.8338093088728618,0.2892670728360325,18.0,5.0,80,129,Pala 1,41.2
37,2,5.0,12.0,0.39504053568149844,0.677869534017454,18.0,5.0,71,161,Pala 2,36.6
7,31,5.0,12.0,0.5642179770333655,0.21271329495179636,18.0,5.0,164,148,Pala 1,42.6
49,19,5.0,12.0,0.22768662592959843,0.22915418702542878,18.0,5.0,47,109,Pala 2,76.9
2,9,5.0,12.0,0.6221976462801331,0.30526242901741474,18.0,5.0,32,104,Pala 1,25.2
43,28,5.0,12.0,0.012137458315200522,0.6789287696603759,18.0,5.0,49,179,Pala 2,98.5
2,40,5.0,12.0,0.48864389709875844,0.8893880924232319,18.0,5.0,127,132,Pala 1,30.1
21,45,5.0,12.0,0.6442054818406923,0.6745676511269867,18.0,5.0,102,155,Pala 1,80.4
5,33,5.0,12.0,0.918191773229734,0.8278142443441252,18.0,5.0,103,62,Pala 1,45.5
1,36,5.0,12.0,0.38133581712228426,0.5435605896944697,18.0,5.0,152,70,Pala 1,23.5
22,19,5.0,12.0,0.7651902029810298,0.06892322134514528,18.0,5.0,99,92,Pala 2,76.2
43,7,5.0,12.0,0.5976870299435008,0.10046621150850066,18.0,5.0,174,114,Pala 2,47.2
1,6,5.0,12.0,0.9270121129250806,0.5543919783669154,18.0,5.0,108,119,Pala 1,37.3
37,5,5.0,12.0,0.3983776756594306,0.3278009686421096,18.0,5.0,170,94,Pala 2,42.0
16,10,5.0,12.0,0.319095339872988,0.22056807363694264,18.0,5.0,71,134,Pala 2,53.8
34,43,5.0,12.0,0.8871419986941438,0.4662569273026208,18.0,5.0,73,86,Pala 1,114.1
33,17,5.0,12.0,0.04924440140828912,0.6664967409043016,18.0,5.0,109,115,Pala 2,70.4
22,41,5.0,12.0,0.1363853929336768,0.38499194773585843,18.0,5.0,96,101,Pala 1,71.0
29,28,5.0,12.0,0.08240443458404445,0.8025422571573416,18.0,5.0,49,111,Pala 1,88.4
7,24,5.0,12.0,0.8431099565764026,0.7385232465713937,18.0,5.0,76,33,Pala 1,51.9
21,20,5.0,12.0,0.010607423370319391,0.7349148821595668,18.0,5.0,53,94,Pala 1,65.7
43,45,5.0,12.0,0.8616571554970481,0.9851896896773885,18.0,5.0,175,73,Pala 2,140.9
35,2,5.0,12.0,0.4512677953712668,0.2952299773716348,18.0,5.0,52,45,Pala 2,32.0
4,17,5.0,12.0,0.0040252788539707485,0.6447255863408952,18.0,5.0,158,123,Pala 1,27.3
12,23,5.0,12.0,0.40164517721204185,0.8554783401603135,18.0,5.0,152,52,Pala 1,54.0
28,46,5.0,12.0,0.18680084104503558,0.579524433913911,18.0,5.0,144,130,Pala 1,86.5
30,37,5.0,12.0,0.624400487472163,0.7895021761153926,18.0,5.0,95,45,Pala 1,102.9
46,9,5.0,12.0,0.6793587899216466,0.4144521858399123,18.0,5.0,162,70,Pala 2,52.7
15,26,5.0,12.0,0.48752757040499983,0.5904913456548047,18.0,5.0,47,166,Pala 1,59.8
41,11,5.0,12.0,0.04051952543966997,0.05566639280432828,18.0,5.0,146,31,Pala 2,52.5
29,6,5.0,12.0,0.6561288043672019,0.9857676058248134,18.0,5.0,64,139,Pala 2,45.8
15,16,5.0,12.0,0.8420387836055212,0.8000184814484173,18.0,5.0,135,72,Pala 2,69.4
11,0,5.0,12.0,0.7203242773264015,0.8688090716314495,18.0,5.0,170,95,Pala 2,30.2
16,49,5.0,12.0,0.8299579189553186,0.6942942781429461,18.0,5.0,178,125,Pala 1,73.3
15,25,5.0,12.0,0.20050952355088747,0.18605003280869947,18.0,5.0,68,106,Pala 1,54.8
11,14,5.0,12.0,0.8888879396564826,0.031028442418032265,18.0,5.0,176,154,Pala 1,57.0
7,32,5.0,12.0,0.3221934506479628,0.8646566077360136,18.0,5.0,120,126,Pala 1,45.2
19,36,5.0,12.0,0.013404814251991026,0.3963306537361231,18.0,5.0,143,50,Pala 1,62.4
2,46,5.0,12.0,0.8433916463290707,0.2638648760399199,18.0,5.0,168,176,Pala 1,32.7
15,30,5.0,12.0,0.9418212689647267,0.5616729588389444,18.0,5.0,64,141,Pala 1,66.4
29,34,5.0,12.0,0.6555581974173488,0.42089852247571935,18.0,5.0,113,86,Pala 1,98.1
44,0,5.0,12.0,0.23143663046342466,0.651665995687557,18.0,5.0,105,106,Pala 2,31.0
22,7,5.0,12.0,0.2517444642825304,0.4837932330545136,18.0,5.0,86,89,Pala 2,43.6
27,11,5.0,12.0,0.4665928734356195,0.6972331404402706,18.0,5.0,57,176,Pala 2,56.4
39,18,5.0,12.0,0.8978310796014195,0.8534232695091429,18.0,5.0,95,128,Pala 2,79.5
4,24,5.0,12.0,0.14959765614755838,0.19555701095578903,18.0,5.0,94,64,Pala 1,23.9
19,31,5.0,12.0,0.825973669583487,0.3294328805654868,18.0,5.0,179,155,Pala 1,76.3
39,11,5.0,12.0,0.29130280870515035,0.4368155865706389,18.0,5.0,80,96,Pala 2,52.6
43,12,5.0,12.0,0.8085861694290979,0.9620584480276382,18.0,5.0,120,116,Pala 2,62.1
0,27,5.0,12.0,0.9202711976015386,0.3653336135474853,18.0,5.0,166,77,Pala 1,30.7
29,0,5.0,12.0,0.4274938719943202,0.38109984959262955,18.0,5.0,95,74,Pala 2,28.3
20,5,5.0,12.0,0.36505065410553084,0.6534725229595612,18.0,5.0,162,104,Pala 2,42.8
19,7,5.0,12.0,0.8022213189713018,0.41919970988994926,18.0,5.0,110,97,Pala 2,47.2
5,3,5.0,12.0,0.529482882379394,0.9512237456396052,18.0,5.0,92,172,Pala 2,40.0
21,4,5.0,12.0,0.6844490484631971,0.8944687604754439,18.0,5.0,128,121,Pala 2,40.5
17,24,5.0,12.0,0.6228292369611795,0.513408777775673,18.0,5.0,80,101,Pala 1,68.8
7,21,5.0,12.0,0.15288884564479632,0.6447752339478499,18.0,5.0,101,127,Pala 1,37.8
38,27,5.0,12.0,0.8447903602895617,0.058030561883620546,18.0,5.0,72,44,Pala 2,94.0
31,38,5.0,12.0,0.1957751114131362,0.6957305280323981,18.0,5.0,96,120,Pala 1,98.8
32,22,5.0,12.0,0.9322821440707808,0.7072008729490322,18.0,5.0,94,171,Pala 2,86.3
15,3,5.0,12.0,0.25057129142214785,0.35919929564320807,18.0,5.0,91,146,Pala 2,38.8
11,3,5.0,12.0,0.7338809732737419,0.21968288362527266,18.0,5.0,119,31,Pala 2,33.7
37,46,5.0,12.0,0.28465539349359203,0.9150784018170167,18.0,5.0,133,154,Pala 1,119.1
33,20,5.0,12.0,0.3177854085868639,0.4267049008051277,18.0,5.0,80,72,Pala 2,75.4
13,36,5.0,12.0,0.3100018527823053,0.6537061048017107,18.0,5.0,136,100,Pala 1,56.6
35,40,5.0,12.0,0.7478922540260833,0.03332879497625596,18.0,5.0,67,173,Pala 1,107.7
32,1,5.0,12.0,0.5568151179693931,0.4140671665768363,18.0,5.0,96,115,Pala 2,33.3
22,6,5.0,12.0,0.8829524558474972,0.81725881101388,18.0,5.0,106,57,Pala 2,47.8
49,48,5.0,12.0,0.30737271920404485,0.38757600040071505,18.0,5.0,129,100,Pala 1,144.2
44,15,5.0,12.0,0.6919925220567443,0.6031611601368768,18.0,5.0,134,136,Pala 2,70.5
1,16,5.0,12.0,0.7529485996631107,0.20985580048453945,18.0,5.0,77,159,Pala 1,24.8
40,19,5.0,12.0,0.15148211302995818,0.41652564883955956,18.0,5.0,169,36,Pala 2,71.8
20,22,5.0,12.0,0.40058935731981116,0.9276377180531866,18.0,5.0,49,67,Pala 1,74.3
1,33,5.0,12.0,0.4828174943504111,0.5664517497010372,18.0,5.0,132,136,Pala 1,29.2
26,10,5.0,12.0,0.3556873898943743,0.9019314590929315,18.0,5.0,101,115,Pala 2,55.6
8,33,5.0,12.0,0.3221125959691381,0.9020192994895433,18.0,5.0,146,111,Pala 1,44.3
0,32,5.0,12.0,0.6864198939976419,0.9441478004244795,18.0,5.0,140,102,Pala 1,31.6
10,25,5.0,12.0,0.21586639765948856,0.8953916600801053,18.0,5.0,159,31,Pala 1,47.6
2,1,5.0,12.0,0.7093907452511288,0.003281129010300643,18.0,5.0,149,71,Pala 2,29.5
22,22,5.0,12.0,0.9350441963907306,0.9340148915815969,18.0,5.0,163,110,Pala 2,81.4
25,40,5.0,12.0,0.5651975211777511,0.1374594390853764,18.0,5.0,112,177,Pala 1,80.5
3,21,5.0,12.0,0.6114342367394741,0.03992625111115056,18.0,5.0,157,35,Pala 1,31.4
17,33,5.0,12.0,0.06893270212408908,0.05538853457805282,18.0,5.0,137,168,Pala 1,58.4
5,14,5.0,12.0,0.8644769036178283,0.3489161951764336,18.0,5.0,113,103,Pala 1,40.0
34,9,5.0,12.0,0.2854477871998655,0.6208040852687936,18.0,5.0,167,69,Pala 2,49.9
21,14,5.0,12.0,0.6150511655285649,0.4023111965189975,18.0,5.0,148,157,Pala 2,65.8
42,41,5.0,12.0,0.9791121697448023,0.025554284649379477,18.0,5.0,123,65,Pala 2,130.4
14,28,5.0,12.0,0.5955026005728078,0.4764826341747147,18.0,5.0,138,132,Pala 1,62.8
21,22,5.0,12.0,0.7247094874643776,0.4421307422703801,18.0,5.0,163,76,Pala 1,77.1
36,16,5.0,12.0,0.4453196182237519,0.7568492655016469,18.0,5.0,107,127,Pala 2,68.2
41,8,5.0,12.0,0.06036584351505736,0.27961289842543835,18.0,5.0,160,174,Pala 2,47.1
11,49,5.0,12.0,0.7975993494897885,0.21753117379436715,18.0,5.0,53,55,Pala 1,54.7
46,35,5.0,12.0,0.03499884126398567,0.2559389576766262,18.0,5.0,176,156,Pala 2,117.5
48,8,5.0,12.0,0.7006578288878541,0.303739822629848,18.0,5.0,38,77,Pala 2,48.5
41,15,5.0,12.0,0.022921573149636942,0.5991648733671665,18.0,5.0,125,56,Pala 2,62.4
37,35,5.0,12.0,0.8623052365766706,0.47152548545207984,18.0,5.0,106,75,Pala 1,117.9
17,47,5.0,12.0,0.15763603583298058,0.3368945651790579,18.0,5.0,111,96,Pala 1,62.7
44,32,5.0,12.0,0.5142714954425511,0.3743141582836784,18.0,5.0,115,152,Pala 2,110.6
34,30,5.0,12.0,0.5971507044831473,0.37092366015897615,18.0,5.0,89,176,Pala 2,104.8
29,5,5.0,12.0,0.4575454073734121,0.9724066947103174,18.0,5.0,90,101,Pala 2,41.1
23,9,5.0,12.0,0.3407634893488872,0.23299698805295255,18.0,5.0,164,110,Pala 2,50.8
41,15,5.0,12.0,0.4678142961809717,0.8180615602722586,18.0,5.0,104,94,Pala 2,68.9
29,3,5.0,12.0,0.3114157538811587,0.708210837588187,18.0,5.0,68,100,Pala 2,34.8
13,21,5.0,12.0,0.4381223470808632,0.005570005603550587,18.0,5.0,151,65,Pala 1,53.9
5,12,5.0,12.0,0.35891299099803065,0.993176218125488,18.0,5.0,135,96,Pala 1,32.2
2,15,5.0,12.0,0.5662048235071453,0.7564393706335736,18.0,5.0,127,112,Pala 1,28.2
15,28,5.0,12.0,0.23792416224498347,0.6824495863507913,18.0,5.0,162,96,Pala 1,60.5
6,5,5.0,12.0,0.9886565549140125,0.4053247076766373,18.0,5.0,121,127,Pala 2,40.0
13,25,5.0,12.0,0.5008699533821656,0.5552030889142896,18.0,5.0,43,98,Pala 1,56.2
8,10,5.0,12.0,0.19416207741450964,0.2532708956674702,18.0,5.0,45,66,Pala 1,35.0
14,23,5.0,12.0,0.47706674956727246,0.03548340514569748,18.0,5.0,159,75,Pala 1,53.7
20,28,5.0,12.0,0.8664151295248242,0.8360216584459729,18.0,5.0,176,85,Pala 1,83.9
34,2,5.0,12.0,0.021806793124395596,0.8964844936811717,18.0,5.0,43,148,Pala 2,32.2
1,9,5.0,12.0,0.6795541191072888,0.16247063661423988,18.0,5.0,92,92,Pala 1,24.9
26,0,5.0,12.0,0.547967796793928,0.787056095845733,18.0,5.0,37,107,Pala 2,32.1
1,42,5.0,12.0,0.16955799437013552,0.7411526732856587,18.0,5.0,56,59,Pala 1,26.7
34,25,5.0,12.0,0.8174764393049206,0.17837500193609046,18.0,5.0,140,125,Pala 2,90.1
17,11,5.0,12.0,0.36888462237400566,0.4218288025747938,18.0,5.0,69,92,Pala 2,54.6
13,13,5.0,12.0,0.29380202881550743,0.42275792083410335,18.0,5.0,97,144,Pala 1,52.5
19,24,5.0,12.0,0.828125191856901,0.7599642583052485,18.0,5.0,152,138,Pala 1,78.3
17,7,5.0,12.0,0.6385250461916646,0.8376609057760555,18.0,5.0,90,105,Pala 2,48.3
9,42,5.0,12.0,0.8982590836748244,0.09477512139137101,18.0,5.0,157,52,Pala 1,52.5
24,3,5.0,12.0,0.6298837036711994,0.5629692349042029,18.0,5.0,137,142,Pala 2,36.5
1,27,5.0,12.0,0.7408176579321153,0.7617484969288852,18.0,5.0,175,177,Pala 1,31.8
24,6,5.0,12.0,0.8364458962596129,0.7861905940651585,18.0,5.0,78,131,Pala 2,48.3
32,9,5.0,12.0,0.05473963590993691,0.14799352443040892,18.0,5.0,32,75,Pala 2,51.4
35,35,5.0,12.0,0.7760489588693803,0.5255051431507941,18.0,5.0,106,178,Pala 2,116.3
30,1,5.0,12.0,0.6137064818495768,0.8575587063627029,18.0,5.0,171,80,Pala 2,29.8
13,25,5.0,12.0,0.06950779651519323,0.31851857658528415,18.0,5.0,158,92,Pala 1,52.2
0,49,5.0,12.0,0.5085779218687151,0.42511689891179716,18.0,5.0,121,98,Pala 1,27.7
45,13,5.0,12.0,0.08245807798395388,0.8043585113363324,18.0,5.0,152,49,Pala 2,59.6
15,15,5.0,12.0,0.7359472017232224,0.0893195211837623,18.0,5.0,147,148,Pala 1,60.1
45,42,5.0,12.0,0.546501713897883,0.8594932898889782,18.0,5.0,40,52,Pala 2,137.1
2,41,5.0,12.0,0.9535735374122973,0.311156716730809,18.0,5.0,33,160,Pala 1,30.2
34,16,5.0,12.0,0.18313537157176984,0.0014503165911271543,18.0,5.0,39,56,Pala 2,66.8
40,45,5.0,12.0,0.6060334525203784,0.23415914505635826,18.0,5.0,110,120,Pala 1,124.7
5,21,5.0,12.0,0.21158213457049135,0.08950064089550647,18.0,5.0,100,109,Pala 1,29.1
24,3,5.0,12.0,0.6140649847273983,0.09238490699624413,18.0,5.0,132,38,Pala 2,38.3
12,18,5.0,12.0,0.7226497023608565,0.6928357341425915,18.0,5.0,170,159,Pala 1,58.9
33,1,5.0,12.0,0.7223043293295386,0.21397633563906482,18.0,5.0,51,163,Pala 2,32.3
7,38,5.0,12.0,0.8150739906826099,0.9347423629769824,18.0,5.0,85,100,Pala 1,50.9
20,8,5.0,12.0,0.8535502279583167,0.516444546591304,18.0,5.0,151,108,Pala 2,49.9
33,18,5.0,12.0,0.07727172626717704,0.46009825795491854,18.0,5.0,121,50,Pala 2,71.7
3,15,5.0,12.0,0.34326715707240407,0.43428351822015165,18.0,5.0,126,129,Pala 1,30.8
24,24,5.0,12.0,0.6871225203598057,0.6925876396716318,18.0,5.0,170,42,Pala 1,85.9
14,47,5.0,12.0,0.49858628739121214,0.4522627625236084,18.0,5.0,30,140,Pala 1,56.3
3,17,5.0,12.0,0.1906759467547915,0.12860035622519184,18.0,5.0,67,132,Pala 1,22.8
44,22,5.0,12.0,0.552709570166698,0.8801721806407565,18.0,5.0,71,132,Pala 2,84.9
11,20,5.0,12.0,0.4074356527661438,0.42839534892565867,18.0,5.0,114,138,Pala 1,47.8
31,10,5.0,12.0,0.3900382776543051,0.07400457569950247,18.0,5.0,66,149,Pala 2,52.8
31,38,5.0,12.0,0.8097537174356638,0.5293659874977611,18.0,5.0,127,155,Pala 1,107.6
27,40,5.0,12.0,0.40759833383218125,0.6473468584557034,18.0,5.0,91,158,Pala 1,90.4
12,3,5.0,12.0,0.026454505480424162,0.27558246415775856,18.0,5.0,160,177,Pala 2,38.0
30,24,5.0,12.0,0.058063338891091276,0.8003404076738423,18.0,5.0,59,30,Pala 2,90.9
13,31,5.0,12.0,0.8562440416916203,0.6697758460373637,18.0,5.0,111,69,Pala 1,64.1
19,29,5.0,12.0,0.9606008100125213,0.6503411692644334,18.0,5.0,52,36,Pala 1,80.7
17,44,5.0,12.0,0.6884093364557076,0.4208249528677942,18.0,5.0,95,63,Pala 1,69.6
28,25,5.0,12.0,0.3643682941000802,0.9619153014112878,18.0,5.0,31,98,Pala 2,94.0
5,35,5.0,12.0,0.9386003157947275,0.27418916794924764,18.0,5.0,92,143,Pala 1,37.2
31,33,5.0,12.0,0.6628030863757358,0.5777055010154526,18.0,5.0,34,141,Pala 1,103.4
28,8,5.0,12.0,0.8443335491993377,0.3090551574726176,18.0,5.0,158,30,Pala 2,44.8
42,11,5.0,12.0,0.7658523040370093,0.744804752971554,18.0,5.0,179,102,Pala 2,59.7
1,1,5.0,12.0,0.3791393157725924,0.04779148387012144,18.0,5.0,103,46,Pala 1,18.5
22,37,5.0,12.0,0.4787022008507855,0.04589386787504923,18.0,5.0,138,134,Pala 1,73.6
18,4,5.0,12.0,0.1861321543680995,0.8108609695187914,18.0,5.0,53,123,Pala 2,40.1
30,4,5.0,12.0,0.29201410044073406,0.43426816106367105,18.0,5.0,88,32,Pala 2,35.2
4,21,5.0,12.0,0.7781256612865217,0.3411800546003557,18.0,5.0,52,34,Pala 1,37.5
18,4,5.0,12.0,0.8939783918831082,0.6075268621753385,18.0,5.0,175,83,Pala 2,43.0
33,3,5.0,12.0,0.7244604232514118,0.7018993438689736,18.0,5.0,118,73,Pala 2,35.5
9,8,5.0,12.0,0.4651736966566383,0.2012013468444066,18.0,5.0,51,105,Pala 1,39.6
24,28,5.0,12.0,0.08650926893974753,0.18543124140473155,18.0,5.0,73,147,Pala 1,72.7
1,21,5.0,12.0,0.056947948698448214,0.9581507477598815,18.0,5.0,73,53,Pala 1,19.9
10,26,5.0,12.0,0.3743255646128538,0.5896643063845693,18.0,5.0,66,109,Pala 1,48.3
49,9,5.0,12.0,0.4638217187676631,0.3901164772942681,18.0,5.0,36,37,Pala 2,52.4
30,15,5.0,12.0,0.6091206222132969,0.8014416946695064,18.0,5.0,53,120,Pala 2,68.9
14,41,5.0,12.0,0.00648952138699721,0.5251589587779172,18.0,5.0,99,119,Pala 1,51.0
8,41,5.0,12.0,0.9897228904663063,0.24166281037458137,18.0,5.0,100,124,Pala 1,48.7
22,9,5.0,12.0,0.3639388834040429,0.20673530564157383,18.0,5.0,175,31,Pala 2,51.2
18,5,5.0,12.0,0.8480946638011214,0.3968592661698217,18.0,5.0,101,70,Pala 2,41.5
8,48,5.0,12.0,0.5349667056654044,0.8598958602598796,18.0,5.0,89,77,Pala 1,45.0
34,4,5.0,12.0,0.1304394545333465,0.06144791604425892,18.0,5.0,74,135,Pala 2,33.0
20,5,5.0,12.0,0.7975655525345219,0.21852600075476314,18.0,5.0,166,51,Pala 2,40.0
8,46,5.0,12.0,0.7098270749198761,0.8931518188525914,18.0,5.0,145,126,Pala 1,50.3
27,24,5.0,12.0,0.527436084929228,0.1217345689692505,18.0,5.0,59,47,Pala 1,85.7
45,49,5.0,12.0,0.51455309133378,0.6296257182641684,18.0,5.0,56,108,Pala 1,136.0
6,3,5.0,12.0,0.08747960575092806,0.2135113681210251,18.0,5.0,161,96,Pala 1,31.3
15,39,5.0,12.0,0.6558489485738741,0.6058668475118884,18.0,5.0,112,77,Pala 1,68.1
15,47,5.0,12.0,0.9112451557542998,0.3831041668442321,18.0,5.0,127,151,Pala 1,67.2
32,31,5.0,12.0,0.09324491922135836,0.10167689643099187,18.0,5.0,99,52,Pala 1,92.5
3,34,5.0,12.0,0.2635114506489049,0.5824750675541064,18.0,5.0,108,140,Pala 1,25.4
3,9,5.0,12.0,0.9023079734420988,0.683042747084586,18.0,5.0,167,159,Pala 1,39.9
38,33,5.0,12.0,0.2843439098197933,0.6802726189658028,18.0,5.0,147,135,Pala 2,109.7
39,35,5.0,12.0,0.6539436721799263,0.6370344090727096,18.0,5.0,135,33,Pala 2,113.9
16,5,5.0,12.0,0.5348181649431442,0.5002247809355458,18.0,5.0,65,48,Pala 2,42.6
36,42,5.0,12.0,0.5963276050038621,0.5194726168593257,18.0,5.0,75,78,Pala 1,117.5
38,45,5.0,12.0,0.4157889015772531,0.6356401098079596,18.0,5.0,133,103,Pala 1,119.5
28,15,5.0,12.0,0.2999914705537111,0.690259361746641,18.0,5.0,163,82,Pala 2,67.9
35,18,5.0,12.0,0.04853345072966897,0.6548767388313851,18.0,5.0,137,163,Pala 2,76.6
37,33,5.0,12.0,0.7442809392941642,0.5869455649134517,18.0,5.0,133,158,Pala 2,116.2
38,24,5.0,12.0,0.7460934621942268,0.1558389848041184,18.0,5.0,99,173,Pala 2,88.9
49,30,5.0,12.0,0.6707257400787232,0.21061653849286177,18.0,5.0,118,36,Pala 2,103.3
36,48,5.0,12.0,0.6436337881196206,0.26022402103534836,18.0,5.0,32,117,Pala 1,112.3
34,40,5.0,12.0,0.24371713216752622,0.9196616570875022,18.0,5.0,71,64,Pala 1,108.2
6,16,5.0,12.0,0.02234493376629121,0.7593950917969665,18.0,5.0,139,97,Pala 1,33.9
26,46,5.0,12.0,0.8087153968854397,0.5528668195368782,18.0,5.0,147,134,Pala 1,93.6
27,29,5.0,12.0,0.4911385356958269,0.2520569285440468,18.0,5.0,84,172,Pala 1,89.2
21,38,5.0,12.0,0.30683813070261834,0.11089152324417118,18.0,5.0,168,137,Pala 1,71.8
13,30,5.0,12.0,0.10193190678057007,0.8987592259799747,18.0,5.0,143,107,Pala 1,53.0
6,18,5.0,12.0,0.0627215909013884,0.892666015822917,18.0,5.0,59,154,Pala 1,32.8
36,34,5.0,12.0,0.3488667217951773,0.11069559569569154,18.0,5.0,137,131,Pala 1,107.3
21,28,5.0,12.0,0.8047370647669405,0.7972166660964961,18.0,5.0,110,168,Pala 1,80.9
4,0,5.0,12.0,0.9187237493338305,0.44664506930991266,18.0,5.0,46,161,Pala 2,31.8
1,3,5.0,12.0,0.8967513646130647,0.3239669328305401,18.0,5.0,62,87,Pala 1,31.7
26,27,5.0,12.0,0.9200008347496549,0.7391045362087072,18.0,5.0,131,148,Pala 1,99.6
20,17,5.0,12.0,0.9077253431293427,0.6143295410607306,18.0,5.0,50,117,Pala 2,75.9
37,25,5.0,12.0,0.5272247516003958,0.7800301075933374,18.0,5.0,140,151,Pala 2,93.2
14,39,5.0,12.0,0.21941563855690382,0.07432886063293709,18.0,5.0,39,96,Pala 1,52.9
20,18,5.0,12.0,0.7980465828368204,0.3185870199574564,18.0,5.0,132,67,Pala 2,76.5
9,5,5.0,12.0,0.213712974852579,0.31931685041673574,18.0,5.0,68,159,Pala 1,39.0
22,0,5.0,12.0,0.2672072767565691,0.3297530922877655,18.0,5.0,107,116,Pala 2,27.0
38,7,5.0,12.0,0.23325432182254846,0.5024798726438054,18.0,5.0,115,69,Pala 2,40.1
4,32,5.0,12.0,0.5149824036958058,0.28301380308094737,18.0,5.0,81,85,Pala 1,30.4
0,42,5.0,12.0,0.3218275081690799,0.4443836100875197,18.0,5.0,70,64,Pala 1,18.7
12,20,5.0,12.0,0.15415604962534146,0.3677775931154158,18.0,5.0,116,78,Pala 1,48.1
20,23,5.0,12.0,0.4531734118938824,0.7352960480205113,18.0,5.0,117,136,Pala 1,75.8
25,24,5.0,12.0,0.873907238785167,0.6035007956750501,18.0,5.0,66,125,Pala 1,92.9
49,46,5.0,12.0,0.5705528549499722,0.6536294323173154,18.0,5.0,152,151,Pala 2,145.7
44,42,5.0,12.0,0.8783356058875871,0.21058389408264444,18.0,5.0,93,124,Pala 2,133.8
20,18,5.0,12.0,0.1958721850791374,0.32550216532688936,18.0,5.0,148,60,Pala 1,70.6
17,28,5.0,12.0,0.166973873672554,0.021165447612074284,18.0,5.0,179,154,Pala 1,62.8
36,9,5.0,12.0,0.5755771256984202,0.10837470729316989,18.0,5.0,153,105,Pala 2,55.7
44,11,5.0,12.0,0.46332890154627304,0.26505423198888733,18.0,5.0,65,155,Pala 2,56.1
31,32,5.0,12.0,0.6601726416469569,0.06546372130202105,18.0,5.0,75,175,Pala 1,99.4
35,6,5.0,12.0,0.7946267910267816,0.6026324003547024,18.0,5.0,51,117,Pala 2,45.9
16,16,5.0,12.0,0.7513072956521765,0.9981301159238253,18.0,5.0,64,65,Pala 2,73.5
34,9,5.0,12.0,0.9422611736585611,0.10081521406538851,18.0,5.0,142,32,Pala 2,49.6
48,30,5.0,12.0,0.39825640915701155,0.8212302126692651,18.0,5.0,62,59,Pala 2,104.8
10,5,5.0,12.0,0.20638674224818077,0.11881624726514717,18.0,5.0,170,74,Pala 1,38.5
20,16,5.0,12.0,0.5509126399478858,0.6699140187964361,18.0,5.0,85,142,Pala 2,70.2
25,49,5.0,12.0,0.1107431201911856,0.6431576030590171,18.0,5.0,96,151,Pala 1,80.3
3,36,5.0,12.0,0.28885112333163143,0.9027169348111993,18.0,5.0,42,48,Pala 1,33.1
33,17,5.0,12.0,0.20788805526314447,0.11394561368051237,18.0,5.0,79,162,Pala 2,72.9
47,25,5.0,12.0,0.3965637167970809,0.3154444660818978,18.0,5.0,57,85,Pala 2,88.1
17,48,5.0,12.0,0.11121657500221538,0.09077976035468571,18.0,5.0,133,102,Pala 1,57.8
39,15,5.0,12.0,0.03184174454809785,0.4073833258044338,18.0,5.0,127,132,Pala 2,66.5
34,7,5.0,12.0,0.6567940046300318,0.9115931735574448,18.0,5.0,125,55,Pala 2,44.4
40,23,5.0,12.0,0.6102489782898048,0.7815231510618561,18.0,5.0,116,162,Pala 2,88.2
28,12,5.0,12.0,0.7083589360386612,0.7229001004453192,18.0,5.0,117,117,Pala 2,59.7
28,28,5.0,12.0,0.660386440271344,0.533027504862702,18.0,5.0,154,53,Pala 1,93.3
37,31,5.0,12.0,0.1142946811423835,0.8834857423355229,18.0,5.0,110,114,Pala 2,106.3
41,23,5.0,12.0,0.2910788813756463,0.44944179824132835,18.0,5.0,36,51,Pala 2,86.3
20,15,5.0,12.0,0.12952660990035236,0.14968566710063824,18.0,5.0,103,131,Pala 1,61.6
41,10,5.0,12.0,0.8429724020485632,0.8375852231207792,18.0,5.0,112,179,Pala 2,58.6
12,31,5.0,12.0,0.7469036553555233,0.27963832805172684,18.0,5.0,53,86,Pala 1,55.3
48,5,5.0,12.0,0.20152700291824244,0.05363354102444806,18.0,5.0,166,142,Pala 2,36.4
40,34,5.0,12.0,0.3413092404898934,0.12603803066879138,18.0,5.0,143,76,Pala 2,113.4
16,32,5.0,12.0,0.9666149922642142,0.6090589161941482,18.0,5.0,44,118,Pala 1,71.8
8,17,5.0,12.0,0.5941593578796515,0.6070819639211725,18.0,5.0,142,120,Pala 1,49.5
40,36,5.0,12.0,0.8011555973011573,0.2601831710820345,18.0,5.0,151,171,Pala 2,122.5
0,12,5.0,12.0,0.26459103476872914,0.7271801479459791,18.0,5.0,115,33,Pala 1,26.4
1,9,5.0,12.0,0.2100529201793052,0.7736401553995343,18.0,5.0,174,34,Pala 1,26.3
47,36,5.0,12.0,0.7839169288465484,0.9205026261336182,18.0,5.0,48,73,Pala 2,121.3
28,25,5.0,12.0,0.6858724552314401,0.584937498678237,18.0,5.0,38,120,Pala 2,90.1
32,45,5.0,12.0,0.6809779292117637,0.7794233641475729,18.0,5.0,93,53,Pala 1,110.4
9,16,5.0,12.0,0.5526345818291939,0.7530996797716337,18.0,5.0,67,57,Pala 1,48.8
49,0,5.0,12.0,0.5635783427765488,0.2578090484671929,18.0,5.0,165,157,Pala 2,31.4
39,24,5.0,12.0,0.7356975053062538,0.31022592793765935,18.0,5.0,163,34,Pala 2,88.2
20,33,5.0,12.0,0.2700024811211953,0.47848239575287144,18.0,5.0,131,42,Pala 1,64.2
27,38,5.0,12.0,0.35276846585695576,0.019038967529248496,18.0,5.0,178,84,Pala 1,84.0
10,9,5.0,12.0,0.8716367705200551,0.29739777315772353,18.0,5.0,122,59,Pala 2,50.4
33,19,5.0,12.0,0.30886520101215775,0.47388287334423795,18.0,5.0,63,131,Pala 2,77.2
7,6,5.0,12.0,0.546309571379299,0.10806929528114373,18.0,5.0,169,112,Pala 1,42.3
21,15,5.0,12.0,0.7026394640066841,0.12627588777512544,18.0,5.0,68,142,Pala 2,66.5
7,36,5.0,12.0,0.9999248268331765,0.46323673573734114,18.0,5.0,125,111,Pala 1,50.2
48,28,5.0,12.0,0.43529133149533195,0.7309650315859312,18.0,5.0,35,119,Pala 2,98.3
14,11,5.0,12.0,0.4280928766249438,0.8337489309206831,18.0,5.0,110,44,Pala 2,55.7
16,16,5.0,12.0,0.8425883794336675,0.5463138975047486,18.0,5.0,61,59,Pala 1,67.0
22,47,5.0,12.0,0.8055031112598633,0.4747489875467311,18.0,5.0,165,57,Pala 1,84.2
23,19,5.0,12.0,0.7310758817345485,0.3842805684597552,18.0,5.0,176,161,Pala 2,79.9
44,25,5.0,12.0,0.4632296374090289,0.19294899243760621,18.0,5.0,38,97,Pala 2,88.4
18,47,5.0,12.0,0.3239391201607158,0.1465620028143647,18.0,5.0,91,130,Pala 1,61.9
4,18,5.0,12.0,0.6087304825848486,0.7918964516618081,18.0,5.0,143,172,Pala 1,38.0
31,46,5.0,12.0,0.8762232931316409,0.4650066322123362,18.0,5.0,48,63,Pala 1,104.0
43,11,5.0,12.0,0.8837774582085866,0.7903202454797547,18.0,5.0,62,128,Pala 2,58.6
0,20,5.0,12.0,0.10849834507043843,0.7040830359006297,18.0,5.0,93,90,Pala 1,22.0
22,41,5.0,12.0,0.42835028381315066,0.19389591438337883,18.0,5.0,55,31,Pala 1,78.6
36,33,5.0,12.0,0.46472195619874945,0.5103072642112257,18.0,5.0,30,147,Pala 1,107.5
7,6,5.0,12.0,0.9776153675237532,0.4440166304226807,18.0,5.0,106,81,Pala 2,44.8
12,44,5.0,12.0,0.6779980152425845,0.42387350609069674,18.0,5.0,132,81,Pala 1,57.2
7,34,5.0,12.0,0.40724641726207056,0.5425710492038138,18.0,5.0,125,44,Pala 1,37.3
22,14,5.0,12.0,0.026057885985593,0.9820819010754379,18.0,5.0,105,57,Pala 2,59.8
42,0,5.0,12.0,0.5653851600991959,0.8129005976707453,18.0,5.0,62,125,Pala 2,29.7
0,25,5.0,12.0,0.09607597563835613,0.9037124316303916,18.0,5.0,111,127,Pala 1,23.9
44,34,5.0,12.0,0.8344499573477631,0.029639583176037543,18.0,5.0,98,84,Pala 2,112.9
23,24,5.0,12.0,0.7525186605703621,0.14033636679250594,18.0,5.0,112,51,Pala 1,83.5
34,41,5.0,12.0,0.46050915990817876,0.0847636602245635,18.0,5.0,135,101,Pala 1,105.1
23,14,5.0,12.0,0.4292107795416997,0.26323100506527664,18.0,5.0,131,169,Pala 2,64.8
16,21,5.0,12.0,0.8973389655687687,0.4418924919666505,18.0,5.0,143,67,Pala 1,66.7
4,5,5.0,12.0,0.2884583504181284,0.6420532476558896,18.0,5.0,172,149,Pala 1,34.8
19,14,5.0,12.0,0.2490199621067708,0.500831266286602,18.0,5.0,75,31,Pala 2,63.4
20,23,5.0,12.0,0.9391974328257621,0.9031839149131398,18.0,5.0,149,169,Pala 1,82.7
39,20,5.0,12.0,0.8092458367534826,0.9398559588938638,18.0,5.0,77,155,Pala 2,79.9
30,6,5.0,12.0,0.8206255930671946,0.1635209511974589,18.0,5.0,97,169,Pala 2,43.0
45,28,5.0,12.0,0.19519381427592553,0.852912920264785,18.0,5.0,112,138,Pala 2,96.0
35,31,5.0,12.0,0.1432959914309344,0.481722204013301,18.0,5.0,114,38,Pala 1,104.4
10,31,5.0,12.0,0.0260295498171349,0.4533294713173843,18.0,5.0,155,61,Pala 1,45.6
14,4,5.0,12.0,0.23704150891868003,0.7849393484845681,18.0,5.0,150,102,Pala 2,40.2
18,3,5.0,12.0,0.7741904917143247,0.09314050904487658,18.0,5.0,158,165,Pala 2,38.5
6,21,5.0,12.0,0.24003841876414977,0.8824931274191465,18.0,5.0,49,145,Pala 1,38.6
27,17,5.0,12.0,0.7291032835948762,0.6708633545476147,18.0,5.0,179,111,Pala 2,73.5
42,34,5.0,12.0,0.2519082653674215,0.8752616076579979,18.0,5.0,94,136,Pala 2,110.4
4,16,5.0,12.0,0.3952924979506717,0.9944775777076228,18.0,5.0,172,65,Pala 1,40.5
4,49,5.0,12.0,0.9831622899114084,0.5180044523572533,18.0,5.0,90,146,Pala 1,39.0
29,49,5.0,12.0,0.24481173128413558,0.09326219790892898,18.0,5.0,108,61,Pala 1,89.7
31,23,5.0,12.0,0.37637062729826765,0.1665238629308865,18.0,5.0,43,78,Pala 2,84.5
7,1,5.0,12.0,0.30108718046521366,0.32361824255430993,18.0,5.0,98,175,Pala 2,30.6
9,12,5.0,12.0,0.10962498633000228,0.10355294213470956,18.0,5.0,151,52,Pala 1,37.1
37,14,5.0,12.0,0.48989414213082494,0.8153418261377698,18.0,5.0,78,62,Pala 2,61.7
46,4,5.0,12.0,0.3786906633330023,0.29686785103276847,18.0,5.0,163,141,Pala 2,37.4
31,2,5.0,12.0,0.6948870858072801,0.9758861880198653,18.0,5.0,145,33,Pala 2,36.9
47,36,5.0,12.0,0.8175945469515462,0.7025914319318557,18.0,5.0,119,109,Pala 2,119.1
27,36,5.0,12.0,0.5442497144956385,0.17343037025555763,18.0,5.0,118,154,Pala 1,90.1
16,36,5.0,12.0,0.03219642208733686,0.4760426469439403,18.0,5.0,146,31,Pala 1,56.1
30,2,5.0,12.0,0.6189223562347216,0.4668842216333211,18.0,5.0,151,74,Pala 2,30.7
7,34,5.0,12.0,0.055390730020939194,0.49251165833363386,18.0,5.0,44,117,Pala 1,31.1
39,22,5.0,12.0,0.6163563235990249,0.5356911706429356,18.0,5.0,36,144,Pala 2,88.1
24,27,5.0,12.0,0.6850299492691885,0.03117308231773086,18.0,5.0,83,159,Pala 1,77.9
8,29,5.0,12.0,0.19776762761751843,0.6863011257436235,18.0,5.0,33,30,Pala 1,38.2
1,17,5.0,12.0,0.819346148721771,0.48719177528844326,18.0,5.0,30,47,Pala 1,27.6
14,35,5.0,12.0,0.9110851315740486,0.790965398868699,18.0,5.0,134,38,Pala 1,66.9
49,32,5.0,12.0,0.8130869641138196,0.8153495732604306,18.0,5.0,95,84,Pala 2,106.5
2,25,5.0,12.0,0.30510919021208216,0.23053512199171744,18.0,5.0,110,96,Pala 1,23.0
48,47,5.0,12.0,0.5866430124456344,0.0484229464267778,18.0,5.0,167,53,Pala 1,141.5
35,39,5.0,12.0,0.9148151491912277,0.7032338561123226,18.0,5.0,97,150,Pala 1,117.6
3,16,5.0,12.0,0.3206647262228499,0.9777627884638743,18.0,5.0,131,40,Pala 1,34.0
13,39,5.0,12.0,0.820027822265425,0.44665798658090106,18.0,5.0,80,45,Pala 1,60.7
40,6,5.0,12.0,0.009475131261696523,0.2596128095935958,18.0,5.0,59,122,Pala 2,42.7
40,7,5.0,12.0,0.00364670278467627,0.15667189458348096,18.0,5.0,68,134,Pala 2,46.7
24,30,5.0,12.0,0.7597116603389674,0.28744559739058506,18.0,5.0,167,41,Pala 1,84.4
49,11,5.0,12.0,0.7614475821271212,0.3279195513714498,18.0,5.0,92,150,Pala 2,54.1
9,47,5.0,12.0,0.7889771878522938,0.4238747434344645,18.0,5.0,90,119,Pala 1,45.0
20,30,5.0,12.0,0.9300268378881623,0.6554071232145865,18.0,5.0,94,161,Pala 1,84.2
35,43,5.0,12.0,0.11790631182028422,0.27316305608022706,18.0,5.0,110,104,Pala 1,104.4
11,18,5.0,12.0,0.23198498498368836,0.05097676346867597,18.0,5.0,41,95,Pala 1,43.6
26,9,5.0,12.0,0.9037249203738076,0.3732786115727196,18.0,5.0,153,60,Pala 2,52.1
39,38,5.0,12.0,0.17723619777235344,0.8556296161590757,18.0,5.0,31,118,Pala 1,115.7
1,11,5.0,12.0,0.682229267576584,0.4983515108518838,18.0,5.0,102,127,Pala 1,26.7
12,19,5.0,12.0,0.5304630000408154,0.9647837577454098,18.0,5.0,105,158,Pala 1,57.6
31,36,5.0,12.0,0.08319367685150725,0.5036215310887318,18.0,5.0,54,68,Pala 1,95.4
30,47,5.0,12.0,0.28526366194153285,0.2758988169218478,18.0,5.0,147,124,Pala 1,94.3
15,40,5.0,12.0,0.5203722164409679,0.19331399724521459,18.0,5.0,137,169,Pala 1,59.2
31,6,5.0,12.0,0.8523501166838341,0.6945244967855764,18.0,5.0,128,90,Pala 2,46.9
31,13,5.0,12.0,0.7075384896146737,0.5363812857774364,18.0,5.0,51,101,Pala 2,61.8
33,10,5.0,12.0,0.621883161454933,0.6039989289954415,18.0,5.0,85,168,Pala 2,59.0
10,6,5.0,12.0,0.4960328899414148,0.7551267893341311,18.0,5.0,178,138,Pala 2,44.8
9,28,5.0,12.0,0.2986839838141343,0.7259034642648929,18.0,5.0,84,43,Pala 1,49.6
14,9,5.0,12.0,0.11924491131926118,0.04336330016822698,18.0,5.0,69,165,Pala 1,46.9
16,28,5.0,12.0,0.40907603456609554,0.8025719052950282,18.0,5.0,179,161,Pala 1,64.5
39,8,5.0,12.0,0.028518493911292575,0.5327033070517114,18.0,5.0,150,142,Pala 2,47.8
17,35,5.0,12.0,0.2110558892668506,0.39170853081477264,18.0,5.0,33,59,Pala 1,60.5
8,47,5.0,12.0,0.43248337587265984,0.5375194262680704,18.0,5.0,55,113,Pala 1,40.6
24,9,5.0,12.0,0.41860518567191507,0.612451448457325,18.0,5.0,141,123,Pala 2,51.7
39,18,5.0,12.0,0.0442954309969924,0.14950630987379698,18.0,5.0,142,120,Pala 2,68.9
13,30,5.0,12.0,0.5890601535252913,0.417415395326445,18.0,5.0,52,118,Pala 1,56.3
24,16,5.0,12.0,0.5496842558532362,0.3355862101881838,18.0,5.0,87,83,Pala 2,68.3
49,8,5.0,12.0,0.07810430402091284,0.3504089448180384,18.0,5.0,37,163,Pala 2,50.0
21,44,5.0,12.0,0.9431630524604393,0.09133493840730822,18.0,5.0,145,34,Pala 1,81.5
29,32,5.0,12.0,0.09938277895086012,0.1598434880002304,18.0,5.0,80,80,Pala 1,86.4
19,33,5.0,12.0,0.8548341512373361,0.16183206758622137,18.0,5.0,30,171,Pala 1,72.5
20,44,5.0,12.0,0.00030973191500593966,0.3732247432216478,18.0,5.0,149,63,Pala 1,67.7
43,23,5.0,12.0,0.8822810950453831,0.8944915448747915,18.0,5.0,59,118,Pala 2,87.1
31,8,5.0,12.0,0.019719732204312557,0.20602737192094267,18.0,5.0,46,175,Pala 2,45.6
45,6,5.0,12.0,0.757812031892116,0.41619250767480453,18.0,5.0,131,49,Pala 2,45.9
48,15,5.0,12.0,0.36169081130025293,0.3116094152991379,18.0,5.0,151,136,Pala 2,66.6
20,18,5.0,12.0,0.7382168001363199,0.7873833125513381,18.0,5.0,115,165,Pala 2,74.2
34,38,5.0,12.0,0.4017452054249785,0.05012643232081615,18.0,5.0,98,55,Pala 1,102.0
31,5,5.0,12.0,0.07090792233184173,0.1965433955358904,18.0,5.0,118,114,Pala 2,39.7
29,49,5.0,12.0,0.7675066953953641,0.21064154235479438,18.0,5.0,100,71,Pala 1,97.3
38,10,5.0,12.0,0.07125268532136497,0.9929628003132313,18.0,5.0,87,110,Pala 2,54.1
48,11,5.0,12.0,0.922120435961218,0.5707750179663036,18.0,5.0,179,56,Pala 2,57.9
11,41,5.0,12.0,0.050974035791661376,0.13895826438351822,18.0,5.0,88,129,Pala 1,39.4
40,12,5.0,12.0,0.47932527777151546,0.27219913927656547,18.0,5.0,66,64,Pala 2,58.5
46,11,5.0,12.0,0.7230344308507957,0.16782209412292426,18.0,5.0,129,67,Pala 2,60.1
17,20,5.0,12.0,0.39324646479203773,0.12460456961944799,18.0,5.0,142,67,Pala 1,60.7
20,9,5.0,12.0,0.2172334745924347,0.7971820284078925,18.0,5.0,49,71,Pala 2,50.5
12,19,5.0,12.0,0.759090961396027,0.49575262866035485,18.0,5.0,46,86,Pala 1,54.0
20,49,5.0,12.0,0.7842947047887264,0.6312101368487814,18.0,5.0,33,129,Pala 1,79.5
7,35,5.0,12.0,0.9226949839543672,0.33125124699199604,18.0,5.0,79,83,Pala 1,46.8
45,27,5.0,12.0,0.3761651104310777,0.5536950860673294,18.0,5.0,111,167,Pala 2,95.0
39,23,5.0,12.0,0.5062517344973269,0.2575690325236971,18.0,5.0,79,69,Pala 2,83.3
45,4,5.0,12.0,0.36312844284607204,0.3080362749282348,18.0,5.0,45,158,Pala 2,39.2
6,36,5.0,12.0,0.2570818218513682,0.652237944366733,18.0,5.0,101,149,Pala 1,38.1
22,11,5.0,12.0,0.7510329615376086,0.15035012591923025,18.0,5.0,90,115,Pala 2,54.7
43,34,5.0,12.0,0.33965184501695544,0.6172218591674619,18.0,5.0,73,93,Pala 2,111.3
31,39,5.0,12.0,0.42814944199235205,0.8522348164231273,18.0,5.0,175,110,Pala 1,103.3
10,1,5.0,12.0,0.40367365762402785,0.12042322618076906,18.0,5.0,79,41,Pala 2,26.5
21,49,5.0,12.0,0.7126612256467458,0.897461280569979,18.0,5.0,109,118,Pala 1,80.2
21,40,5.0,12.0,0.9177956261106798,0.07944568029889498,18.0,5.0,59,55,Pala 1,76.7
42,44,5.0,12.0,0.6667560613073773,0.348909226955873,18.0,5.0,78,69,Pala 1,128.9
24,38,5.0,12.0,0.4715825960942326,0.6105093152379946,18.0,5.0,127,139,Pala 1,84.1
21,41,5.0,12.0,0.7792051147388834,0.5594147601185369,18.0,5.0,178,142,Pala 1,81.3
27,8,5.0,12.0,0.6409713241221375,0.09639107249443346,18.0,5.0,179,72,Pala 2,47.2
28,21,5.0,12.0,0.060610357117813485,0.7989131677858531,18.0,5.0,54,101,Pala 2,76.9
12,46,5.0,12.0,0.09566358641884165,0.9731532931452528,18.0,5.0,85,170,Pala 1,51.6
17,4,5.0,12.0,0.03791694407363333,0.1812282891837701,18.0,5.0,33,119,Pala 2,36.6
1,11,5.0,12.0,0.45681632620631984,0.8951309698154628,18.0,5.0,41,46,Pala 1,27.1
28,0,5.0,12.0,0.8258534343389649,0.5568094421117505,18.0,5.0,174,117,Pala 2,30.8
20,43,5.0,12.0,0.31308316935135205,0.9359337712453274,18.0,5.0,65,53,Pala 1,70.2
14,21,5.0,12.0,0.3841601830924817,0.1760859584167611,18.0,5.0,45,105,Pala 1,52.6
26,37,5.0,12.0,0.9094771083678906,0.7920213931794245,18.0,5.0,150,87,Pala 1,97.0
49,18,5.0,12.0,0.8369034453166548,0.05978157544533114,18.0,5.0,166,126,Pala 2,74.2
30,15,5.0,12.0,0.66504811238256,0.8831964468027265,18.0,5.0,107,80,Pala 2,65.4
14,30,5.0,12.0,0.2668037820922513,0.6741594221996337,18.0,5.0,84,117,Pala 1,55.0
22,2,5.0,12.0,0.1170414826884435,0.37025478392243005,18.0,5.0,102,121,Pala 2,34.0
23,22,5.0,12.0,0.016058822680113716,0.19046682349785016,18.0,5.0,93,140,Pala 1,72.1
43,41,5.0,12.0,0.10701067260442088,0.8165330985672048,18.0,5.0,119,130,Pala 1,129.6
12,17,5.0,12.0,0.29259644362394277,0.6032413213948116,18.0,5.0,167,42,Pala 1,52.4
21,25,5.0,12.0,0.5517900635794957,0.3604158529480014,18.0,5.0,118,176,Pala 1,79.3
42,12,5.0,12.0,0.06400008275238689,0.44383582480251627,18.0,5.0,33,35,Pala 2,54.3
36,17,5.0,12.0,0.136227778318449,0.8265426560723765,18.0,5.0,59,175,Pala 2,70.6
32,2,5.0,12.0,0.18108070230794104,0.3389271933568677,18.0,5.0,168,38,Pala 2,31.3
2,22,5.0,12.0,0.6319820929833062,0.0896326781099287,18.0,5.0,80,110,Pala 1,23.5
18,2,5.0,12.0,0.6157897989801244,0.9112821722034727,18.0,5.0,176,97,Pala 2,33.2
22,24,5.0,12.0,0.5507657263721529,0.3873437396580346,18.0,5.0,170,83,Pala 1,80.7
28,26,5.0,12.0,0.2505014246959396,0.3483875111152135,18.0,5.0,160,155,Pala 1,88.8
29,43,5.0,12.0,0.371119691218732,0.20439961887593938,18.0,5.0,141,79,Pala 1,93.2
38,26,5.0,12.0,0.09668971633774304,0.8974225712283456,18.0,5.0,107,99,Pala 2,92.1
43,38,5.0,12.0,0.22646060375805488,0.21750533368783387,18.0,5.0,56,168,Pala 1,122.5
46,24,5.0,12.0,0.8977052264725804,0.6366728680013837,18.0,5.0,117,147,Pala 2,91.4
24,23,5.0,12.0,0.9796917464358285,0.8807650116081029,18.0,5.0,167,119,Pala 2,88.9
36,7,5.0,12.0,0.6476595856402947,0.0349136146032174,18.0,5.0,147,168,Pala 2,45.6
46,8,5.0,12.0,0.9168232920234202,0.8287917053001957,18.0,5.0,36,101,Pala 2,52.1
7,45,5.0,12.0,0.6427419004014251,0.4105994216897745,18.0,5.0,144,96,Pala 1,42.0
41,36,5.0,12.0,0.03319648610546988,0.6579745752652119,18.0,5.0,121,159,Pala 2,120.0
15,29,5.0,12.0,0.996762584986409,0.37240456322555393,18.0,5.0,119,55,Pala 1,69.8
7,18,5.0,12.0,0.0989523016865349,0.6955162563474939,18.0,5.0,111,105,Pala 1,35.5
0,15,5.0,12.0,0.6826418014450607,0.25429491455769915,18.0,5.0,42,66,Pala 1,25.6
43,23,5.0,12.0,0.25283620307479004,0.021930542435396272,18.0,5.0,101,65,Pala 2,82.3
4,43,5.0,12.0,0.39198111290696014,0.9477875147879535,18.0,5.0,120,45,Pala 1,34.0
2,20,5.0,12.0,0.6459341848009382,0.016367764040082777,18.0,5.0,171,107,Pala 1,28.3
0,35,5.0,12.0,0.43648734930770705,0.8240992896335071,18.0,5.0,134,95,Pala 1,28.1
3,39,5.0,12.0,0.25054605893112825,0.1691375933224738,18.0,5.0,73,50,Pala 1,22.5
39,38,5.0,12.0,0.3344461868783247,0.3922202286020279,18.0,5.0,113,164,Pala 1,114.2
34,46,5.0,12.0,0.3415481169231763,0.8224923765060558,18.0,5.0,57,168,Pala 1,109.5
31,5,5.0,12.0,0.9593239045082137,0.20593215031234535,18.0,5.0,52,83,Pala 2,42.0
41,4,5.0,12.0,0.798613015923451,0.8657076055250358,18.0,5.0,41,122,Pala 2,40.6
33,13,5.0,12.0,0.4585487714794001,0.4977589391019014,18.0,5.0,80,87,Pala 2,61.6
42,44,5.0,12.0,0.19982092034136412,0.36615346271727656,18.0,5.0,137,66,Pala 1,125.7
24,41,5.0,12.0,0.811016110262656,0.6624377467363362,18.0,5.0,179,149,Pala 1,92.7
9,49,5.0,12.0,0.1571824716083735,0.3413897219809575,18.0,5.0,91,68,Pala 1,41.3
20,3,5.0,12.0,0.21046221714200342,0.347288358996357,18.0,5.0,55,133,Pala 2,41.0
45,7,5.0,12.0,0.36601339184015114,0.7335263909383032,18.0,5.0,87,97,Pala 2,46.5
38,23,5.0,12.0,0.8803481958519901,0.30983222453910786,18.0,5.0,172,97,Pala 2,85.3
26,10,5.0,12.0,0.13178666863411026,0.2007726483544251,18.0,5.0,97,133,Pala 2,51.8
26,16,5.0,12.0,0.12223419285452608,0.8076461279965721,18.0,5.0,35,89,Pala 2,71.5
1,49,5.0,12.0,0.493974988305266,0.8053710337272317,18.0,5.0,140,155,Pala 1,30.1
40,20,5.0,12.0,0.2764105410936747,0.4975857037068693,18.0,5.0,159,152,Pala 2,76.6
47,25,5.0,12.0,0.5687279416481599,0.5266556161629551,18.0,5.0,53,65,Pala 2,90.3
12,42,5.0,12.0,0.4516366846832235,0.6960766257676386,18.0,5.0,64,162,Pala 1,51.8
8,47,5.0,12.0,0.4349591063512168,0.5092742917624334,18.0,5.0,76,153,Pala 1,41.6
35,43,5.0,12.0,0.11197297048699328,0.4170399589692325,18.0,5.0,60,176,Pala 1,103.9
21,44,5.0,12.0,0.14104969024984015,0.9948941932967458,18.0,5.0,118,169,Pala 1,77.0
41,26,5.0,12.0,0.8210785774468501,0.14764042785255893,18.0,5.0,105,119,Pala 2,95.6
25,15,5.0,12.0,0.8858827375717444,0.5927279792398606,18.0,5.0,147,112,Pala 2,69.8
11,25,5.0,12.0,0.23468353288525023,0.8858630260756603,18.0,5.0,159,168,Pala 1,53.8
16,32,5.0,12.0,0.11346050152476905,0.6872150411811148,18.0,5.0,133,82,Pala 1,58.5
13,30,5.0,12.0,0.05341667193451061,0.8809232990882384,18.0,5.0,88,49,Pala 1,52.8
13,47,5.0,12.0,0.6082976137418968,0.3363347203546726,18.0,5.0,125,102,Pala 1,58.9
33,46,5.0,12.0,0.7153532125002056,0.2719929762602392,18.0,5.0,92,113,Pala 1,103.4
19,5,5.0,12.0,0.3728099892032055,0.8512723869021047,18.0,5.0,174,56,Pala 2,41.0
10,43,5.0,12.0,0.6796758674906396,0.39411457618546053,18.0,5.0,83,87,Pala 1,49.5
15,7,5.0,12.0,0.7129588155595261,0.7096823230573113,18.0,5.0,154,152,Pala 2,48.2
30,6,5.0,12.0,0.9353422813969053,0.14774857841411426,18.0,5.0,178,162,Pala 2,49.3
5,33,5.0,12.0,0.06487363783510725,0.7558381253766747,18.0,5.0,51,103,Pala 1,31.7
18,43,5.0,12.0,0.1922917232310798,0.5489826490248694,18.0,5.0,154,166,Pala 1,67.1
36,13,5.0,12.0,0.06852598759698814,0.2686116399104609,18.0,5.0,126,106,Pala 2,60.4
3,15,5.0,12.0,0.8679939333361105,0.49450396395890506,18.0,5.0,145,154,Pala 1,41.3
46,42,5.0,12.0,0.7925871600335685,0.6969436258397035,18.0,5.0,58,154,Pala 2,135.3
3,8,5.0,12.0,0.574642070621839,0.011886408847383678,18.0,5.0,178,61,Pala 1,28.0
19,9,5.0,12.0,0.08366341005118316,0.6374670588141295,18.0,5.0,31,56,Pala 2,49.6
9,16,5.0,12.0,0.2733123586537196,0.5415907782732744,18.0,5.0,71,47,Pala 1,44.2
23,11,5.0,12.0,0.2977198480585169,0.2202861677467326,18.0,5.0,81,116,Pala 2,53.6
34,5,5.0,12.0,0.5607431960154171,0.7529810739761967,18.0,5.0,67,134,Pala 2,39.8
25,18,5.0,12.0,0.25804389403671546,0.30346098463320115,18.0,5.0,160,70,Pala 2,73.0
36,42,5.0,12.0,0.07295986391295484,0.27686093154656477,18.0,5.0,106,63,Pala 1,107.4
37,40,5.0,12.0,0.7307623018532994,0.4712183489993227,18.0,5.0,172,36,Pala 1,122.0
20,28,5.0,12.0,0.2990802116554113,0.6761496784223647,18.0,5.0,134,34,Pala 1,72.0
39,5,5.0,12.0,0.4523741770233006,0.9288459758762544,18.0,5.0,39,50,Pala 2,40.6
38,24,5.0,12.0,0.12766663498230535,0.14135724313210396,18.0,5.0,149,163,Pala 2,84.8
20,23,5.0,12.0,0.8025483033945796,0.39646812075173365,18.0,5.0,156,149,Pala 1,77.7
9,24,5.0,12.0,0.5655318769240576,0.06698959251262993,18.0,5.0,143,135,Pala 1,45.0
37,15,5.0,12.0,0.9015856262098628,0.7585507474717424,18.0,5.0,98,116,Pala 2,71.9
45,15,5.0,12.0,0.49547156306533335,0.4477328896813607,18.0,5.0,138,160,Pala 2,63.5
3,5,5.0,12.0,0.9414256718178797,0.7069291351881851,18.0,5.0,73,67,Pala 1,38.9
44,36,5.0,12.0,0.891868204381326,0.3221944239762873,18.0,5.0,49,116,Pala 2,120.1
19,20,5.0,12.0,0.5764598564592339,0.8443172414063235,18.0,5.0,136,109,Pala 1,77.9
16,3,5.0,12.0,0.9338934381498634,0.5348280782401147,18.0,5.0,148,142,Pala 2,38.8
6,33,5.0,12.0,0.3230887472945523,0.9436078218236551,18.0,5.0,138,173,Pala 1,43.0
3,27,5.0,12.0,0.36564216270421135,0.0788146391440342,18.0,5.0,37,118,Pala 1,20.4
28,37,5.0,12.0,0.045477951306036934,0.5142768245420744,18.0,5.0,72,135,Pala 1,86.7
13,40,5.0,12.0,0.5892009067638531,0.7664552459976987,18.0,5.0,167,100,Pala 1,61.0
2,27,5.0,12.0,0.7219239699289334,0.6001526480736147,18.0,5.0,70,37,Pala 1,32.3
23,16,5.0,12.0,0.7735191902421031,0.023194140426842758,18.0,5.0,161,160,Pala 2,66.5
36,13,5.0,12.0,0.1498162860461033,0.9723386783438808,18.0,5.0,161,98,Pala 2,63.8
15,6,5.0,12.0,0.4441590723125003,0.2982636930758984,18.0,5.0,53,157,Pala 2,44.8
3,21,5.0,12.0,0.17686321209391564,0.24927786636638205,18.0,5.0,50,48,Pala 1,24.7
23,0,5.0,12.0,0.6621273488542488,0.4856598756065795,18.0,5.0,167,164,Pala 2,28.0
33,28,5.0,12.0,0.15794637242176812,0.5421581075233489,18.0,5.0,75,115,Pala 2,95.9
29,30,5.0,12.0,0.9041636839560749,0.7662881375898254,18.0,5.0,150,79,Pala 2,105.0
17,29,5.0,12.0,0.23063464566141334,0.39327365765898914,18.0,5.0,73,163,Pala 1,58.0
18,14,5.0,12.0,0.29140226628824484,0.4399603764622122,18.0,5.0,129,162,Pala 1,62.7
30,17,5.0,12.0,0.8509063221509997,0.534959915933831,18.0,5.0,62,90,Pala 2,71.5
18,34,5.0,12.0,0.4584676101457238,0.39438709974164066,18.0,5.0,123,124,Pala 1,64.3
48,49,5.0,12.0,0.023995945800073026,0.914548079101156,18.0,5.0,65,87,Pala 1,139.6
45,29,5.0,12.0,0.49458625120264577,0.8512519666342522,18.0,5.0,42,179,Pala 2,106.1
18,33,5.0,12.0,0.08454333538012304,0.4549736950778783,18.0,5.0,43,61,Pala 1,59.8
21,41,5.0,12.0,0.9853447186873107,0.00019486233731713654,18.0,5.0,79,174,Pala 1,77.8
23,10,5.0,12.0,0.5881115704556024,0.9009344955292806,18.0,5.0,97,51,Pala 2,51.3
44,26,5.0,12.0,0.25653261761097845,0.12433657343946525,18.0,5.0,30,109,Pala 2,92.6
11,23,5.0,12.0,0.5637176795476178,0.2445124151940462,18.0,5.0,32,71,Pala 1,49.5
29,34,5.0,12.0,0.07686710338175484,0.1523612843653982,18.0,5.0,161,108,Pala 1,89.2
37,38,5.0,12.0,0.799891304268817,0.17981556998102377,18.0,5.0,43,165,Pala 1,115.9
30,7,5.0,12.0,0.9253280538641637,0.8028775378898347,18.0,5.0,118,75,Pala 2,48.6
35,17,5.0,12.0,0.8744443882061596,0.5795014416659242,18.0,5.0,132,144,Pala 2,74.7
18,12,5.0,12.0,0.3417576022985628,0.9560951631253485,18.0,5.0,154,160,Pala 2,61.5
47,44,5.0,12.0,0.3257681196433685,0.23145351232371647,18.0,5.0,96,106,Pala 1,136.4
44,23,5.0,12.0,0.035087611216299996,0.485634908131234,18.0,5.0,36,59,Pala 2,82.9
35,22,5.0,12.0,0.6514003587009167,0.97742836908247,18.0,5.0,37,57,Pala 2,83.2
29,11,5.0,12.0,0.5349047841897949,0.8264435142747697,18.0,5.0,73,102,Pala 2,57.7
48,48,5.0,12.0,0.45934637132734135,0.7286156791204911,18.0,5.0,164,68,Pala 1,146.1
32,29,5.0,12.0,0.907630953334707,0.18897520137079193,18.0,5.0,77,112,Pala 2,100.9
17,30,5.0,12.0,0.1678789010828463,0.7694054009097161,18.0,5.0,91,96,Pala 1,61.7
48,27,5.0,12.0,0.009666266690182335,0.34756512259591776,18.0,5.0,54,158,Pala 2,95.2
27,21,5.0,12.0,0.07331645212076543,0.5305368970467577,18.0,5.0,147,67,Pala 2,80.3
46,43,5.0,12.0,0.2233714378273689,0.6091612130395402,18.0,5.0,142,81,Pala 2,134.1
10,27,5.0,12.0,0.03328554926345695,0.6093637115242541,18.0,5.0,175,112,Pala 1,44.6
44,12,5.0,12.0,0.5028437106431355,0.7265234719135164,18.0,5.0,151,114,Pala 2,58.9
32,24,5.0,12.0,0.31409045523357804,0.6617020926422056,18.0,5.0,33,42,Pala 2,85.8
16,43,5.0,12.0,0.18048300806813267,0.06837087931058983,18.0,5.0,174,46,Pala 1,52.8
5,45,5.0,12.0,0.7500840749486621,0.45734702594910726,18.0,5.0,76,113,Pala 1,32.2
3,6,5.0,12.0,0.20445132623253004,0.6640216067199792,18.0,5.0,147,168,Pala 1,28.9
19,44,5.0,12.0,0.6876051009937932,0.29599298216572867,18.0,5.0,74,67,Pala 1,69.6
47,5,5.0,12.0,0.3492649058476389,0.3130566872163897,18.0,5.0,118,57,Pala 2,38.7
46,23,5.0,12.0,0.5118277606625545,0.12456754775461554,18.0,5.0,32,132,Pala 2,85.3
26,18,5.0,12.0,0.9338670398513198,0.41861498597485536,18.0,5.0,169,53,Pala 2,76.9
14,18,5.0,12.0,0.03735163481581283,0.9868304343061747,18.0,5.0,174,75,Pala 1,59.6
5,35,5.0,12.0,0.5002645074774619,0.28531936128803737,18.0,5.0,147,113,Pala 1,34.5
46,8,5.0,12.0,0.8544229603276182,0.5314368926860981,18.0,5.0,51,126,Pala 2,49.8
13,47,5.0,12.0,0.5879742483703485,0.7432372527790844,18.0,5.0,68,98,Pala 1,58.5
10,35,5.0,12.0,0.27687051696515663,0.013497270884270662,18.0,5.0,68,98,Pala 1,38.4
38,37,5.0,12.0,0.39768113514503434,0.9004395595982989,18.0,5.0,136,68,Pala 1,120.0
8,39,5.0,12.0,0.6802656287285745,0.3865501847249385,18.0,5.0,129,104,Pala 1,45.3
25,28,5.0,12.0,0.890811894313803,0.8691159867109822,18.0,5.0,45,115,Pala 1,89.4
15,23,5.0,12.0,0.041066373746611595,0.038947658899478044,18.0,5.0,147,60,Pala 1,52.0
4,47,5.0,12.0,0.07153882189037641,0.14566355186367586,18.0,5.0,58,94,Pala 1,21.4
9,4,5.0,12.0,0.32505152360958756,0.3225294544775592,18.0,5.0,100,44,Pala 2,39.5
49,41,5.0,12.0,0.23277968443747898,0.34546177306327874,18.0,5.0,106,112,Pala 2,129.5
2,44,5.0,12.0,0.264930886222406,0.8477942230280165,18.0,5.0,178,103,Pala 1,29.4
12,25,5.0,12.0,0.22126999862588093,0.011201115388235205,18.0,5.0,161,38,Pala 1,41.4
42,13,5.0,12.0,0.19582504885515772,0.6411117764696795,18.0,5.0,155,42,Pala 2,59.1
48,38,5.0,12.0,0.13062396686929179,0.13131243617855026,18.0,5.0,128,149,Pala 2,125.6
29,28,5.0,12.0,0.933954131795238,0.8232156507110494,18.0,5.0,145,74,Pala 2,103.0
44,5,5.0,12.0,0.14418946390615306,0.7785732659579123,18.0,5.0,44,119,Pala 2,39.9
5,6,5.0,12.0,0.20440377476553617,0.4999210274112006,18.0,5.0,119,163,Pala 1,32.7
16,36,5.0,12.0,0.24626572398078572,0.21268722551237518,18.0,5.0,164,133,Pala 1,61.9
44,17,5.0,12.0,0.9330148731304205,0.6344953909655563,18.0,5.0,175,73,Pala 2,74.3
18,22,5.0,12.0,0.7557141336010847,0.15625831765764564,18.0,5.0,118,31,Pala 1,68.8
41,43,5.0,12.0,0.7896994303155147,0.19002379259265345,18.0,5.0,178,154,Pala 1,130.2
34,37,5.0,12.0,0.10475825953849804,0.6266899022253577,18.0,5.0,145,41,Pala 1,104.3
45,0,5.0,12.0,0.8363098750156717,0.9912284460886244,18.0,5.0,165,143,Pala 2,33.4
25,3,5.0,12.0,0.408193081817418,0.8910608372525463,18.0,5.0,49,96,Pala 2,35.5
4,43,5.0,12.0,0.26282302621238873,0.5931073576836771,18.0,5.0,111,40,Pala 1,31.1
28,46,5.0,12.0,0.5757500835203105,0.5385367687674237,18.0,5.0,146,34,Pala 1,95.6
36,34,5.0,12.0,0.8221829058167339,0.9983848800081085,18.0,5.0,96,74,Pala 2,117.1
19,22,5.0,12.0,0.7786521510749094,0.5473971476338937,18.0,5.0,91,146,Pala 1,76.9
48,26,5.0,12.0,0.8899974825811321,0.42011652195944393,18.0,5.0,47,163,Pala 2,94.7
20,25,5.0,12.0,0.9281321860154439,0.9095555357753414,18.0,5.0,120,109,Pala 1,81.3
9,7,5.0,12.0,0.23812207142774955,0.23418429586928824,18.0,5.0,139,123,Pala 1,40.9
4,42,5.0,12.0,0.42385789416927167,0.09752599029680897,18.0,5.0,85,113,Pala 1,29.8
35,15,5.0,12.0,0.014628539205070012,0.6340900343618303,18.0,5.0,114,118,Pala 2,66.1
5,40,5.0,12.0,0.87932165926506,0.095849633768749,18.0,5.0,179,140,Pala 1,40.1
25,2,5.0,12.0,0.15457215147476755,0.37314853695296013,18.0,5.0,37,96,Pala 2,35.6
3,31,5.0,12.0,0.8614748123426943,0.42357738558172053,18.0,5.0,168,41,Pala 1,36.8
38,4,5.0,12.0,0.32938732198659637,0.5475380670492331,18.0,5.0,136,56,Pala 2,38.1
38,19,5.0,12.0,0.3681335899811382,0.9916595457479623,18.0,5.0,41,134,Pala 2,75.7
49,13,5.0,12.0,0.039132254483859374,0.22098172333318078,18.0,5.0,132,115,Pala 2,59.3
34,31,5.0,12.0,0.3268787897653196,0.375756378506912,18.0,5.0,92,146,Pala 2,104.0
0,25,5.0,12.0,0.8883636828012641,0.13224012441065802,18.0,5.0,56,159,Pala 1,25.6
23,46,5.0,12.0,0.02554740112160414,0.6076135260332347,18.0,5.0,64,166,Pala 1,70.7
35,5,5.0,12.0,0.40632747304672534,0.7276731823078335,18.0,5.0,159,60,Pala 2,41.6
5,35,5.0,12.0,0.03139962981274114,0.48207682323587886,18.0,5.0,165,142,Pala 1,34.3
40,39,5.0,12.0,0.37092342510906495,0.24583126828997104,18.0,5.0,49,134,Pala 1,117.4
45,4,5.0,12.0,0.17264064078029118,0.6208882691817477,18.0,5.0,37,44,Pala 2,37.3
43,12,5.0,12.0,0.25221839326837203,0.5391577233688495,18.0,5.0,97,126,Pala 2,53.9
30,31,5.0,12.0,0.877598373161419,0.17118572340371774,18.0,5.0,170,60,Pala 1,102.2
19,15,5.0,12.0,0.436049220621891,0.40568190050213027,18.0,5.0,115,31,Pala 2,64.1
23,0,5.0,12.0,0.2737979914019122,0.43519709163519493,18.0,5.0,55,72,Pala 2,26.8
24,12,5.0,12.0,0.5893383779505478,0.9826177537714329,18.0,5.0,110,144,Pala 2,61.5
35,10,5.0,12.0,0.14210695983258237,0.8492858321555218,18.0,5.0,149,152,Pala 2,51.9
20,7,5.0,12.0,0.2593916074208559,0.7343707882735938,18.0,5.0,47,30,Pala 2,42.7
29,24,5.0,12.0,0.5462479676028885,0.8887770255029475,18.0,5.0,98,38,Pala 2,91.5
23,39,5.0,12.0,0.23752304184806883,0.735484405828715,18.0,5.0,169,159,Pala 1,81.3
43,31,5.0,12.0,0.6791277374008733,0.9034018551257333,18.0,5.0,159,130,Pala 2,110.1
41,23,5.0,12.0,0.49149130225952253,0.05455311487950798,18.0,5.0,164,139,Pala 2,83.8
29,27,5.0,12.0,0.7719890702546909,0.45606620926691654,18.0,5.0,76,169,Pala 1,98.8
21,13,5.0,12.0,0.9482445357224686,0.7468983352418336,18.0,5.0,152,167,Pala 2,64.1
27,44,5.0,12.0,0.11580488934740774,0.5832957966100135,18.0,5.0,83,140,Pala 1,83.4
6,2,5.0,12.0,0.33466500998454485,0.17516616415078667,18.0,5.0,44,94,Pala 1,31.9
34,35,5.0,12.0,0.31954906287840656,0.34049208652853424,18.0,5.0,95,94,Pala 1,98.7
27,26,5.0,12.0,0.15118291933725425,0.31777437502669126,18.0,5.0,110,90,Pala 1,87.9
13,19,5.0,12.0,0.8103031373334708,0.261346913184336,18.0,5.0,65,124,Pala 1,57.1
9,46,5.0,12.0,0.75987870403879,0.3431355535139661,18.0,5.0,46,64,Pala 1,45.4
15,14,5.0,12.0,0.484425470834399,0.514853288461121,18.0,5.0,31,168,Pala 1,60.5
15,26,5.0,12.0,0.5377707777946096,0.854869024783276,18.0,5.0,62,67,Pala 1,62.5
30,44,5.0,12.0,0.05954413800249625,0.7420326623937563,18.0,5.0,122,143,Pala 1,97.1
41,40,5.0,12.0,0.5555073523270456,0.8352497040162337,18.0,5.0,153,68,Pala 2,126.6
24,27,5.0,12.0,0.7913415240196364,0.8836037445630863,18.0,5.0,163,178,Pala 1,92.1
12,24,5.0,12.0,0.5738275735838572,0.41615045609760726,18.0,5.0,129,149,Pala 1,56.3
5,41,5.0,12.0,0.2653063701204189,0.3460262840267472,18.0,5.0,117,139,Pala 1,27.4
43,43,5.0,12.0,0.6675482723343372,0.05762338168416181,18.0,5.0,40,49,Pala 1,128.9
8,45,5.0,12.0,0.36148842996524766,0.9304916218764343,18.0,5.0,34,72,Pala 1,45.9
44,32,5.0,12.0,0.5448732842857352,0.06582301793814394,18.0,5.0,59,178,Pala 2,108.2
35,45,5.0,12.0,0.48756536327892475,0.7411355153704704,18.0,5.0,167,93,Pala 1,113.3
42,13,5.0,12.0,0.3811750009651801,0.3781083044655872,18.0,5.0,120,136,Pala 2,61.4
19,7,5.0,12.0,0.7188779803941351,0.9487807744991863,18.0,5.0,120,61,Pala 2,46.5
17,47,5.0,12.0,0.8838761119858818,0.419602020934129,18.0,5.0,151,65,Pala 1,72.5
42,13,5.0,12.0,0.005212518476924943,0.8166083513547164,18.0,5.0,147,134,Pala 2,61.2
20,0,5.0,12.0,0.9336165192303673,0.2826548321636766,18.0,5.0,90,98,Pala 2,28.6
3,15,5.0,12.0,0.511515136083225,0.29908871724384667,18.0,5.0,131,138,Pala 1,28.5
49,17,5.0,12.0,0.7007318803632652,0.5955194098784342,18.0,5.0,55,161,Pala 2,73.4
32,6,5.0,12.0,0.8556245661758771,0.9979826337074738,18.0,5.0,138,36,Pala 2,46.9
26,14,5.0,12.0,0.46710369231426996,0.5175724179791963,18.0,5.0,141,113,Pala 2,65.3
6,23,5.0,12.0,0.8349740733648903,0.9363086363932905,18.0,5.0,68,178,Pala 1,48.1
5,48,5.0,12.0,0.17761981945520222,0.7862498282487278,18.0,5.0,32,176,Pala 1,32.3
14,12,5.0,12.0,0.15916753447981447,0.7958643141772349,18.0,5.0,67,63,Pala 1,56.6
17,8,5.0,12.0,0.6574713688561535,0.4359599891287641,18.0,5.0,71,45,Pala 2,49.9
31,14,5.0,12.0,0.8701430055517372,0.38654225017280064,18.0,5.0,77,67,Pala 2,64.3
10,34,5.0,12.0,0.8924261775360394,0.19192180809081538,18.0,5.0,42,144,Pala 1,49.8
19,23,5.0,12.0,0.6437404583772466,0.9639412669836536,18.0,5.0,118,110,Pala 1,76.1
23,32,5.0,12.0,0.5254892302093175,0.95939361244382,18.0,5.0,117,148,Pala 1,83.0
14,15,5.0,12.0,0.3313930876965162,0.7470677343101828,18.0,5.0,85,161,Pala 1,58.5
47,7,5.0,12.0,0.9800004155993314,0.2962524498526695,18.0,5.0,92,85,Pala 2,41.9
6,28,5.0,12.0,0.3196956866662505,0.24517954034228218,18.0,5.0,109,149,Pala 1,30.0
20,22,5.0,12.0,0.7441861072315932,0.9886102423869629,18.0,5.0,72,79,Pala 2,82.1
41,44,5.0,12.0,0.5319817999050007,0.0665428151081775,18.0,5.0,104,138,Pala 1,123.4
25,30,5.0,12.0,0.6085123425253467,0.843564292141309,18.0,5.0,86,146,Pala 1,90.6
43,39,5.0,12.0,0.3934805505886262,0.35545800048247467,18.0,5.0,178,135,Pala 2,126.2
13,48,5.0,12.0,0.9648231254722478,0.41886971972722054,18.0,5.0,92,111,Pala 1,63.9
36,13,5.0,12.0,0.571682326099271,0.8319776487488372,18.0,5.0,155,143,Pala 2,62.4
20,29,5.0,12.0,0.93778763045879,0.09060301600535803,18.0,5.0,154,78,Pala 1,79.1
17,38,5.0,12.0,0.007591416173914123,0.35416967852025716,18.0,5.0,30,77,Pala 1,55.8
4,26,5.0,12.0,0.572670583191121,0.952024277169573,18.0,5.0,121,163,Pala 1,37.0
2,46,5.0,12.0,0.7171868897252714,0.6990659127712564,18.0,5.0,148,155,Pala 1,30.5
22,15,5.0,12.0,0.745080171162218,0.7549391648058904,18.0,5.0,61,162,Pala 2,70.7
25,5,5.0,12.0,0.9049768817816813,0.7575053009554764,18.0,5.0,155,108,Pala 2,47.1
36,32,5.0,12.0,0.004401609003786278,0.06057008316394452,18.0,5.0,55,173,Pala 1,103.2
23,43,5.0,12.0,0.00033015925947643687,0.20320759326043114,18.0,5.0,90,141,Pala 1,73.0
48,17,5.0,12.0,0.4722634607952153,0.4912632560812118,18.0,5.0,141,174,Pala 2,71.0
18,15,5.0,12.0,0.02929370500537065,0.36815023247537515,18.0,5.0,174,149,Pala 2,60.5
24,11,5.0,12.0,0.9745325536623746,0.4109122931328535,18.0,5.0,98,130,Pala 2,58.5
20,19,5.0,12.0,0.22206517454139196,0.7814473786256726,18.0,5.0,58,136,Pala 1,73.1
11,44,5.0,12.0,0.4726647293648447,0.014679235067735275,18.0,5.0,92,108,Pala 1,45.1
40,39,5.0,12.0,0.06113763001222361,0.6604919263212388,18.0,5.0,163,37,Pala 1,118.0
32,28,5.0,12.0,0.5220484161712585,0.00011023180182245795,18.0,5.0,134,128,Pala 2,93.0
49,29,5.0,12.0,0.3799561251474085,0.0630585255762437,18.0,5.0,144,90,Pala 2,98.7
3,25,5.0,12.0,0.044660028877223756,0.408286119837624,18.0,5.0,50,129,Pala 1,21.7
41,21,5.0,12.0,0.33512426669622475,0.8409485198048214,18.0,5.0,116,56,Pala 2,83.0
6,32,5.0,12.0,0.3914360202228556,0.14499576556446048,18.0,5.0,64,148,Pala 1,31.5
21,38,5.0,12.0,0.98992149127494,0.5546214091286116,18.0,5.0,81,49,Pala 1,81.6
32,46,5.0,12.0,0.20788587191937546,0.6785052268267442,18.0,5.0,75,86,Pala 1,100.7
16,28,5.0,12.0,0.5447796153700997,0.22953288417216056,18.0,5.0,86,52,Pala 1,61.3
23,21,5.0,12.0,0.9873155491986286,0.512330255269583,18.0,5.0,71,129,Pala 2,83.6
33,44,5.0,12.0,0.7920192079401351,0.9114072831381923,18.0,5.0,106,159,Pala 1,112.3
27,12,5.0,12.0,0.9933675008820889,0.5122285253655328,18.0,5.0,127,69,Pala 2,61.9
42,8,5.0,12.0,0.9682983146601692,0.157323061787648,18.0,5.0,45,133,Pala 2,49.7
40,23,5.0,12.0,0.4895395420941543,0.6278142966875447,18.0,5.0,162,62,Pala 2,87.7
38,14,5.0,12.0,0.6963758498705658,0.592200180008514,18.0,5.0,30,58,Pala 2,63.3
21,35,5.0,12.0,0.1104431269411511,0.026954759798131223,18.0,5.0,179,62,Pala 1,70.2
48,12,5.0,12.0,0.44114882504680186,0.09059440574756661,18.0,5.0,77,129,Pala 2,57.2
16,26,5.0,12.0,0.8090185422666974,0.15678135514101077,18.0,5.0,151,174,Pala 1,65.1
33,43,5.0,12.0,0.5053353209771434,0.13628907756186992,18.0,5.0,55,103,Pala 1,106.1
5,36,5.0,12.0,0.7026990328172319,0.2594657705609331,18.0,5.0,63,94,Pala 1,37.8
45,6,5.0,12.0,0.745751329984277,0.45410532323556796,18.0,5.0,143,151,Pala 2,45.2
5,7,5.0,12.0,0.2534691412428939,0.3717162978989844,18.0,5.0,87,72,Pala 1,32.9
33,36,5.0,12.0,0.8756993729425655,0.8906498914045969,18.0,5.0,164,146,Pala 1,114.2
0,40,5.0,12.0,0.45982243090917896,0.6121094094063371,18.0,5.0,54,156,Pala 1,22.5
9,13,5.0,12.0,0.21018510362154375,0.8761443499618431,18.0,5.0,169,129,Pala 1,45.1
20,11,5.0,12.0,0.8654158817884438,0.5270393249175989,18.0,5.0,56,120,Pala 2,57.7
4,35,5.0,12.0,0.41781880610625366,0.08987047068933995,18.0,5.0,115,72,Pala 1,27.2
1,39,5.0,12.0,0.7503124383797197,0.4632874490664348,18.0,5.0,147,75,Pala 1,30.3
21,16,5.0,12.0,0.5480330722215929,0.8220325468423649,18.0,5.0,110,54,Pala 2,66.9
47,39,5.0,12.0,0.38187175223450043,0.1941037671671081,18.0,5.0,104,127,Pala 2,127.8
1,28,5.0,12.0,0.8098764150385693,0.09121427875264976,18.0,5.0,122,122,Pala 1,25.4
9,26,5.0,12.0,0.584469931644613,0.3294347383382601,18.0,5.0,63,128,Pala 1,41.7
33,0,5.0,12.0,0.3905621024270317,0.3888978306401396,18.0,5.0,144,134,Pala 2,29.4
15,33,5.0,12.0,0.10959787033512702,0.3062576764059044,18.0,5.0,142,103,Pala 1,53.6
47,3,5.0,12.0,0.8954453137667079,0.135240785624556,18.0,5.0,141,146,Pala 2,38.0
38,23,5.0,12.0,0.035469585341666554,0.2508398597217145,18.0,5.0,89,67,Pala 2,83.2
21,20,5.0,12.0,0.8631873483680562,0.6822824046021103,18.0,5.0,55,30,Pala 2,78.7
11,32,5.0,12.0,0.35996152488315547,0.38592851629316394,18.0,5.0,155,83,Pala 1,47.9
23,6,5.0,12.0,0.6393387635014058,0.6325494446185558,18.0,5.0,74,125,Pala 2,45.7
46,0,5.0,12.0,0.9221997238356853,0.5363037799187325,18.0,5.0,61,51,Pala 2,29.1
39,40,5.0,12.0,0.1517066155038984,0.549052939857669,18.0,5.0,100,48,Pala 1,118.3
37,2,5.0,12.0,0.5669504756388102,0.24854955794779598,18.0,5.0,52,63,Pala 2,32.7
9,43,5.0,12.0,0.764432862370192,0.5215430327681816,18.0,5.0,92,73,Pala 1,52.1
34,14,5.0,12.0,0.7575838327190574,0.023594713863201777,18.0,5.0,99,146,Pala 2,65.6
48,30,5.0,12.0,0.525631914599504,0.4317437423249262,18.0,5.0,83,138,Pala 2,107.2
31,15,5.0,12.0,0.6247394599064581,0.5726228231899151,18.0,5.0,56,96,Pala 2,65.7
6,9,5.0,12.0,0.7575269941328445,0.1819956213541093,18.0,5.0,122,143,Pala 1,38.1
20,28,5.0,12.0,0.8410276377574117,0.2565585062489514,18.0,5.0,108,51,Pala 1,75.6
19,5,5.0,12.0,0.7618130968758637,0.2195310198156194,18.0,5.0,65,58,Pala 2,39.3
25,28,5.0,12.0,0.35400494318124265,0.07055795526542419,18.0,5.0,162,171,Pala 1,79.2
3,16,5.0,12.0,0.9967264010577331,0.34785732114009005,18.0,5.0,61,91,Pala 1,37.7
45,21,5.0,12.0,0.4345026937193044,0.9789657664519394,18.0,5.0,178,44,Pala 2,81.2
21,23,5.0,12.0,0.02446470275893342,0.3538804064636101,18.0,5.0,46,171,Pala 1,66.4
14,16,5.0,12.0,0.36261695158546203,0.46053662183697563,18.0,5.0,51,144,Pala 1,55.1
39,20,5.0,12.0,0.12778295457384325,0.6530872509563752,18.0,5.0,70,179,Pala 2,80.3
20,49,5.0,12.0,0.121442615728375,0.6484977511691071,18.0,5.0,88,126,Pala 1,66.2
14,10,5.0,12.0,0.28153504010689434,0.9498949800186242,18.0,5.0,104,116,Pala 2,56.0
21,6,5.0,12.0,0.05337549417726084,0.8575641403991252,18.0,5.0,151,154,Pala 2,45.8
27,41,5.0,12.0,0.6885121884095631,0.7939506871051523,18.0,5.0,39,149,Pala 1,91.9
13,38,5.0,12.0,0.07398888420190508,0.9516272257783106,18.0,5.0,116,36,Pala 1,51.2
26,4,5.0,12.0,0.20328955543595617,0.2307653854831716,18.0,5.0,34,113,Pala 2,35.0
40,43,5.0,12.0,0.09289971449411938,0.6170541946217926,18.0,5.0,84,36,Pala 1,123.6
39,47,5.0,12.0,0.06316773090303107,0.8871967667221563,18.0,5.0,55,46,Pala 1,113.6
27,20,5.0,12.0,0.26775166553954166,0.6241381582781018,18.0,5.0,33,61,Pala 2,78.0
25,17,5.0,12.0,0.57189896766037,0.9774204746068695,18.0,5.0,136,154,Pala 2,77.2
48,34,5.0,12.0,0.9646855564468417,0.10035271390637901,18.0,5.0,56,108,Pala 2,116.8
1,19,5.0,12.0,0.8755566543496063,0.4393305027932003,18.0,5.0,155,91,Pala 1,33.3
24,14,5.0,12.0,0.8759339254453248,0.9773629079086362,18.0,5.0,32,87,Pala 2,67.8
2,4,5.0,12.0,0.1760670360376576,0.3795680285699258,18.0,5.0,79,140,Pala 1,22.3
7,12,5.0,12.0,0.2649071934978201,0.7395563750993044,18.0,5.0,154,160,Pala 1,41.8
43,11,5.0,12.0,0.0763933167953057,0.03040290107864918,18.0,5.0,55,118,Pala 2,55.8
32,20,5.0,12.0,0.778468339915185,0.6948371146303131,18.0,5.0,175,109,Pala 2,83.6
41,36,5.0,12.0,0.06981630148556195,0.9346267325275784,18.0,5.0,164,147,Pala 2,119.7
34,5,5.0,12.0,0.5566956708208533,0.3827062851900027,18.0,5.0,146,30,Pala 2,43.9
5,6,5.0,12.0,0.24787557232395074,0.021299837926929466,18.0,5.0,74,139,Pala 1,26.7
38,25,5.0,12.0,0.24344563402874475,0.02790980439548385,18.0,5.0,170,96,Pala 2,88.4
22,41,5.0,12.0,0.9907250552476051,0.892023305711089,18.0,5.0,35,177,Pala 1,87.7
24,47,5.0,12.0,0.7567798069785374,0.7225161070962618,18.0,5.0,82,91,Pala 1,89.0
49,7,5.0,12.0,0.8369393582910502,0.10668638422657983,18.0,5.0,33,85,Pala 2,45.5
42,8,5.0,12.0,0.5719826853440126,0.05459027705119657,18.0,5.0,89,85,Pala 2,49.6
18,26,5.0,12.0,0.8710142873937492,0.8048253636154794,18.0,5.0,101,107,Pala 1,77.7
4,3,5.0,12.0,0.6454905391663529,0.809860632805359,18.0,5.0,104,108,Pala 2,34.9
10,20,5.0,12.0,0.9461737047963453,0.120521839792049,18.0,5.0,95,125,Pala 1,51.6
11,30,5.0,12.0,0.2813385860456368,0.30152040388863677,18.0,5.0,51,175,Pala 1,46.6
9,20,5.0,12.0,0.595319545782895,0.7800260645738896,18.0,5.0,169,77,Pala 1,48.4
7,39,5.0,12.0,0.6901313479368921,0.5254120709540063,18.0,5.0,80,67,Pala 1,43.2
23,24,5.0,12.0,0.39293730502780666,0.9565848607252994,18.0,5.0,174,51,Pala 1,86.4
27,38,5.0,12.0,0.8797079824040532,0.48106264534600496,18.0,5.0,122,102,Pala 1,99.2
40,14,5.0,12.0,0.9798031631041544,0.6769579375655126,18.0,5.0,78,158,Pala 2,66.5
35,34,5.0,12.0,0.4937694913726616,0.5097833657415842,18.0,5.0,45,154,Pala 1,110.1
36,48,5.0,12.0,0.39064065480433907,0.9429654956850457,18.0,5.0,73,153,Pala 1,114.6
20,42,5.0,12.0,0.47193792855645866,0.39865909206760886,18.0,5.0,136,104,Pala 1,71.1
7,40,5.0,12.0,0.8527367457319316,0.22979645517860003,18.0,5.0,179,163,Pala 1,48.0
8,36,5.0,12.0,0.6454684255181676,0.32663386028099317,18.0,5.0,123,85,Pala 1,41.1
46,41,5.0,12.0,0.04477237251809507,0.8527752041652292,18.0,5.0,37,149,Pala 2,130.9
14,46,5.0,12.0,0.5421699104457148,0.4979385635121334,18.0,5.0,139,41,Pala 1,55.6
47,27,5.0,12.0,0.017300122740969814,0.354252303502239,18.0,5.0,47,68,Pala 2,96.8
45,13,5.0,12.0,0.7785353710034054,0.5442600218094829,18.0,5.0,109,137,Pala 2,65.5
39,3,5.0,12.0,0.32831227354246373,0.13322970727684236,18.0,5.0,147,169,Pala 2,34.6
17,19,5.0,12.0,0.47200748211732935,0.005359304625596084,18.0,5.0,101,62,Pala 1,57.7
41,33,5.0,12.0,0.798678105907632,0.28058468369349077,18.0,5.0,123,149,Pala 2,111.2
19,11,5.0,12.0,0.04644881728576156,0.6050057197835423,18.0,5.0,67,112,Pala 2,58.0
5,32,5.0,12.0,0.15854153559161044,0.7116807696613873,18.0,5.0,110,48,Pala 1,32.9
11,23,5.0,12.0,0.39796037644511484,0.8266109663519666,18.0,5.0,136,114,Pala 1,50.9
1,19,5.0,12.0,0.22992516354556058,0.9266635593944696,18.0,5.0,159,157,Pala 1,25.3
6,4,5.0,12.0,0.3379014257750631,0.41211234696476806,18.0,5.0,71,72,Pala 1,37.1
15,37,5.0,12.0,0.998174737892465,0.7405167995574546,18.0,5.0,147,102,Pala 1,69.9
2,29,5.0,12.0,0.8254144375738107,0.07467293019806254,18.0,5.0,50,115,Pala 1,32.3
44,23,5.0,12.0,0.8839018149601086,0.05752999877208009,18.0,5.0,159,48,Pala 2,89.2
2,42,5.0,12.0,0.9370546335657753,0.1247979919861566,18.0,5.0,34,40,Pala 1,30.0
26,39,5.0,12.0,0.34093588031419564,0.4485690978307624,18.0,5.0,46,157,Pala 1,84.8
49,6,5.0,12.0,0.2970769577964727,0.21128143849874992,18.0,5.0,53,128,Pala 2,40.2
42,35,5.0,12.0,0.2340624925720749,0.2869249419378158,18.0,5.0,165,74,Pala 2,115.2
39,37,5.0,12.0,0.8301169113081226,0.6478801735123026,18.0,5.0,179,91,Pala 2,123.1
37,15,5.0,12.0,0.6795518622851849,0.358522178802846,18.0,5.0,88,124,Pala 2,66.9
32,14,5.0,12.0,0.2361719824828773,0.5573715577180222,18.0,5.0,55,171,Pala 2,64.5
27,45,5.0,12.0,0.3769938292104549,0.41240375673659224,18.0,5.0,90,63,Pala 1,88.7
0,22,5.0,12.0,0.5067117639327983,0.16896925551981956,18.0,5.0,165,127,Pala 1,19.9
7,11,5.0,12.0,0.5281400572737537,0.07401999025589412,18.0,5.0,41,89,Pala 1,37.1
36,28,5.0,12.0,0.8887277285517147,0.23623149530988785,18.0,5.0,43,93,Pala 2,99.5
31,43,5.0,12.0,0.3805661329472163,0.05770046949104435,18.0,5.0,59,71,Pala 1,93.0
47,47,5.0,12.0,0.9085240305005123,0.6186119598898069,18.0,5.0,128,178,Pala 1,146.1
42,14,5.0,12.0,0.44136756031978963,0.7957176014661004,18.0,5.0,91,133,Pala 2,62.6
36,28,5.0,12.0,0.7463726747923538,0.33974076823740085,18.0,5.0,60,162,Pala 2,97.7
3,44,5.0,12.0,0.930254319985056,0.38711105535235824,18.0,5.0,56,95,Pala 1,34.8
29,42,5.0,12.0,0.9075757039632664,0.8161910627593066,18.0,5.0,30,143,Pala 1,104.0
5,48,5.0,12.0,0.056952867295681164,0.2226129123735603,18.0,5.0,70,165,Pala 1,27.0
45,20,5.0,12.0,0.20570429497656983,0.11916026519487422,18.0,5.0,171,95,Pala 2,76.3
18,14,5.0,12.0,0.4769054255322751,0.5011181173310865,18.0,5.0,103,116,Pala 2,63.5
31,13,5.0,12.0,0.4315542899531073,0.6461901695332372,18.0,5.0,71,91,Pala 2,64.1
8,41,5.0,12.0,0.640891664837207,0.5996544250464793,18.0,5.0,69,177,Pala 1,46.4
11,43,5.0,12.0,0.9447090508254122,0.7138730452741808,18.0,5.0,43,161,Pala 1,60.4
10,15,5.0,12.0,0.11240471127794882,0.056751182173023884,18.0,5.0,129,172,Pala 1,43.4
45,14,5.0,12.0,0.45185866513424044,0.4282016127583729,18.0,5.0,120,49,Pala 2,59.3
15,41,5.0,12.0,0.1924110378871393,0.2385705239456931,18.0,5.0,168,53,Pala 1,55.1
0,3,5.0,12.0,0.8941075983979475,0.7591212595460242,18.0,5.0,135,38,Pala 1,35.0
44,26,5.0,12.0,0.9645801858016528,0.8727304840603496,18.0,5.0,78,145,Pala 2,98.5
20,22,5.0,12.0,0.4787016818903501,0.2813357408064149,18.0,5.0,135,178,Pala 1,72.2
29,28,5.0,12.0,0.10401029772814074,0.09521807906940827,18.0,5.0,167,70,Pala 1,87.2
12,40,5.0,12.0,0.7852946667226732,0.25342796199139683,18.0,5.0,36,42,Pala 1,49.8
33,8,5.0,12.0,0.697141350492399,0.10400848905891968,18.0,5.0,110,162,Pala 2,47.7
3,42,5.0,12.0,0.35467082661031046,0.32242216611345376,18.0,5.0,169,75,Pala 1,28.2
27,42,5.0,12.0,0.8874074739689635,0.5381985783218257,18.0,5.0,130,107,Pala 1,97.5
37,6,5.0,12.0,0.9758318897827072,0.9736809543982065,18.0,5.0,84,100,Pala 2,47.4
30,41,5.0,12.0,0.5578538491301954,0.39937025435135853,18.0,5.0,36,88,Pala 1,97.6
26,3,5.0,12.0,0.5657279113442923,0.22003992385462112,18.0,5.0,63,80,Pala 2,36.1
4,4,5.0,12.0,0.29751350511377783,0.16680174037083506,18.0,5.0,155,45,Pala 1,29.1
24,4,5.0,12.0,0.5845060359833142,0.173039766138676,18.0,5.0,58,80,Pala 2,40.0
2,10,5.0,12.0,0.43964232052484653,0.1925976832614592,18.0,5.0,55,157,Pala 1,21.9
32,40,5.0,12.0,0.3021910269280519,0.762267022537447,18.0,5.0,103,40,Pala 1,102.7
3,27,5.0,12.0,0.06718519652390131,0.06102771143241992,18.0,5.0,74,97,Pala 1,22.4
24,15,5.0,12.0,0.2527078597091249,0.9974027069430341,18.0,5.0,46,150,Pala 2,67.1
19,40,5.0,12.0,0.19785464967766442,0.5226863911662611,18.0,5.0,92,167,Pala 1,64.5
33,29,5.0,12.0,0.5420419845539489,0.5442718943008257,18.0,5.0,122,101,Pala 2,100.2
25,3,5.0,12.0,0.6016700217635939,0.3575638786996048,18.0,5.0,95,74,Pala 2,37.1
4,1,5.0,12.0,0.6085717243060165,0.6902553594121205,18.0,5.0,121,35,Pala 2,32.6
34,45,5.0,12.0,0.3881810010456791,0.4714563408807977,18.0,5.0,146,35,Pala 1,104.5
27,2,5.0,12.0,0.421229733685496,0.3290612849645498,18.0,5.0,71,120,Pala 2,33.1
28,49,5.0,12.0,0.83423842964064,0.26513840370804287,18.0,5.0,100,102,Pala 1,99.2
8,20,5.0,12.0,0.4762328135171624,0.9256512069332595,18.0,5.0,104,93,Pala 1,43.5
37,5,5.0,12.0,0.9877733321371224,0.2909895150524202,18.0,5.0,100,67,Pala 2,45.1
49,42,5.0,12.0,0.4396172300088649,0.436393259429842,18.0,5.0,72,107,Pala 2,133.3
5,17,5.0,12.0,0.649580944617839,0.35034140211646825,18.0,5.0,84,92,Pala 1,33.6
18,43,5.0,12.0,0.0503629989933958,0.08617882742803595,18.0,5.0,85,140,Pala 1,60.0
43,4,5.0,12.0,0.6533399244188108,0.18593439448226712,18.0,5.0,108,100,Pala 2,41.6
10,8,5.0,12.0,0.8514263944150061,0.18950197532638202,18.0,5.0,112,49,Pala 2,48.9
1,19,5.0,12.0,0.9424578385332962,0.6936495143896548,18.0,5.0,150,106,Pala 1,36.0
46,27,5.0,12.0,0.9973206116397705,0.40658540996580916,18.0,5.0,101,93,Pala 2,99.0
43,25,5.0,12.0,0.2821786456492331,0.7819675630706586,18.0,5.0,30,66,Pala 2,89.9
43,17,5.0,12.0,0.5753700648257168,0.708950924334157,18.0,5.0,159,137,Pala 2,71.2
8,18,5.0,12.0,0.45071798553214737,0.19204976639603766,18.0,5.0,122,39,Pala 1,42.4
20,2,5.0,12.0,0.563817480575171,0.5629169201201006,18.0,5.0,71,74,Pala 2,36.8
23,8,5.0,12.0,0.15745295718984664,0.7429088460488028,18.0,5.0,103,92,Pala 2,49.3
33,35,5.0,12.0,0.8561495725959415,0.633042923475723,18.0,5.0,38,42,Pala 1,113.4
21,30,5.0,12.0,0.9095689433445876,0.6000165080879809,18.0,5.0,143,54,Pala 1,84.5
2,48,5.0,12.0,0.44966166311292255,0.739610887400768,18.0,5.0,60,156,Pala 1,33.5
11,16,5.0,12.0,0.28042986157357686,0.05678073925630689,18.0,5.0,125,73,Pala 1,43.6
27,22,5.0,12.0,0.14083342765301232,0.7314219473614328,18.0,5.0,31,103,Pala 2,84.0
29,33,5.0,12.0,0.6837648247778044,0.27265526315342836,18.0,5.0,53,145,Pala 1,96.5
25,40,5.0,12.0,0.3122318396207352,0.5718722545093541,18.0,5.0,72,98,Pala 1,80.8
47,40,5.0,12.0,0.9095385699133887,0.24230499469650746,18.0,5.0,80,76,Pala 2,126.9
20,4,5.0,12.0,0.67101247484487,0.8388175722068376,18.0,5.0,104,120,Pala 2,42.4
27,14,5.0,12.0,0.6456853251742407,0.480559354300756,18.0,5.0,128,79,Pala 2,63.2
25,46,5.0,12.0,0.5594021158982408,0.6429412120249836,18.0,5.0,30,145,Pala 1,88.9
32,2,5.0,12.0,0.04577633942872561,0.7940820434767281,18.0,5.0,153,62,Pala 2,31.5
20,18,5.0,12.0,0.931922435685587,0.8953152550713643,18.0,5.0,146,121,Pala 2,77.7
34,27,5.0,12.0,0.62793749329946,0.732062097069341,18.0,5.0,116,133,Pala 2,97.6
33,2,5.0,12.0,0.9940619833831104,0.14876857619040573,18.0,5.0,158,160,Pala 2,31.9
40,37,5.0,12.0,0.537356404772887,0.8545323695857865,18.0,5.0,147,89,Pala 2,123.6
46,3,5.0,12.0,0.7101108919062131,0.6185779158655061,18.0,5.0,92,58,Pala 2,36.9
17,23,5.0,12.0,0.05620955786622217,0.6094497583802736,18.0,5.0,105,145,Pala 1,57.8
10,30,5.0,12.0,0.6317361768234109,0.9213405598049216,18.0,5.0,124,71,Pala 1,56.8
22,44,5.0,12.0,0.7646496115903573,0.2488315556658831,18.0,5.0,64,178,Pala 1,78.7
47,44,5.0,12.0,0.7785142948525573,0.23958761849403332,18.0,5.0,121,61,Pala 2,136.9
21,10,5.0,12.0,0.7701116522302854,0.5131935546949619,18.0,5.0,114,128,Pala 2,60.3
16,36,5.0,12.0,0.22628262729366766,0.7508630665348651,18.0,5.0,168,149,Pala 1,63.3
4,0,5.0,12.0,0.9753984776052259,0.44724070822850914,18.0,5.0,168,76,Pala 2,31.8
43,8,5.0,12.0,0.9951821206249387,0.6338913898924022,18.0,5.0,85,46,Pala 2,51.9
10,16,5.0,12.0,0.07559587516160127,0.45252472422271883,18.0,5.0,36,58,Pala 1,42.6
29,0,5.0,12.0,0.9364464228117573,0.6103871804869687,18.0,5.0,80,77,Pala 2,32.2
14,2,5.0,12.0,0.28944919430436933,0.8222623026137111,18.0,5.0,68,159,Pala 2,29.7
26,46,5.0,12.0,0.6892840817509648,0.18047669609092332,18.0,5.0,71,62,Pala 1,86.5
34,25,5.0,12.0,0.33811092073613214,0.695378534005984,18.0,5.0,101,157,Pala 2,91.2
32,30,5.0,12.0,0.9677543233731215,0.7874257393381833,18.0,5.0,82,97,Pala 2,106.7
19,25,5.0,12.0,0.10150385830353548,0.44711140748178246,18.0,5.0,120,68,Pala 1,63.4
15,22,5.0,12.0,0.497746816956376,0.32323357706785427,18.0,5.0,178,162,Pala 1,61.1
33,29,5.0,12.0,0.42804779194207465,0.01354432392440208,18.0,5.0,59,148,Pala 1,101.3
1,9,5.0,12.0,0.3260234522779849,0.7971050223340935,18.0,5.0,152,97,Pala 1,24.3
34,7,5.0,12.0,0.6455339908801486,0.32793865903598807,18.0,5.0,158,81,Pala 2,42.9
39,43,5.0,12.0,0.13105574342166748,0.3573094694080502,18.0,5.0,53,165,Pala 1,115.6
27,24,5.0,12.0,0.7166624181336969,0.33600616309881226,18.0,5.0,154,177,Pala 2,90.1
46,21,5.0,12.0,0.9805921238047873,0.4987393308123381,18.0,5.0,163,99,Pala 2,85.3
38,14,5.0,12.0,0.8045587144686301,0.7024995732190771,18.0,5.0,35,65,Pala 2,63.3
5,40,5.0,12.0,0.8600167529095454,0.7718631310005108,18.0,5.0,156,61,Pala 1,45.2
8,9,5.0,12.0,0.3596367431790025,0.3925707204031583,18.0,5.0,146,34,Pala 1,42.1
19,19,5.0,12.0,0.3248866064812187,0.6631020350451691,18.0,5.0,64,133,Pala 1,69.7
0,40,5.0,12.0,0.5170483546901332,0.7206842502713152,18.0,5.0,157,177,Pala 1,25.3
7,46,5.0,12.0,0.04572661476227269,0.29691733167738155,18.0,5.0,108,97,Pala 1,33.0
22,22,5.0,12.0,0.9453581344565326,0.09662146953709327,18.0,5.0,64,179,Pala 1,81.8
2,0,5.0,12.0,0.1437851730161922,0.8946657206444625,18.0,5.0,77,34,Pala 1,22.6
3,1,5.0,12.0,0.9030130391680924,0.6771159717815929,18.0,5.0,143,39,Pala 2,31.0
24,18,5.0,12.0,0.0835822220003557,0.6481104088762915,18.0,5.0,134,143,Pala 2,72.8
46,13,5.0,12.0,0.8226249276785601,0.05890251521197798,18.0,5.0,101,85,Pala 2,61.9
37,7,5.0,12.0,0.15196252587821513,0.8178730575039265,18.0,5.0,72,115,Pala 2,43.2
14,37,5.0,12.0,0.0381316140914727,0.5660541560860531,18.0,5.0,64,129,Pala 1,52.3
20,11,5.0,12.0,0.7194894502594087,0.8478844173175661,18.0,5.0,162,173,Pala 2,62.0
34,25,5.0,12.0,0.2802653001744283,0.9745611837367615,18.0,5.0,60,31,Pala 2,91.8
45,26,5.0,12.0,0.7144961527843495,0.9571003208802421,18.0,5.0,135,172,Pala 2,95.3
13,28,5.0,12.0,0.5550852504728198,0.8560893463902075,18.0,5.0,130,92,Pala 1,62.7
35,14,5.0,12.0,0.10880739023006558,0.0109473738313689,18.0,5.0,37,123,Pala 2,62.4
11,45,5.0,12.0,0.9321300733011637,0.8857272082369565,18.0,5.0,35,95,Pala 1,61.4
16,0,5.0,12.0,0.45231417476347757,0.0750623138276455,18.0,5.0,116,147,Pala 2,26.9
38,42,5.0,12.0,0.734447277798688,0.8511939701767672,18.0,5.0,109,58,Pala 1,123.4
8,27,5.0,12.0,0.5010205720156251,0.28017406861162364,18.0,5.0,73,69,Pala 1,42.8
34,2,5.0,12.0,0.6043614749612047,0.6100683385333676,18.0,5.0,165,40,Pala 2,33.1
12,17,5.0,12.0,0.30277359235669243,0.03806823114987967,18.0,5.0,93,155,Pala 1,46.1
14,33,5.0,12.0,0.20036030400345028,0.7711816961182281,18.0,5.0,161,116,Pala 1,57.3
17,31,5.0,12.0,0.5425702034080678,0.1117061222329715,18.0,5.0,61,119,Pala 1,63.5
32,28,5.0,12.0,0.440218972971002,0.4106881716757719,18.0,5.0,82,108,Pala 2,95.4
5,24,5.0,12.0,0.3901132134339331,0.8174460023253014,18.0,5.0,142,132,Pala 1,36.6
26,25,5.0,12.0,0.672567195094623,0.6953489965083351,18.0,5.0,92,110,Pala 2,89.1
22,38,5.0,12.0,0.6905066320111359,0.006042696858066909,18.0,5.0,143,128,Pala 1,79.2
26,7,5.0,12.0,0.04592005609126304,0.40303233454254883,18.0,5.0,106,129,Pala 2,44.8
33,18,5.0,12.0,0.33874449424367215,0.04192751696450803,18.0,5.0,51,160,Pala 2,73.0
45,46,5.0,12.0,0.41176455022637737,0.6734998608184691,18.0,5.0,156,40,Pala 1,138.0
37,41,5.0,12.0,0.0968921611641681,0.9689484917533214,18.0,5.0,60,57,Pala 1,111.9
13,21,5.0,12.0,0.23590086669828836,0.6552612623007592,18.0,5.0,53,77,Pala 1,51.6
35,28,5.0,12.0,0.051641797222756636,0.22437243111755578,18.0,5.0,32,57,Pala 2,96.9
7,32,5.0,12.0,0.9962420986170206,0.3552330320665401,18.0,5.0,62,75,Pala 1,44.5
34,37,5.0,12.0,0.7365572029698445,0.9766505556584677,18.0,5.0,80,84,Pala 1,110.9
18,44,5.0,12.0,0.08745015650275367,0.22405241203235005,18.0,5.0,59,112,Pala 1,59.2
29,45,5.0,12.0,0.020249379790092115,0.5615290730544427,18.0,5.0,54,148,Pala 1,92.7
13,34,5.0,12.0,0.7192878001522802,0.40045380868174474,18.0,5.0,57,31,Pala 1,52.0
19,42,5.0,12.0,0.43919216568266695,0.7683152979282216,18.0,5.0,126,173,Pala 1,72.8
48,2,5.0,12.0,0.786796709064576,0.8673892719798871,18.0,5.0,116,40,Pala 2,32.9
24,18,5.0,12.0,0.9234760378183837,0.34083727435029676,18.0,5.0,55,32,Pala 2,76.1
39,9,5.0,12.0,0.5993003890163725,0.6603963636993826,18.0,5.0,149,71,Pala 2,50.5
23,26,5.0,12.0,0.18710842291725305,0.5490476975177273,18.0,5.0,165,121,Pala 1,79.3
13,14,5.0,12.0,0.7821940360464525,0.27844449005543337,18.0,5.0,130,106,Pala 1,57.6
25,10,5.0,12.0,0.9558117431743745,0.2719408028130017,18.0,5.0,126,149,Pala 2,56.2
37,46,5.0,12.0,0.580231287059956,0.538631647532304,18.0,5.0,44,163,Pala 1,116.1
22,25,5.0,12.0,0.6819974472807335,0.1540028735322998,18.0,5.0,78,145,Pala 1,76.0
21,23,5.0,12.0,0.33747469503667304,0.8108098964824715,18.0,5.0,140,96,Pala 1,77.7
47,12,5.0,12.0,0.3815276946603112,0.06900483920040201,18.0,5.0,37,179,Pala 2,61.7
18,31,5.0,12.0,0.7346544978530639,0.09457448620831632,18.0,5.0,114,70,Pala 1,65.4
45,36,5.0,12.0,0.9277710984068192,0.3422263089272676,18.0,5.0,157,68,Pala 2,120.7
2,3,5.0,12.0,0.6289883872243522,0.11809175819713336,18.0,5.0,160,84,Pala 1,25.4
41,12,5.0,12.0,0.7898479084853475,0.4757000212554925,18.0,5.0,166,100,Pala 2,61.2
18,8,5.0,12.0,0.17163501741537301,0.39967589044187035,18.0,5.0,43,159,Pala 2,47.2
8,48,5.0,12.0,0.21195909025797355,0.721809795885717,18.0,5.0,120,37,Pala 1,46.1
27,33,5.0,12.0,0.5320346868333901,0.9530041552097204,18.0,5.0,177,143,Pala 1,97.2
19,36,5.0,12.0,0.17655419224284052,0.753558584739126,18.0,5.0,33,92,Pala 1,66.8
44,47,5.0,12.0,0.6349950702209236,0.17944866288060435,18.0,5.0,105,126,Pala 1,134.2
6,6,5.0,12.0,0.291653185394699,0.935521285464403,18.0,5.0,57,103,Pala 1,39.8
13,0,5.0,12.0,0.791532618666892,0.3921334325530672,18.0,5.0,128,47,Pala 2,26.2
8,11,5.0,12.0,0.8081103466143434,0.4741893609269129,18.0,5.0,96,126,Pala 1,46.9
18,20,5.0,12.0,0.4637874557553531,0.42157623737063554,18.0,5.0,146,52,Pala 1,68.0
46,10,5.0,12.0,0.18081063503763528,0.28054702328771897,18.0,5.0,46,153,Pala 2,54.0
13,43,5.0,12.0,0.6467749610819326,0.8950442877974839,18.0,5.0,163,89,Pala 1,64.1
37,43,5.0,12.0,0.9927870182635864,0.3322388658966161,18.0,5.0,136,114,Pala 1,120.8
35,43,5.0,12.0,0.6225908979425233,0.5785964696795464,18.0,5.0,110,34,Pala 1,110.4
39,13,5.0,12.0,0.03577469071400785,0.2400335843743302,18.0,5.0,40,128,Pala 2,62.4
16,33,5.0,12.0,0.01729397576708258,0.7973753747701804,18.0,5.0,130,175,Pala 1,59.2
29,33,5.0,12.0,0.3203619704923062,0.7741986595291865,18.0,5.0,136,140,Pala 1,97.1
8,24,5.0,12.0,0.19578380686040486,0.29631213844704396,18.0,5.0,149,89,Pala 1,37.6
32,3,5.0,12.0,0.8130512071433081,0.6815540731434536,18.0,5.0,179,143,Pala 2,38.0
24,25,5.0,12.0,0.8448056670360005,0.7038735330949497,18.0,5.0,173,111,Pala 2,91.4
13,15,5.0,12.0,0.25861877131047617,0.5625114161047662,18.0,5.0,135,135,Pala 1,53.9
10,9,5.0,12.0,0.3256447769498927,0.6005983822716702,18.0,5.0,147,170,Pala 1,46.8
34,44,5.0,12.0,0.23624696771511466,0.5744546382907958,18.0,5.0,105,147,Pala 1,105.1
40,1,5.0,12.0,0.908382547371264,0.08186440399484562,18.0,5.0,34,152,Pala 2,32.3
13,34,5.0,12.0,0.5026493346222822,0.670265344713785,18.0,5.0,55,150,Pala 1,59.5
29,18,5.0,12.0,0.6561370440820199,0.46977500983869125,18.0,5.0,106,31,Pala 2,75.6
40,5,5.0,12.0,0.4154820866996033,0.43845728054141353,18.0,5.0,96,147,Pala 2,39.8
3,18,5.0,12.0,0.6310141935045311,0.8599992187818007,18.0,5.0,61,165,Pala 1,36.8
3,7,5.0,12.0,0.3858553767217361,0.02322671346111771,18.0,5.0,148,103,Pala 1,24.3
27,13,5.0,12.0,0.33967843772922546,0.25131491795875516,18.0,5.0,131,156,Pala 2,60.0
7,9,5.0,12.0,0.6344800731734802,0.12140349984274634,18.0,5.0,138,147,Pala 1,39.2
1,2,5.0,12.0,0.5910620780489892,0.03534104460972576,18.0,5.0,108,137,Pala 1,23.1
40,37,5.0,12.0,0.29352795416794963,0.27567699767594755,18.0,5.0,95,72,Pala 1,118.7
45,28,5.0,12.0,0.1493484503194734,0.9884762727946776,18.0,5.0,168,141,Pala 2,100.4
21,14,5.0,12.0,0.3685766938381376,0.2702291732075738,18.0,5.0,109,179,Pala 2,63.5
40,22,5.0,12.0,0.4151976391419092,0.6637058197957714,18.0,5.0,175,48,Pala 2,81.2
15,22,5.0,12.0,0.6286843334246048,0.11829889004072147,18.0,5.0,39,161,Pala 1,60.3
28,17,5.0,12.0,0.9145287636368638,0.60184763004723,18.0,5.0,106,48,Pala 2,71.7
48,45,5.0,12.0,0.03618479753292514,0.9844814831383133,18.0,5.0,89,49,Pala 1,139.2
47,18,5.0,12.0,0.2436610125418449,0.2918375234604653,18.0,5.0,37,33,Pala 2,69.1
29,27,5.0,12.0,0.19371594227956035,0.8480756163755828,18.0,5.0,77,78,Pala 1,95.2
11,25,5.0,12.0,0.5022944086937836,0.9975713803665355,18.0,5.0,110,32,Pala 1,54.4
34,9,5.0,12.0,0.4297008070431598,0.588554088720744,18.0,5.0,70,81,Pala 2,51.4
10,46,5.0,12.0,0.7290376238201884,0.30940110042803537,18.0,5.0,152,157,Pala 1,51.2
45,3,5.0,12.0,0.24241591254486383,0.6735312598991562,18.0,5.0,37,65,Pala 2,34.8
49,1,5.0,12.0,0.5944983657497586,0.8448482062686188,18.0,5.0,122,132,Pala 2,33.1
20,2,5.0,12.0,0.8838572635999593,0.17135024296197832,18.0,5.0,120,45,Pala 2,34.4
20,6,5.0,12.0,0.9106777399183047,0.4525157638414533,18.0,5.0,93,76,Pala 2,47.8
4,15,5.0,12.0,0.9587846047250311,0.31918771012384095,18.0,5.0,156,109,Pala 1,39.1
47,30,5.0,12.0,0.7732611520799886,0.28335899696237987,18.0,5.0,117,75,Pala 2,104.3
19,9,5.0,12.0,0.905987906258915,0.8608212607401726,18.0,5.0,74,129,Pala 2,54.6
36,18,5.0,12.0,0.23453087198527423,0.4216540068218385,18.0,5.0,173,127,Pala 2,72.7
2,27,5.0,12.0,0.19758094435047702,0.3390763418039128,18.0,5.0,55,153,Pala 1,22.2
43,16,5.0,12.0,0.006488083780526455,0.6035105414260137,18.0,5.0,44,163,Pala 2,68.4
32,27,5.0,12.0,0.7068443574290983,0.21940157963738127,18.0,5.0,87,113,Pala 2,98.7
8,18,5.0,12.0,0.9374671878137444,0.22989349056807895,18.0,5.0,108,90,Pala 1,49.5
8,36,5.0,12.0,0.18693534504167642,0.5202887308715046,18.0,5.0,54,38,Pala 1,37.5
3,22,5.0,12.0,0.6369435754268788,0.40927272864618414,18.0,5.0,97,168,Pala 1,30.1
34,19,5.0,12.0,0.7464597592217775,0.29498238392232445,18.0,5.0,65,94,Pala 2,75.1
16,12,5.0,12.0,0.9276142351480565,0.0539511322741022,18.0,5.0,146,120,Pala 2,62.3
33,12,5.0,12.0,0.6468602240172217,0.5207742386385216,18.0,5.0,109,151,Pala 2,59.4
23,42,5.0,12.0,0.9702937327487523,0.8166092056010751,18.0,5.0,88,88,Pala 1,90.5
31,10,5.0,12.0,0.34467314101254776,0.8513772052860579,18.0,5.0,69,141,Pala 2,56.6
0,47,5.0,12.0,0.34992853377140765,0.23543997972608022,18.0,5.0,146,142,Pala 1,19.3
7,14,5.0,12.0,0.5430125100143456,0.5996412039474883,18.0,5.0,110,147,Pala 1,45.0
44,16,5.0,12.0,0.3835018811159071,0.8558813094629404,18.0,5.0,160,36,Pala 2,68.5
22,49,5.0,12.0,0.0014257282875326238,0.40872592827626475,18.0,5.0,100,141,Pala 1,70.8
46,27,5.0,12.0,0.7317720250869874,0.9321368173075285,18.0,5.0,169,151,Pala 2,100.1
39,18,5.0,12.0,0.7517170414784834,0.9029785291295529,18.0,5.0,130,90,Pala 2,77.5
11,3,5.0,12.0,0.7469746046867705,0.2081338974188094,18.0,5.0,99,86,Pala 2,36.9
11,21,5.0,12.0,0.3450206666104666,0.2589648329002038,18.0,5.0,54,115,Pala 1,43.0
45,21,5.0,12.0,0.5222894733111719,0.18044199864596888,18.0,5.0,118,113,Pala 2,80.2
46,36,5.0,12.0,0.35997351817666945,0.1960543514547023,18.0,5.0,160,74,Pala 2,117.0
14,38,5.0,12.0,0.01603640003064577,0.907862087173498,18.0,5.0,92,74,Pala 1,56.9
40,33,5.0,12.0,0.5624489412714188,0.931137909192623,18.0,5.0,59,44,Pala 2,111.6
18,32,5.0,12.0,0.12376066608401104,0.05189724118513095,18.0,5.0,122,166,Pala 1,57.5
25,43,5.0,12.0,0.0800413240914406,0.5936033556722048,18.0,5.0,161,65,Pala 1,83.3
28,41,5.0,12.0,0.7554990686967872,0.5642315628575716,18.0,5.0,107,75,Pala 1,98.6
21,39,5.0,12.0,0.009506202418105625,0.39054764672445985,18.0,5.0,114,71,Pala 1,69.1
39,32,5.0,12.0,0.9590084436087262,0.631697592823107,18.0,5.0,100,168,Pala 2,112.9
20,11,5.0,12.0,0.5152553641125769,0.9473678255108501,18.0,5.0,178,147,Pala 2,58.9
37,1,5.0,12.0,0.9830164307061484,0.17025488272214617,18.0,5.0,100,62,Pala 2,32.0
19,27,5.0,12.0,0.057997572472708425,0.12041090971645563,18.0,5.0,158,155,Pala 1,64.1
28,9,5.0,12.0,0.5835295488659132,0.033390570828975674,18.0,5.0,63,139,Pala 2,50.9
3,21,5.0,12.0,0.3493270359759112,0.36383330784014345,18.0,5.0,116,99,Pala 1,31.6
6,16,5.0,12.0,0.8434824928142858,0.33762847707786603,18.0,5.0,160,139,Pala 1,46.4
27,25,5.0,12.0,0.3612227352342863,0.4308196881586439,18.0,5.0,47,154,Pala 1,89.0
27,2,5.0,12.0,0.2604875790573491,0.5033100308809489,18.0,5.0,72,68,Pala 2,32.7
3,6,5.0,12.0,0.8575531270999133,0.7578239940304546,18.0,5.0,105,112,Pala 1,39.3
21,43,5.0,12.0,0.374653091653261,0.39211339045751836,18.0,5.0,107,135,Pala 1,76.0
11,7,5.0,12.0,0.01683331986056147,0.33061310936123356,18.0,5.0,70,92,Pala 1,42.3
44,19,5.0,12.0,0.39028910083933377,0.8268788202596269,18.0,5.0,135,54,Pala 2,73.9
2,11,5.0,12.0,0.6545222690109419,0.8497966706536564,18.0,5.0,138,70,Pala 1,36.4
21,34,5.0,12.0,0.25435953880638185,0.23276596429335317,18.0,5.0,53,88,Pala 1,66.9
43,16,5.0,12.0,0.4319875924251573,0.31467182271130834,18.0,5.0,53,59,Pala 2,66.9
1,27,5.0,12.0,0.05671513828222552,0.8251163709100883,18.0,5.0,32,74,Pala 1,19.3
23,40,5.0,12.0,0.5880927915139572,0.07940824429776483,18.0,5.0,102,82,Pala 1,77.5
33,9,5.0,12.0,0.7562949238603938,0.3258467803907379,18.0,5.0,53,69,Pala 2,48.8
26,21,5.0,12.0,0.4133125614011103,0.4483501070408612,18.0,5.0,148,169,Pala 2,83.2
40,37,5.0,12.0,0.42023263280146006,0.18707161520057103,18.0,5.0,69,30,Pala 2,119.2
0,32,5.0,12.0,0.08828249858491644,0.17991419661069818,18.0,5.0,100,99,Pala 1,16.6
7,21,5.0,12.0,0.20194086451198257,0.4248620580135287,18.0,5.0,166,158,Pala 1,35.8
22,43,5.0,12.0,0.15467530312791267,0.7545217247348557,18.0,5.0,138,165,Pala 1,78.6
37,36,5.0,12.0,0.48168776866153795,0.8402329795476274,18.0,5.0,132,141,Pala 1,119.2
5,12,5.0,12.0,0.5292555409507501,0.9792350925361734,18.0,5.0,62,62,Pala 1,37.5
21,26,5.0,12.0,0.94894013128426,0.07398405009171904,18.0,5.0,91,144,Pala 1,81.6
24,14,5.0,12.0,0.0732315042772339,0.21668220114599268,18.0,5.0,114,133,Pala 2,64.2
17,21,5.0,12.0,0.5998679731550471,0.7566298423841977,18.0,5.0,90,163,Pala 1,71.8
16,29,5.0,12.0,0.5264985273282413,0.5405987060556618,18.0,5.0,122,160,Pala 1,64.8
11,42,5.0,12.0,0.5162330979358292,0.3276797739624182,18.0,5.0,56,108,Pala 1,52.5
5,39,5.0,12.0,0.8731592873828264,0.20558966124724354,18.0,5.0,155,35,Pala 1,36.7
25,36,5.0,12.0,0.20553847069548647,0.28047755164244803,18.0,5.0,174,66,Pala 1,82.3
26,33,5.0,12.0,0.04077327434137146,0.42928895030095193,18.0,5.0,89,56,Pala 1,82.0
7,43,5.0,12.0,0.6722715076341925,0.17715121950603274,18.0,5.0,76,135,Pala 1,39.2
18,33,5.0,12.0,0.34515746413598014,0.9642259558767506,18.0,5.0,141,98,Pala 1,72.6
41,47,5.0,12.0,0.017589916212524592,0.10758844459987438,18.0,5.0,116,152,Pala 1,112.3
0,34,5.0,12.0,0.2513740072904138,0.9855774344892191,18.0,5.0,138,174,Pala 1,25.4
28,41,5.0,12.0,0.3093267742168119,0.8418932860006726,18.0,5.0,178,46,Pala 1,95.1
44,18,5.0,12.0,0.616838376784242,0.4231516175137391,18.0,5.0,165,134,Pala 2,74.7
48,7,5.0,12.0,0.1725857940492721,0.7398163343882102,18.0,5.0,102,147,Pala 2,44.2
34,38,5.0,12.0,0.413054347953398,0.671515243696386,18.0,5.0,151,52,Pala 1,110.5
39,32,5.0,12.0,0.4824754444178325,0.21328691794893095,18.0,5.0,126,68,Pala 2,109.5
13,43,5.0,12.0,0.4592373913640909,0.3390700861189464,18.0,5.0,97,39,Pala 1,55.9
34,27,5.0,12.0,0.9739407666667818,0.5131225628054579,18.0,5.0,92,112,Pala 2,99.2
47,36,5.0,12.0,0.04550423779029611,0.6378441798877269,18.0,5.0,111,102,Pala 2,115.7
44,47,5.0,12.0,0.9509681864523993,0.5428949813566215,18.0,5.0,59,172,Pala 1,137.4
19,24,5.0,12.0,0.5819372139940333,0.4729874610064738,18.0,5.0,54,72,Pala 1,72.1
48,35,5.0,12.0,0.7957277149698383,0.44315227345490016,18.0,5.0,150,117,Pala 2,117.4
12,16,5.0,12.0,0.4303926180160754,0.4982644992950179,18.0,5.0,126,41,Pala 1,57.1
37,23,5.0,12.0,0.45383788125698044,0.4343515198459703,18.0,5.0,128,51,Pala 2,82.6
48,20,5.0,12.0,0.8793264990158236,0.5413300775457159,18.0,5.0,135,47,Pala 2,80.7
45,1,5.0,12.0,0.8959344962919021,0.8879852990466668,18.0,5.0,85,91,Pala 2,33.3
48,30,5.0,12.0,0.23868888143129763,0.6328293130546117,18.0,5.0,159,108,Pala 2,104.3
7,43,5.0,12.0,0.19924187858461817,0.7226208749885401,18.0,5.0,82,179,Pala 1,38.4
42,32,5.0,12.0,0.4962351738699511,0.5974831337307765,18.0,5.0,155,171,Pala 2,106.5
19,29,5.0,12.0,0.9002770271276916,0.6430176824140023,18.0,5.0,70,134,Pala 1,76.1
32,11,5.0,12.0,0.3223550934061763,0.5783498284481802,18.0,5.0,52,36,Pala 2,55.5
25,43,5.0,12.0,0.6520146153391313,0.026866522195823195,18.0,5.0,60,63,Pala 1,84.8
38,11,5.0,12.0,0.7081516877406011,0.9995983822000198,18.0,5.0,31,92,Pala 2,58.3
20,48,5.0,12.0,0.7786746648941558,0.033609240212896685,18.0,5.0,89,159,Pala 1,69.6
48,23,5.0,12.0,0.5639244579209632,0.3951480082336537,18.0,5.0,107,138,Pala 2,92.2
41,23,5.0,12.0,0.4024551782789696,0.10511567829893342,18.0,5.0,52,92,Pala 2,84.6
42,10,5.0,12.0,0.9670159887989729,0.09692845044093246,18.0,5.0,64,159,Pala 2,53.0
40,12,5.0,12.0,0.6113307533028527,0.7935269516744836,18.0,5.0,30,80,Pala 2,58.1
8,26,5.0,12.0,0.7285652116332708,0.42592577935807696,18.0,5.0,134,70,Pala 1,46.6
23,7,5.0,12.0,0.34498284569587834,0.8011387082987649,18.0,5.0,78,162,Pala 2,47.5
36,9,5.0,12.0,0.6699491810030801,0.2727864706808315,18.0,5.0,91,114,Pala 2,52.7
48,7,5.0,12.0,0.2577976621641259,0.25646279180623477,18.0,5.0,44,100,Pala 2,44.9
40,19,5.0,12.0,0.24509691752863616,0.25123138181446214,18.0,5.0,50,30,Pala 2,74.4
16,7,5.0,12.0,0.7147222018094264,0.6161456264079193,18.0,5.0,165,38,Pala 2,43.8
23,8,5.0,12.0,0.5213947362629351,0.8149993898456,18.0,5.0,164,137,Pala 2,51.8
20,6,5.0,12.0,0.6832766104223897,0.45226101007524055,18.0,5.0,134,130,Pala 2,47.0
38,13,5.0,12.0,0.2694384907480917,0.37924889064108236,18.0,5.0,63,151,Pala 2,59.3
40,27,5.0,12.0,0.5987233410567304,0.9735795542016493,18.0,5.0,150,137,Pala 2,101.0
38,1,5.0,12.0,0.44393364970311255,0.1167540360116388,18.0,5.0,125,33,Pala 2,31.6
12,42,5.0,12.0,0.5969602868455279,0.4866326820448925,18.0,5.0,39,178,Pala 1,54.0
10,7,5.0,12.0,0.29087973224421937,0.4084877531814344,18.0,5.0,119,90,Pala 2,43.7
45,12,5.0,12.0,0.7154509636491239,0.09812659658689038,18.0,5.0,87,55,Pala 2,55.7
18,20,5.0,12.0,0.8059293661594655,0.2682003620882192,18.0,5.0,138,146,Pala 1,73.9
10,46,5.0,12.0,0.25991647385772365,0.02844121257911203,18.0,5.0,128,107,Pala 1,42.6
12,27,5.0,12.0,0.30062055985564207,0.876954288982957,18.0,5.0,138,167,Pala 1,55.3
45,34,5.0,12.0,0.661154269719093,0.6078495289904011,18.0,5.0,161,111,Pala 2,112.4
44,22,5.0,12.0,0.6955851743035442,0.8150184978702507,18.0,5.0,118,110,Pala 2,84.6
0,45,5.0,12.0,0.7040996843974501,0.5215544524029898,18.0,5.0,165,104,Pala 1,26.5
39,14,5.0,12.0,0.6826985047758368,0.5995098294218943,18.0,5.0,41,76,Pala 2,62.8
43,1,5.0,12.0,0.3928077169525388,0.7008544778091649,18.0,5.0,147,117,Pala 2,31.1
18,11,5.0,12.0,0.39485367440367836,0.9080116274642149,18.0,5.0,117,112,Pala 2,56.4
11,35,5.0,12.0,0.25481762364438143,0.09175188782584576,18.0,5.0,117,149,Pala 1,42.8
7,2,5.0,12.0,0.15683369989636298,0.3309483947357269,18.0,5.0,159,152,Pala 2,30.3
7,4,5.0,12.0,0.6925773793969057,0.7090261907000005,18.0,5.0,102,83,Pala 2,39.4
44,2,5.0,12.0,0.09318878597231284,0.9583505630013928,18.0,5.0,112,176,Pala 2,35.0
11,46,5.0,12.0,0.9377922867867816,0.9808074284900055,18.0,5.0,34,54,Pala 1,61.3
47,18,5.0,12.0,0.8266863036714514,0.6381030091372624,18.0,5.0,76,96,Pala 2,76.9
32,1,5.0,12.0,0.8575057399572561,0.19359847775486727,18.0,5.0,53,170,Pala 2,31.5
44,43,5.0,12.0,0.9066688146151902,0.11920891141395673,18.0,5.0,150,50,Pala 2,134.9
25,36,5.0,12.0,0.4086049707232401,0.9460436442804254,18.0,5.0,124,51,Pala 1,91.5
38,16,5.0,12.0,0.846700723350401,0.4339276894625075,18.0,5.0,171,58,Pala 2,67.8
27,13,5.0,12.0,0.15806130029164933,0.19481603326268482,18.0,5.0,80,78,Pala 2,60.5
4,27,5.0,12.0,0.021641794608235676,0.9338925157776011,18.0,5.0,163,136,Pala 1,30.8
7,26,5.0,12.0,0.7848913946638502,0.10452427156431188,18.0,5.0,174,54,Pala 1,41.7
24,9,5.0,12.0,0.0747966479969393,0.7295710968570751,18.0,5.0,111,105,Pala 2,50.7
26,2,5.0,12.0,0.9885246673259216,0.6252630275433342,18.0,5.0,101,78,Pala 2,33.9
45,35,5.0,12.0,0.674796429601556,0.08773466438089184,18.0,5.0,80,34,Pala 2,115.6
22,37,5.0,12.0,0.7534497102421055,0.33874879563944216,18.0,5.0,81,34,Pala 1,80.3
29,24,5.0,12.0,0.24580385627786594,0.14993068954001065,18.0,5.0,41,68,Pala 2,86.5
44,21,5.0,12.0,0.6738653939196881,0.6044985925331613,18.0,5.0,110,110,Pala 2,80.3
46,47,5.0,12.0,0.04321993725495721,0.4771130316774288,18.0,5.0,124,59,Pala 1,131.1
22,38,5.0,12.0,0.8378257199236009,0.004275124660490959,18.0,5.0,144,31,Pala 1,80.4
48,46,5.0,12.0,0.16962409303157244,0.9757105662839081,18.0,5.0,158,44,Pala 2,141.2
46,29,5.0,12.0,0.6973580668337706,0.3495846498895404,18.0,5.0,40,80,Pala 2,97.8
19,20,5.0,12.0,0.22448050123272834,0.25820439283705,18.0,5.0,45,52,Pala 1,63.3
17,29,5.0,12.0,0.06845316942604274,0.22244295579410267,18.0,5.0,130,55,Pala 1,58.0
17,27,5.0,12.0,0.4814936785493943,0.15881589617356784,18.0,5.0,142,40,Pala 1,62.0
1,30,5.0,12.0,0.16928621027278945,0.9991370762165098,18.0,5.0,121,157,Pala 1,27.0
3,25,5.0,12.0,0.7294439883265498,0.29510946788160486,18.0,5.0,38,53,Pala 1,29.0
29,42,5.0,12.0,0.23756584338348485,0.40551349722428165,18.0,5.0,148,166,Pala 1,90.7
32,21,5.0,12.0,0.34247255623582884,0.8713559161780889,18.0,5.0,152,100,Pala 2,80.0
35,20,5.0,12.0,0.5674392512644729,0.6418875035428782,18.0,5.0,37,167,Pala 2,82.3
17,0,5.0,12.0,0.2849682775773116,0.3686944117452725,18.0,5.0,54,126,Pala 2,28.0
36,36,5.0,12.0,0.37798811620996164,0.898328435923853,18.0,5.0,148,139,Pala 1,118.4
18,12,5.0,12.0,0.8156217710403867,0.7497242022136001,18.0,5.0,52,101,Pala 2,60.6
46,20,5.0,12.0,0.1792098495610257,0.22790050754169966,18.0,5.0,73,100,Pala 2,75.0
27,45,5.0,12.0,0.08220158948193368,0.6437389945999205,18.0,5.0,85,119,Pala 1,85.0
39,8,5.0,12.0,0.3283577851330193,0.9223984982924015,18.0,5.0,152,156,Pala 2,48.4
19,16,5.0,12.0,0.42437676701387816,0.49646087845041253,18.0,5.0,52,152,Pala 2,67.9
48,46,5.0,12.0,0.5426592821365677,0.7336124028316672,18.0,5.0,38,172,Pala 2,144.6
32,20,5.0,12.0,0.37242369617500704,0.9711037439891592,18.0,5.0,33,62,Pala 2,77.3
11,30,5.0,12.0,0.7899117002228051,0.6904141408952129,18.0,5.0,150,168,Pala 1,58.0
14,38,5.0,12.0,0.03931948766847326,0.10243868976608062,18.0,5.0,127,176,Pala 1,47.2
40,21,5.0,12.0,0.43176753819855795,0.24455955093128934,18.0,5.0,160,87,Pala 2,82.5
38,11,5.0,12.0,0.3822559146564046,0.5950964373426489,18.0,5.0,112,175,Pala 2,55.6
1,5,5.0,12.0,0.647578490806859,0.2755558153719061,18.0,5.0,63,175,Pala 1,25.0
28,15,5.0,12.0,0.966276251897396,0.9575417053891399,18.0,5.0,134,51,Pala 2,66.8
40,25,5.0,12.0,0.5103754066288622,0.4053520340221738,18.0,5.0,136,118,Pala 2,89.1
9,4,5.0,12.0,0.9868768469417205,0.45723040573236506,18.0,5.0,72,147,Pala 2,42.9
1,8,5.0,12.0,0.30224939491319747,0.7016020934701173,18.0,5.0,41,73,Pala 1,27.2
10,45,5.0,12.0,0.030868132542461013,0.5242497313418741,18.0,5.0,45,38,Pala 1,41.5
12,39,5.0,12.0,0.16566316747641274,0.38214596688876834,18.0,5.0,91,79,Pala 1,48.1
9,13,5.0,12.0,0.3951248847745673,0.07663787515457876,18.0,5.0,46,148,Pala 1,46.0
13,43,5.0,12.0,0.3163339091885522,0.5964455895078639,18.0,5.0,44,90,Pala 1,53.9
17,41,5.0,12.0,0.09705413098337767,0.8675800307940347,18.0,5.0,55,48,Pala 1,60.9
8,29,5.0,12.0,0.43266010769071683,0.6857624417600562,18.0,5.0,74,81,Pala 1,42.0
38,25,5.0,12.0,0.33811577165956275,0.3814950100469522,18.0,5.0,159,84,Pala 2,94.8
27,44,5.0,12.0,0.12261922045743845,0.1277260646231294,18.0,5.0,174,54,Pala 1,81.5
2,28,5.0,12.0,0.2961171306119089,0.8163381869042439,18.0,5.0,94,98,Pala 1,27.4
19,18,5.0,12.0,0.8864360553553905,0.9417483622312047,18.0,5.0,123,104,Pala 1,80.3
5,46,5.0,12.0,0.3020488654893402,0.38827299079626476,18.0,5.0,59,170,Pala 1,27.4
26,7,5.0,12.0,0.7139554232420516,0.7286421891840615,18.0,5.0,97,101,Pala 2,45.9
1,22,5.0,12.0,0.6120470796577556,0.4107634398907557,18.0,5.0,135,54,Pala 1,28.3
28,41,5.0,12.0,0.4271811624083718,0.5022669388521994,18.0,5.0,73,120,Pala 1,95.8
37,34,5.0,12.0,0.23902563680366917,0.8364763806164097,18.0,5.0,125,104,Pala 2,112.9
2,30,5.0,12.0,0.36901469934594544,0.08342434221115358,18.0,5.0,89,93,Pala 1,22.3
15,34,5.0,12.0,0.5921072134710428,0.5303353487867051,18.0,5.0,30,111,Pala 1,63.5
29,31,5.0,12.0,0.35075321474935495,0.21462027467122247,18.0,5.0,48,167,Pala 1,87.5
39,4,5.0,12.0,0.21489643357423183,0.3398059454957624,18.0,5.0,62,126,Pala 2,39.9
1,15,5.0,12.0,0.1164627488916321,0.6444288246422742,18.0,5.0,120,129,Pala 1,22.7
16,16,5.0,12.0,0.8797669379095653,0.027228412336848362,18.0,5.0,53,46,Pala 1,66.2
40,31,5.0,12.0,0.44031297575190564,0.5938250989731627,18.0,5.0,112,34,Pala 2,105.9
11,37,5.0,12.0,0.6252083217429301,0.2834422394537497,18.0,5.0,154,96,Pala 1,52.4
34,31,5.0,12.0,0.49041036113680525,0.6694843608080722,18.0,5.0,168,130,Pala 2,108.4
42,19,5.0,12.0,0.8725665183579634,0.1415813519130542,18.0,5.0,38,167,Pala 2,78.6
0,47,5.0,12.0,0.5469348524482108,0.7358116038161786,18.0,5.0,35,164,Pala 1,29.9
44,1,5.0,12.0,0.48078141794911333,0.6456397197629782,18.0,5.0,87,142,Pala 2,30.8
14,19,5.0,12.0,0.9246009904217126,0.9712418328803512,18.0,5.0,129,58,Pala 1,73.4
25,46,5.0,12.0,0.7196895960453545,0.911235363258148,18.0,5.0,151,78,Pala 1,89.6
36,17,5.0,12.0,0.11154990734685732,0.2833028631997023,18.0,5.0,130,38,Pala 2,68.4
20,0,5.0,12.0,0.17770446119681405,0.02731657272543697,18.0,5.0,40,107,Pala 2,27.0
48,28,5.0,12.0,0.7871228629394419,0.6553685611117578,18.0,5.0,30,166,Pala 2,103.4
30,28,5.0,12.0,0.8358513211799543,0.6028873890046725,18.0,5.0,110,89,Pala 2,101.0
24,18,5.0,12.0,0.5451908290902965,0.027428768766446066,18.0,5.0,139,81,Pala 2,73.1
22,43,5.0,12.0,0.5544552278666393,0.12267752920259267,18.0,5.0,129,150,Pala 1,75.1
23,39,5.0,12.0,0.6319329628514445,0.5847017045359856,18.0,5.0,134,104,Pala 1,84.6
37,5,5.0,12.0,0.4391157742826395,0.9118272640434919,18.0,5.0,162,40,Pala 2,41.7
27,43,5.0,12.0,0.680199123483904,0.9065002765134069,18.0,5.0,128,133,Pala 1,96.2
20,38,5.0,12.0,0.10848125756641569,0.15148505461207484,18.0,5.0,38,104,Pala 1,63.4
42,49,5.0,12.0,0.9612792423673864,0.38457394640524956,18.0,5.0,161,65,Pala 1,137.1
17,45,5.0,12.0,0.7501548237949217,0.04320286435217402,18.0,5.0,86,160,Pala 1,62.6
35,7,5.0,12.0,0.6311742040090069,0.46927184636292907,18.0,5.0,153,138,Pala 2,46.1
34,23,5.0,12.0,0.3163220570094807,0.7530834596732057,18.0,5.0,35,112,Pala 2,86.5
44,19,5.0,12.0,0.16095548745672916,0.7899727113656114,18.0,5.0,171,57,Pala 2,75.4
8,13,5.0,12.0,0.40934296382894464,0.49898946659657295,18.0,5.0,92,82,Pala 1,41.9
37,4,5.0,12.0,0.6615767405740585,0.09586967470821839,18.0,5.0,147,83,Pala 2,42.1
29,40,5.0,12.0,0.6337097434231109,0.3813639751815664,18.0,5.0,94,94,Pala 1,93.3
43,39,5.0,12.0,0.3826411550655715,0.9321019599743644,18.0,5.0,81,82,Pala 2,127.2
33,33,5.0,12.0,0.6132863938331298,0.22961255651971468,18.0,5.0,94,69,Pala 1,105.8
31,15,5.0,12.0,0.8137482955675476,0.3197544499127265,18.0,5.0,154,70,Pala 2,68.4
2,44,5.0,12.0,0.026284772337607065,0.7468271754630709,18.0,5.0,129,104,Pala 1,22.1
2,6,5.0,12.0,0.4506210479302757,0.7335807888859381,18.0,5.0,165,58,Pala 1,33.5
27,15,5.0,12.0,0.758555228466791,0.9122022880249324,18.0,5.0,125,69,Pala 2,66.2
43,6,5.0,12.0,0.5461444704633772,0.3881186907203754,18.0,5.0,37,159,Pala 2,46.5
14,26,5.0,12.0,0.65147608792907,0.5145987238742912,18.0,5.0,43,77,Pala 1,58.3
40,13,5.0,12.0,0.516676392605342,0.4673924612204776,18.0,5.0,53,30,Pala 2,60.5
22,13,5.0,12.0,0.991874544682311,0.9277521710224531,18.0,5.0,122,88,Pala 2,69.0
39,43,5.0,12.0,0.054621536489038225,0.7693305888246348,18.0,5.0,54,117,Pala 1,117.6
10,32,5.0,12.0,0.4910448217723773,0.8314417798338483,18.0,5.0,163,31,Pala 1,56.0
47,32,5.0,12.0,0.09141654911451769,0.1330982688294109,18.0,5.0,158,88,Pala 2,106.7
31,43,5.0,12.0,0.15978556211357042,0.7918466928681599,18.0,5.0,116,160,Pala 1,99.2
35,19,5.0,12.0,0.38303835041826184,0.43297876605749697,18.0,5.0,62,78,Pala 2,77.6
32,46,5.0,12.0,0.1555400915004873,0.023338682830647106,18.0,5.0,171,105,Pala 1,91.8
23,35,5.0,12.0,0.963687165956651,0.06008835274328461,18.0,5.0,85,63,Pala 1,80.9
38,6,5.0,12.0,0.9467897767251591,0.6779079397348445,18.0,5.0,57,91,Pala 2,45.3
33,31,5.0,12.0,0.3361096462206038,0.3720124411459699,18.0,5.0,58,63,Pala 2,102.1
27,47,5.0,12.0,0.6397477120376796,0.8681155732234804,18.0,5.0,52,52,Pala 1,96.0
36,2,5.0,12.0,0.5337533205937861,0.7342731338758665,18.0,5.0,67,48,Pala 2,33.8
6,38,5.0,12.0,0.8155869805157686,0.021680011666961763,18.0,5.0,72,89,Pala 1,39.1
3,28,5.0,12.0,0.6274456098169422,0.686888311836002,18.0,5.0,39,156,Pala 1,30.3
36,23,5.0,12.0,0.000252454490562104,0.19235247273235623,18.0,5.0,56,125,Pala 2,85.2
0,21,5.0,12.0,0.7631743856097388,0.4225825687039121,18.0,5.0,165,119,Pala 1,26.9
0,5,5.0,12.0,0.7468481212961181,0.6247352021229627,18.0,5.0,114,78,Pala 1,25.6
46,47,5.0,12.0,0.509722705566481,0.8727178412956929,18.0,5.0,42,74,Pala 1,144.9
19,23,5.0,12.0,0.9029189732330538,0.4560978883919392,18.0,5.0,87,105,Pala 1,78.2
18,39,5.0,12.0,0.9084462056904016,0.8084904541911344,18.0,5.0,32,136,Pala 1,72.9
28,22,5.0,12.0,0.5239116767043972,0.7829656628006328,18.0,5.0,129,89,Pala 2,83.7
9,37,5.0,12.0,0.6079882311965377,0.4145385128512583,18.0,5.0,133,161,Pala 1,50.5
17,9,5.0,12.0,0.9965220719246723,0.5009801634329029,18.0,5.0,34,175,Pala 2,54.7
27,15,5.0,12.0,0.2988202348114175,0.7004850100498131,18.0,5.0,51,149,Pala 2,64.6
34,10,5.0,12.0,0.32461724231147737,0.031148434646939727,18.0,5.0,95,84,Pala 2,52.3
42,31,5.0,12.0,0.18277390266349636,0.890811413799246,18.0,5.0,118,60,Pala 2,110.8
46,44,5.0,12.0,0.895866939157868,0.7698161594376934,18.0,5.0,69,144,Pala 2,139.8
30,5,5.0,12.0,0.7444883899492662,0.2494158814023304,18.0,5.0,117,59,Pala 2,41.2
26,23,5.0,12.0,0.10564284887024189,0.9811799531889756,18.0,5.0,151,78,Pala 2,84.3
10,32,5.0,12.0,0.9817673511979657,0.17939035258961877,18.0,5.0,34,104,Pala 1,51.3
48,11,5.0,12.0,0.730961708161116,0.9140866737044018,18.0,5.0,173,97,Pala 2,60.1
48,26,5.0,12.0,0.8505221096049745,0.32447345832311114,18.0,5.0,146,129,Pala 2,97.7
37,37,5.0,12.0,0.048150789173200925,0.7631467101641358,18.0,5.0,44,158,Pala 1,109.7
4,17,5.0,12.0,0.5049609189421677,0.4563765932479451,18.0,5.0,104,132,Pala 1,31.8
7,44,5.0,12.0,0.6985982867270393,0.7364673874500022,18.0,5.0,109,178,Pala 1,45.4
33,38,5.0,12.0,0.5429465845718413,0.15578304793936626,18.0,5.0,47,117,Pala 1,100.5
47,12,5.0,12.0,0.6666474656992775,0.2695064583864828,18.0,5.0,131,143,Pala 2,59.7
11,39,5.0,12.0,0.8178740635904725,0.09985782447202562,18.0,5.0,161,42,Pala 1,54.0
37,29,5.0,12.0,0.3743370629601962,0.8651439814378031,18.0,5.0,82,142,Pala 2,101.8
0,48,5.0,12.0,0.8486686756187097,0.2962929877694993,18.0,5.0,87,93,Pala 1,28.3
30,40,5.0,12.0,0.16291610476529073,0.6944762294166634,18.0,5.0,141,65,Pala 1,94.0
3,12,5.0,12.0,0.27088605502637475,0.8202211977415281,18.0,5.0,114,133,Pala 1,29.3
48,33,5.0,12.0,0.043345619927325774,0.9014182363793459,18.0,5.0,104,140,Pala 2,111.2
44,35,5.0,12.0,0.3644268113352511,0.10629711531171782,18.0,5.0,87,34,Pala 2,112.7
49,29,5.0,12.0,0.3799095448241203,0.8930149335126125,18.0,5.0,145,177,Pala 2,102.9
4,24,5.0,12.0,0.8052705972072509,0.19725277773071948,18.0,5.0,88,168,Pala 1,32.3
29,1,5.0,12.0,0.653130670289656,0.7369020115909616,18.0,5.0,59,101,Pala 2,30.3
23,35,5.0,12.0,0.43672255815566663,0.7288490193646112,18.0,5.0,97,175,Pala 1,83.7
2,17,5.0,12.0,0.6521139786237482,0.008503141740954234,18.0,5.0,104,157,Pala 1,26.3
10,4,5.0,12.0,0.05278335051569116,0.22062390831025425,18.0,5.0,97,171,Pala 1,39.0
44,18,5.0,12.0,0.1802715360183761,0.4919085146648673,18.0,5.0,160,85,Pala 2,75.9
3,41,5.0,12.0,0.626947855241755,0.42003470666328213,18.0,5.0,86,102,Pala 1,30.0
25,17,5.0,12.0,0.6413668192253023,0.9185734798846096,18.0,5.0,70,120,Pala 2,76.5
26,31,5.0,12.0,0.7741346587074271,0.35974086950252315,18.0,5.0,33,58,Pala 1,88.5
45,20,5.0,12.0,0.4029997590536022,0.9369837148359623,18.0,5.0,68,157,Pala 2,82.5
42,9,5.0,12.0,0.7225540966161562,0.4594293183925311,18.0,5.0,138,56,Pala 2,49.4
26,36,5.0,12.0,0.6839803325601894,0.9643528966401658,18.0,5.0,135,97,Pala 1,95.5
41,48,5.0,12.0,0.9633933783698491,0.7373548100248611,18.0,5.0,137,120,Pala 1,129.5
49,21,5.0,12.0,0.21513022642467916,0.829334591632156,18.0,5.0,40,39,Pala 2,79.6
5,12,5.0,12.0,0.5516795637526395,0.104876888349001,18.0,5.0,40,156,Pala 1,31.8
14,16,5.0,12.0,0.6017644421104693,0.5861414332423678,18.0,5.0,83,55,Pala 1,59.1
29,8,5.0,12.0,0.9986478849342207,0.1427003598293508,18.0,5.0,49,100,Pala 2,51.7
41,23,5.0,12.0,0.2011841421666517,0.2976210020509741,18.0,5.0,157,120,Pala 2,80.7
36,43,5.0,12.0,0.5232180199672922,0.6235654061672681,18.0,5.0,105,123,Pala 1,114.3
36,13,5.0,12.0,0.34618530771363887,0.7262257046938908,18.0,5.0,148,105,Pala 2,60.4
41,45,5.0,12.0,0.5258929685789998,0.039183782011250834,18.0,5.0,43,133,Pala 1,121.4
36,7,5.0,12.0,0.23212860210310593,0.5309437310723647,18.0,5.0,152,106,Pala 2,45.3
34,36,5.0,12.0,0.04761237842748811,0.5653139862898864,18.0,5.0,54,70,Pala 1,101.2
22,18,5.0,12.0,0.5725654538976889,0.07882799711020116,18.0,5.0,135,161,Pala 2,73.4
5,27,5.0,12.0,0.33585431586083214,0.5006880342007636,18.0,5.0,135,95,Pala 1,30.4
3,45,5.0,12.0,0.18194140174843365,0.7138422800498265,18.0,5.0,132,63,Pala 1,26.2
17,40,5.0,12.0,0.32393556607803375,0.05322728487553097,18.0,5.0,39,151,Pala 1,56.4
8,29,5.0,12.0,0.04928020144774492,0.760267776323962,18.0,5.0,43,79,Pala 1,36.8
48,6,5.0,12.0,0.9504422340901033,0.5764265049041368,18.0,5.0,162,119,Pala 2,48.3
28,25,5.0,12.0,0.5811479149732605,0.8332272082717909,18.0,5.0,51,71,Pala 2,94.0
12,39,5.0,12.0,0.8147686813470248,0.21806257285406994,18.0,5.0,104,158,Pala 1,54.4
46,45,5.0,12.0,0.4231181975477304,0.8332736842131184,18.0,5.0,58,63,Pala 1,138.1
16,45,5.0,12.0,0.9033146675661857,0.09456097526746798,18.0,5.0,164,167,Pala 1,69.0
44,10,5.0,12.0,0.48331822155225335,0.40382969644467137,18.0,5.0,175,34,Pala 2,52.0
31,13,5.0,12.0,0.5739453222006694,0.19948479152464849,18.0,5.0,64,119,Pala 2,62.5
47,20,5.0,12.0,0.49179398006265684,0.8760208322908741,18.0,5.0,100,176,Pala 2,86.0
21,7,5.0,12.0,0.7332782958676516,0.7049198163017738,18.0,5.0,123,178,Pala 2,50.7
3,2,5.0,12.0,0.5666560776020624,0.025361777160728183,18.0,5.0,33,150,Pala 1,25.5
4,27,5.0,12.0,0.2715989235803977,0.00952335561395612,18.0,5.0,80,58,Pala 1,21.4
36,28,5.0,12.0,0.1455395313226463,0.2912492544816697,18.0,5.0,123,131,Pala 2,97.6
40,22,5.0,12.0,0.6061243888829777,0.1432831142805654,18.0,5.0,59,69,Pala 2,84.5
48,17,5.0,12.0,0.48917996154703625,0.6303044775601958,18.0,5.0,123,144,Pala 2,74.5
12,34,5.0,12.0,0.09597569669611294,0.6637969338825598,18.0,5.0,139,47,Pala 1,50.9
33,12,5.0,12.0,0.3956174657932684,0.9419509036613675,18.0,5.0,103,152,Pala 2,59.2
44,11,5.0,12.0,0.5147764220004536,0.9520399245458409,18.0,5.0,171,78,Pala 2,58.9
21,46,5.0,12.0,0.82689323382559,0.6588967054113456,18.0,5.0,116,94,Pala 1,82.3
22,49,5.0,12.0,0.07610105583336235,0.005675112852708719,18.0,5.0,169,99,Pala 1,68.7
2,4,5.0,12.0,0.3484953482460029,0.35899791656961433,18.0,5.0,105,36,Pala 1,22.7
41,38,5.0,12.0,0.8226561227103854,0.5131415132472662,18.0,5.0,55,90,Pala 2,123.0
33,10,5.0,12.0,0.6484239317715788,0.4991797565084659,18.0,5.0,163,133,Pala 2,57.2
31,10,5.0,12.0,0.2899583218037868,0.6033406295022267,18.0,5.0,130,117,Pala 2,55.6
44,46,5.0,12.0,0.8453351220226424,0.9605514828047604,18.0,5.0,144,46,Pala 2,143.6
48,41,5.0,12.0,0.49329358056269235,0.8851926919551538,18.0,5.0,172,105,Pala 2,133.9
20,46,5.0,12.0,0.49835189131046054,0.10890803345048827,18.0,5.0,135,55,Pala 1,74.0
45,30,5.0,12.0,0.9765873392003843,0.26598039139339325,18.0,5.0,132,174,Pala 2,105.5
43,30,5.0,12.0,0.9471165032363784,0.8331094174196363,18.0,5.0,176,137,Pala 2,107.5
20,12,5.0,12.0,0.3585326833698439,0.824306908819207,18.0,5.0,133,162,Pala 2,58.9
43,13,5.0,12.0,0.1405791286630823,0.27537072412167096,18.0,5.0,106,74,Pala 2,60.0
10,48,5.0,12.0,0.32566673227809406,0.7305880306861195,18.0,5.0,124,104,Pala 1,44.6
38,44,5.0,12.0,0.03048326031138804,0.6720373787178573,18.0,5.0,136,173,Pala 1,115.5
3,41,5.0,12.0,0.020767886710391203,0.4735239649699615,18.0,5.0,141,87,Pala 1,24.3
0,24,5.0,12.0,0.3955221362514192,0.20145495267902935,18.0,5.0,81,71,Pala 1,20.5
27,32,5.0,12.0,0.9410198226972342,0.8886431808940862,18.0,5.0,47,123,Pala 1,98.8
23,32,5.0,12.0,0.8713573412322078,0.6778511843068348,18.0,5.0,86,163,Pala 1,87.1
34,14,5.0,12.0,0.511442833917623,0.1689929248783747,18.0,5.0,62,49,Pala 2,64.5
12,15,5.0,12.0,0.5652263811708307,0.7048023448408608,18.0,5.0,133,53,Pala 1,55.6
46,43,5.0,12.0,0.005933496746056477,0.7414337195769799,18.0,5.0,161,120,Pala 1,133.4
33,37,5.0,12.0,0.2155011558337655,0.8868802851210407,18.0,5.0,48,81,Pala 1,107.1
10,5,5.0,12.0,0.024774126934383744,0.22283925524193493,18.0,5.0,36,167,Pala 1,36.6
35,43,5.0,12.0,0.7545395326953875,0.9887541054134066,18.0,5.0,55,135,Pala 1,118.7
16,24,5.0,12.0,0.14564579602649774,0.15339342252692123,18.0,5.0,116,30,Pala 1,55.4
34,14,5.0,12.0,0.8690471024768169,0.6006888918595831,18.0,5.0,127,54,Pala 2,66.0
17,3,5.0,12.0,0.6433243136757882,0.6571765052734785,18.0,5.0,165,141,Pala 2,38.3
39,3,5.0,12.0,0.22941867651571335,0.41895289526586055,18.0,5.0,170,132,Pala 2,35.5
21,29,5.0,12.0,0.15772031708324974,0.47503770877038654,18.0,5.0,61,166,Pala 1,68.7
23,33,5.0,12.0,0.6276247009230531,0.8909100967221374,18.0,5.0,63,134,Pala 1,85.4
18,26,5.0,12.0,0.9008369802823235,0.6452742296654619,18.0,5.0,175,77,Pala 1,77.0
36,30,5.0,12.0,0.7183602189143816,0.49700095823468626,18.0,5.0,84,95,Pala 2,106.3
38,31,5.0,12.0,0.3485466516033776,0.1283495624335247,18.0,5.0,72,53,Pala 2,103.4
20,43,5.0,12.0,0.5873835952686471,0.007337625223134636,18.0,5.0,178,111,Pala 1,72.1
7,38,5.0,12.0,0.3107616953724214,0.12496861815183347,18.0,5.0,175,120,Pala 1,35.8
27,8,5.0,12.0,0.9991495667786588,0.9561845674765054,18.0,5.0,171,64,Pala 2,51.2
4,40,5.0,12.0,0.7488391884618512,0.7640867829913307,18.0,5.0,48,63,Pala 1,41.0
16,7,5.0,12.0,0.6143816397567536,0.9671163275102478,18.0,5.0,86,35,Pala 2,48.5
36,13,5.0,12.0,0.4232591427658292,0.03570870970817186,18.0,5.0,109,173,Pala 2,60.3
35,32,5.0,12.0,0.6181522902595573,0.6802204038586392,18.0,5.0,31,170,Pala 1,113.0
18,22,5.0,12.0,0.3416160624673348,0.04429352640341799,18.0,5.0,78,41,Pala 1,63.8
26,20,5.0,12.0,0.028864839458030755,0.7820564688688232,18.0,5.0,119,168,Pala 2,79.0
33,11,5.0,12.0,0.39508852235663283,0.38095017273519427,18.0,5.0,51,76,Pala 2,54.8
10,1,5.0,12.0,0.930480819579867,0.09576536010649483,18.0,5.0,120,89,Pala 2,32.2
44,12,5.0,12.0,0.6263010947738659,0.5680466417875153,18.0,5.0,58,78,Pala 2,56.4
46,3,5.0,12.0,0.08395570307090161,0.2801201966013881,18.0,5.0,35,81,Pala 2,33.2
11,19,5.0,12.0,0.8849936133950259,0.6595739418718185,18.0,5.0,152,90,Pala 1,59.5
20,49,5.0,12.0,0.26887484934151484,0.6581747595137903,18.0,5.0,114,124,Pala 1,76.1
10,47,5.0,12.0,0.24376949308272744,0.7050074741207528,18.0,5.0,152,149,Pala 1,49.4
38,13,5.0,12.0,0.2970909687803208,0.992465078777759,18.0,5.0,133,69,Pala 2,60.7
27,29,5.0,12.0,0.5772022361259574,0.3866977099474054,18.0,5.0,43,119,Pala 1,90.0
4,28,5.0,12.0,0.5446880934339766,0.4653154744851009,18.0,5.0,99,100,Pala 1,30.5
16,7,5.0,12.0,0.4914137546228817,0.8046117010253409,18.0,5.0,168,90,Pala 2,48.1
19,11,5.0,12.0,0.717536863512627,0.5783700230218853,18.0,5.0,131,179,Pala 2,62.8
40,40,5.0,12.0,0.316537731334959,0.037257210687799636,18.0,5.0,98,67,Pala 1,112.8
45,37,5.0,12.0,0.7820645215724311,0.8430785202598565,18.0,5.0,108,90,Pala 2,124.3
11,25,5.0,12.0,0.17532167837859913,0.05149868193804097,18.0,5.0,67,112,Pala 1,43.1
5,49,5.0,12.0,0.7826207890770093,0.1708201364917843,18.0,5.0,91,129,Pala 1,37.6
16,1,5.0,12.0,0.6638101052502828,0.1020799669741872,18.0,5.0,109,147,Pala 2,31.8
18,39,5.0,12.0,0.6832083095475865,0.07792713288112019,18.0,5.0,175,76,Pala 1,68.3
25,13,5.0,12.0,0.48155339712726,0.025684875304710197,18.0,5.0,146,56,Pala 2,60.1
47,5,5.0,12.0,0.6670015326808647,0.05502771397236739,18.0,5.0,155,175,Pala 2,39.7
43,41,5.0,12.0,0.07979704655945741,0.44243918917881,18.0,5.0,53,154,Pala 1,123.0
43,39,5.0,12.0,0.8515511170493673,0.2528522699826139,18.0,5.0,128,49,Pala 2,126.6
31,30,5.0,12.0,0.05554723348764601,0.12653688341881875,18.0,5.0,164,71,Pala 1,91.0
5,16,5.0,12.0,0.14874150987149748,0.658705542726526,18.0,5.0,43,70,Pala 1,26.9
35,24,5.0,12.0,0.5767897084972363,0.2261119106342585,18.0,5.0,123,101,Pala 2,86.1
37,31,5.0,12.0,0.7394114554566915,0.018949155344809454,18.0,5.0,53,87,Pala 2,104.4
10,11,5.0,12.0,0.07625156434625346,0.4184197837673277,18.0,5.0,42,69,Pala 1,39.5
32,48,5.0,12.0,0.9207648141223198,0.3104329919783051,18.0,5.0,176,148,Pala 1,111.1
23,12,5.0,12.0,0.9736076488006986,0.31860443134649274,18.0,5.0,58,169,Pala 2,65.0
22,18,5.0,12.0,0.605950173007711,0.4452700281815615,18.0,5.0,51,147,Pala 2,75.1
14,43,5.0,12.0,0.48124345537683655,0.6689139272342777,18.0,5.0,31,91,Pala 1,58.7
26,47,5.0,12.0,0.7413949722797497,0.616479120037994,18.0,5.0,132,116,Pala 1,91.1
10,24,5.0,12.0,0.3283573523272054,0.9372616097888755,18.0,5.0,65,99,Pala 1,51.1
49,30,5.0,12.0,0.49326443410510645,0.5177166663025214,18.0,5.0,67,128,Pala 2,101.9
16,36,5.0,12.0,0.9161510268144013,0.4725699097250722,18.0,5.0,47,172,Pala 1,65.8
13,24,5.0,12.0,0.9556554252415336,0.21341443521689696,18.0,5.0,80,153,Pala 1,56.1
26,15,5.0,12.0,0.927069116051185,0.7553812888481568,18.0,5.0,172,36,Pala 2,66.3
17,37,5.0,12.0,0.26244806696384015,0.14077577621428472,18.0,5.0,157,163,Pala 1,58.4
27,42,5.0,12.0,0.2324690402167634,0.4911328898204841,18.0,5.0,46,56,Pala 1,87.6
46,48,5.0,12.0,0.29766450592931426,0.42132219838744445,18.0,5.0,141,31,Pala 1,136.4
46,22,5.0,12.0,0.4413111123884602,0.6583008784044032,18.0,5.0,106,163,Pala 2,87.1
3,13,5.0,12.0,0.3141674127919636,0.9176214699566588,18.0,5.0,51,90,Pala 1,27.7
6,5,5.0,12.0,0.37421279573905797,0.9465955914982225,18.0,5.0,152,94,Pala 1,40.3
44,24,5.0,12.0,0.6206369521207595,0.1677992671631584,18.0,5.0,157,172,Pala 2,91.5
34,22,5.0,12.0,0.7625256770939759,0.2618172182671782,18.0,5.0,119,167,Pala 2,84.1
47,42,5.0,12.0,0.735558198267917,0.8116353199647066,18.0,5.0,161,39,Pala 2,133.5
8,11,5.0,12.0,0.814423567079152,0.5182797624491928,18.0,5.0,36,39,Pala 1,47.1
7,12,5.0,12.0,0.03218440321540217,0.45303456835573186,18.0,5.0,167,66,Pala 1,31.2
44,35,5.0,12.0,0.04773378967875608,0.7106254523807058,18.0,5.0,44,61,Pala 2,113.4
16,38,5.0,12.0,0.7893829606886293,0.6019249526069718,18.0,5.0,69,65,Pala 1,64.6
16,33,5.0,12.0,0.5330788223246319,0.9707140544213346,18.0,5.0,131,93,Pala 1,66.2
48,5,5.0,12.0,0.5781406737621203,0.583974652288267,18.0,5.0,173,172,Pala 2,43.0
32,37,5.0,12.0,0.052586860214377085,0.46597382634725326,18.0,5.0,127,102,Pala 1,95.5
31,49,5.0,12.0,0.2553138011712709,0.5428173620781757,18.0,5.0,149,45,Pala 1,101.7
7,39,5.0,12.0,0.6383543048854777,0.8085398166969733,18.0,5.0,47,134,Pala 1,42.7
18,7,5.0,12.0,0.8591818901106761,0.6126750567852208,18.0,5.0,31,112,Pala 2,49.0
37,7,5.0,12.0,0.9169833971814025,0.6470480913867177,18.0,5.0,149,151,Pala 2,48.9
2,39,5.0,12.0,0.5004194958350817,0.971438880036592,18.0,5.0,175,105,Pala 1,32.9
4,32,5.0,12.0,0.5454742327381976,0.6183954844254573,18.0,5.0,83,64,Pala 1,38.3
12,33,5.0,12.0,0.8330496310689909,0.3802852483345398,18.0,5.0,126,154,Pala 1,57.4
46,43,5.0,12.0,0.5376246007473546,0.6913260270127966,18.0,5.0,102,80,Pala 2,137.5
45,14,5.0,12.0,0.5168585255373174,0.6594593969773114,18.0,5.0,172,136,Pala 2,64.3
30,35,5.0,12.0,0.9050840377609537,0.013847635506381906,18.0,5.0,121,34,Pala 1,101.3
15,34,5.0,12.0,0.7899327210558801,0.4673292967858331,18.0,5.0,37,35,Pala 1,63.0
49,45,5.0,12.0,0.9090725263612945,0.7429036028823993,18.0,5.0,129,171,Pala 2,143.0
31,21,5.0,12.0,0.2182470547811538,0.49904145772112896,18.0,5.0,68,41,Pala 2,78.8
21,22,5.0,12.0,0.5243754866553567,0.7796211359353894,18.0,5.0,165,143,Pala 1,79.2
28,39,5.0,12.0,0.842472128593358,0.4508836964276144,18.0,5.0,135,143,Pala 1,100.2
21,44,5.0,12.0,0.11114782746710894,0.9833215976372357,18.0,5.0,79,97,Pala 1,74.0
42,21,5.0,12.0,0.7946621542939618,0.2928915892038887,18.0,5.0,112,136,Pala 2,82.5
2,4,5.0,12.0,0.18297338341486946,0.09212260814607354,18.0,5.0,56,88,Pala 1,20.3
9,30,5.0,12.0,0.8081187549853212,0.4300118011540973,18.0,5.0,106,47,Pala 1,51.3
41,12,5.0,12.0,0.6120009375568681,0.541709024873919,18.0,5.0,67,60,Pala 2,60.5
20,27,5.0,12.0,0.19323599148486714,0.3490937316824615,18.0,5.0,50,64,Pala 1,69.0
15,19,5.0,12.0,0.4733541793328011,0.24228116011795897,18.0,5.0,74,33,Pala 1,61.6
11,32,5.0,12.0,0.6819051664607716,0.672058691385489,18.0,5.0,59,38,Pala 1,51.5
1,15,5.0,12.0,0.6338529008835424,0.3771250998562521,18.0,5.0,124,138,Pala 1,26.2
40,28,5.0,12.0,0.4272471962317044,0.6313685291006369,18.0,5.0,173,172,Pala 2,99.5
23,22,5.0,12.0,0.8993665289209269,0.7790714485987759,18.0,5.0,81,71,Pala 2,84.4
34,23,5.0,12.0,0.5192634144878443,0.7610026277600237,18.0,5.0,135,114,Pala 2,90.1
29,33,5.0,12.0,0.5058672985286884,0.3753093106356913,18.0,5.0,70,125,Pala 1,95.8
29,6,5.0,12.0,0.06225058994145427,0.5678982289501747,18.0,5.0,110,141,Pala 2,41.1
46,37,5.0,12.0,0.9221203897976371,0.4496582244427424,18.0,5.0,53,61,Pala 2,125.5
34,36,5.0,12.0,0.177116568678373,0.8708052527096602,18.0,5.0,177,109,Pala 1,106.3
18,3,5.0,12.0,0.5283446934365542,0.8787584797999992,18.0,5.0,132,74,Pala 2,36.1
49,33,5.0,12.0,0.8035676014003101,0.3437415828880368,18.0,5.0,31,34,Pala 2,109.1
7,41,5.0,12.0,0.2154532769556433,0.09173744787873073,18.0,5.0,89,30,Pala 1,33.5
25,21,5.0,12.0,0.5273732899708411,0.16758248332401948,18.0,5.0,80,90,Pala 2,80.1
48,4,5.0,12.0,0.24068490922334085,0.36700174213088377,18.0,5.0,158,96,Pala 2,38.2
39,49,5.0,12.0,0.7596949977999118,0.5642499547629907,18.0,5.0,120,96,Pala 1,128.0
6,41,5.0,12.0,0.5643411678731507,0.6567870109644293,18.0,5.0,130,125,Pala 1,43.1
29,22,5.0,12.0,0.8559758603951435,0.3313710462860002,18.0,5.0,143,123,Pala 2,88.0
6,14,5.0,12.0,0.8945580028773829,0.6674991196239858,18.0,5.0,35,88,Pala 1,46.8
2,30,5.0,12.0,0.6487334824453981,0.937739983673756,18.0,5.0,83,63,Pala 1,33.1
0,8,5.0,12.0,0.7253912461589445,0.6520141271689505,18.0,5.0,56,141,Pala 1,26.3
35,42,5.0,12.0,0.5492200998868637,0.15856522944435125,18.0,5.0,109,97,Pala 1,106.3
24,24,5.0,12.0,0.3844287330673829,0.5796689129776276,18.0,5.0,92,171,Pala 1,81.5
36,24,5.0,12.0,0.6481179230208346,0.5418955167669828,18.0,5.0,128,136,Pala 2,89.4
0,48,5.0,12.0,0.9082886234873289,0.8707001108984207,18.0,5.0,120,110,Pala 1,36.8
14,20,5.0,12.0,0.41668038043143796,0.35030305521297433,18.0,5.0,64,37,Pala 1,54.6
36,8,5.0,12.0,0.31441002637379534,0.42294561005667997,18.0,5.0,87,53,Pala 2,46.4
12,47,5.0,12.0,0.3884369385525741,0.5986590554864937,18.0,5.0,65,32,Pala 1,51.8
39,37,5.0,12.0,0.4353976302115996,0.5244253117420254,18.0,5.0,131,110,Pala 1,121.4
7,21,5.0,12.0,0.07356102897771621,0.7190165924051742,18.0,5.0,121,65,Pala 1,36.9
4,42,5.0,12.0,0.4984418404349944,0.040388990912495815,18.0,5.0,85,133,Pala 1,28.7
8,22,5.0,12.0,0.49431424805005963,0.5635160192069598,18.0,5.0,96,110,Pala 1,46.0
0,48,5.0,12.0,0.5884438276405232,0.12167189300387526,18.0,5.0,86,88,Pala 1,22.0
35,3,5.0,12.0,0.3628200304713315,0.31520899251972134,18.0,5.0,60,123,Pala 2,33.5
34,28,5.0,12.0,0.6131075959555897,0.6616268615323904,18.0,5.0,160,51,Pala 2,98.6
1,14,5.0,12.0,0.878216310274203,0.1574142005921777,18.0,5.0,81,155,Pala 1,25.5
39,0,5.0,12.0,0.9554709904951643,0.30884183550462885,18.0,5.0,134,41,Pala 2,30.0
22,29,5.0,12.0,0.5836122161410496,0.703006482835312,18.0,5.0,140,178,Pala 1,84.9
8,28,5.0,12.0,0.042590953970313095,0.6508052425268339,18.0,5.0,121,172,Pala 1,38.7
33,19,5.0,12.0,0.969235997267109,0.09103966920973805,18.0,5.0,66,41,Pala 2,76.1
45,32,5.0,12.0,0.7058620608962562,0.5772684934923239,18.0,5.0,146,115,Pala 2,112.1
13,40,5.0,12.0,0.33596364855365213,0.14725446191863945,18.0,5.0,96,132,Pala 1,45.4
3,43,5.0,12.0,0.14715770096372338,0.2522713787144927,18.0,5.0,78,85,Pala 1,22.6
29,35,5.0,12.0,0.14341861223627494,0.4592112786357787,18.0,5.0,57,135,Pala 1,90.4
30,21,5.0,12.0,0.16774440613960273,0.10934682329818912,18.0,5.0,61,173,Pala 2,80.9
37,12,5.0,12.0,0.045572521613820305,0.9936469679185668,18.0,5.0,128,62,Pala 2,57.5
10,6,5.0,12.0,0.9021541886529115,0.16536956105400114,18.0,5.0,100,146,Pala 2,45.5
34,7,5.0,12.0,0.5407682328273363,0.7813126284286044,18.0,5.0,61,78,Pala 2,47.5
7,27,5.0,12.0,0.6999594127138372,0.829838845023225,18.0,5.0,177,107,Pala 1,49.5
2,44,5.0,12.0,0.8281085092683075,0.9944639698960014,18.0,5.0,165,47,Pala 1,38.1
13,42,5.0,12.0,0.7915410063332002,0.4286532178522684,18.0,5.0,97,173,Pala 1,63.7
12,8,5.0,12.0,0.8826056237288415,0.8740945201393401,18.0,5.0,99,136,Pala 2,51.8
44,24,5.0,12.0,0.9672546225249519,0.957539439016851,18.0,5.0,77,119,Pala 2,94.7
31,15,5.0,12.0,0.43907061474193954,0.17289414489466715,18.0,5.0,125,108,Pala 2,62.7
33,9,5.0,12.0,0.9503354666683905,0.4794360890595326,18.0,5.0,137,129,Pala 2,52.9
44,10,5.0,12.0,0.7232899483428163,0.06001081885608772,18.0,5.0,75,147,Pala 2,52.3
18,30,5.0,12.0,0.07066819030807847,0.6207240120242016,18.0,5.0,96,149,Pala 1,63.0
37,11,5.0,12.0,0.6817831212123454,0.5814061568565664,18.0,5.0,58,156,Pala 2,60.7
15,30,5.0,12.0,0.6867166596048486,0.20412628466319716,18.0,5.0,112,110,Pala 1,59.6
1,13,5.0,12.0,0.9058605637925271,0.7979027588941261,18.0,5.0,167,171,Pala 1,36.8
39,43,5.0,12.0,0.37293213247009205,0.037268722763539874,18.0,5.0,100,83,Pala 1,113.8
16,31,5.0,12.0,0.5849115002718178,0.806227324127557,18.0,5.0,94,117,Pala 1,68.2
33,49,5.0,12.0,0.012187551011742515,0.02664529116386738,18.0,5.0,174,128,Pala 1,95.3
41,16,5.0,12.0,0.332075242181336,0.6568288121363502,18.0,5.0,51,97,Pala 2,67.3
15,34,5.0,12.0,0.06224372615878093,0.07876951391490128,18.0,5.0,129,70,Pala 1,52.7
37,0,5.0,12.0,0.521872972764897,0.25122551931232295,18.0,5.0,43,30,Pala 2,25.9
1,28,5.0,12.0,0.8174476505069532,0.7219133493118358,18.0,5.0,35,38,Pala 1,26.9
1,3,5.0,12.0,0.20644269212906896,0.2804047996253868,18.0,5.0,76,104,Pala 1,21.9
25,22,5.0,12.0,0.5274410455577785,0.5111738487177347,18.0,5.0,177,109,Pala 2,84.7
12,27,5.0,12.0,0.20400863651076706,0.9152482695201144,18.0,5.0,173,122,Pala 1,57.3
46,15,5.0,12.0,0.12068846784624043,0.04963435403657834,18.0,5.0,63,172,Pala 2,63.8
30,11,5.0,12.0,0.5109967919343424,0.8110797937356735,18.0,5.0,30,88,Pala 2,57.9
33,20,5.0,12.0,0.07914862094972763,0.06527199856848953,18.0,5.0,37,39,Pala 2,75.0
38,44,5.0,12.0,0.5873546311379894,0.12679484433667665,18.0,5.0,51,168,Pala 1,114.6
2,16,5.0,12.0,0.03133746067672627,0.11931910388921085,18.0,5.0,97,59,Pala 1,14.8
7,39,5.0,12.0,0.10671497186837553,0.9941022832107261,18.0,5.0,63,52,Pala 1,39.1
22,12,5.0,12.0,0.5499974854873578,0.1801863193315334,18.0,5.0,66,51,Pala 2,55.5
13,31,5.0,12.0,0.5914074128989139,0.8967618462562682,18.0,5.0,150,71,Pala 1,59.5
26,36,5.0,12.0,0.02898693009375808,0.9909321629465542,18.0,5.0,52,58,Pala 1,87.7
28,49,5.0,12.0,0.5733767880015584,0.38378477041229797,18.0,5.0,113,94,Pala 1,95.1
38,14,5.0,12.0,0.838502525323637,0.6310485435286854,18.0,5.0,146,141,Pala 2,65.4
38,11,5.0,12.0,0.7223161772939539,0.7790912537636125,18.0,5.0,53,115,Pala 2,59.3
0,48,5.0,12.0,0.13118510392079863,0.3926450818362083,18.0,5.0,170,77,Pala 1,18.8
16,14,5.0,12.0,0.5924746475636149,0.1618141404978073,18.0,5.0,98,66,Pala 2,61.7
40,33,5.0,12.0,0.6722525000742134,0.4337627437925612,18.0,5.0,109,115,Pala 2,109.4
29,5,5.0,12.0,0.037231201752291776,0.7718876450029446,18.0,5.0,89,163,Pala 2,42.3
12,16,5.0,12.0,0.8553476686836227,0.7807627627484031,18.0,5.0,67,120,Pala 1,60.7
20,47,5.0,12.0,0.9062673972898302,0.23053879217091333,18.0,5.0,106,99,Pala 1,78.0
18,48,5.0,12.0,0.8504522733622586,0.17496563989074654,18.0,5.0,114,84,Pala 1,67.2
18,19,5.0,12.0,0.8246314679891132,0.9205607021003497,18.0,5.0,158,79,Pala 1,75.8
24,8,5.0,12.0,0.7449651984608933,0.04399903055831056,18.0,5.0,33,83,Pala 2,49.8
21,4,5.0,12.0,0.6334320312819601,0.7347384757650869,18.0,5.0,143,134,Pala 2,42.3
30,22,5.0,12.0,0.6786270049882519,0.046421385446754004,18.0,5.0,109,45,Pala 2,82.0
16,32,5.0,12.0,0.806395293334983,0.8379000508609878,18.0,5.0,138,157,Pala 1,67.1
22,37,5.0,12.0,0.6624984583613046,0.905414813336102,18.0,5.0,170,76,Pala 1,87.0
31,13,5.0,12.0,0.32772695668207097,0.297419124229099,18.0,5.0,60,159,Pala 2,60.0
9,16,5.0,12.0,0.3759611021613539,0.07393564351669757,18.0,5.0,157,122,Pala 1,42.3
9,18,5.0,12.0,0.8970574683722922,0.4806845363474286,18.0,5.0,108,52,Pala 1,53.6
35,32,5.0,12.0,0.0171220857971619,0.2984630367454768,18.0,5.0,34,170,Pala 1,100.2
7,0,5.0,12.0,0.698820581244282,0.41713614281037903,18.0,5.0,156,144,Pala 2,29.6
19,12,5.0,12.0,0.9547775524252154,0.6649854534886802,18.0,5.0,115,94,Pala 2,61.8
31,45,5.0,12.0,0.7062281699579737,0.20982603594871696,18.0,5.0,115,77,Pala 1,99.9
49,26,5.0,12.0,0.9939119882317821,0.35695156951408635,18.0,5.0,168,36,Pala 2,94.8
13,5,5.0,12.0,0.6875449055283308,0.7825624902926737,18.0,5.0,53,85,Pala 2,44.7
49,5,5.0,12.0,0.034363029216861074,0.6437619499528217,18.0,5.0,74,51,Pala 2,36.8
27,32,5.0,12.0,0.8270098816469236,0.32627549115123866,18.0,5.0,140,92,Pala 1,95.9
45,29,5.0,12.0,0.2846299119393191,0.6643016002599286,18.0,5.0,63,109,Pala 2,101.0
23,45,5.0,12.0,0.44605722566444095,0.7653129228919666,18.0,5.0,168,57,Pala 1,84.2
14,34,5.0,12.0,0.3120919159070821,0.5924855809527875,18.0,5.0,179,132,Pala 1,57.1
21,22,5.0,12.0,0.26855410620967946,0.2394968325010085,18.0,5.0,151,171,Pala 1,66.8
29,9,5.0,12.0,0.43140570366978537,0.00024529051199306817,18.0,5.0,138,114,Pala 2,48.7
3,18,5.0,12.0,0.37875144844067377,0.8028491069882814,18.0,5.0,52,176,Pala 1,31.0
12,27,5.0,12.0,0.6333385818425894,0.8226335553161644,18.0,5.0,58,106,Pala 1,56.8
22,22,5.0,12.0,0.8131512009875106,0.697604501394362,18.0,5.0,35,31,Pala 1,81.0
7,3,5.0,12.0,0.29708865318724076,0.07658093136761379,18.0,5.0,81,80,Pala 2,30.8
17,19,5.0,12.0,0.21372115282201742,0.5852222875080462,18.0,5.0,118,107,Pala 1,61.2
11,18,5.0,12.0,0.6668952708703423,0.8210206712716073,18.0,5.0,118,111,Pala 1,54.2
30,41,5.0,12.0,0.6703200658307816,0.38966832010816566,18.0,5.0,151,80,Pala 1,100.2
13,26,5.0,12.0,0.9011312392861718,0.1980007342202541,18.0,5.0,171,176,Pala 1,64.2
33,33,5.0,12.0,0.015945686453310848,0.5876272972414707,18.0,5.0,46,147,Pala 1,99.4
17,3,5.0,12.0,0.85304066211651,0.8263066273008779,18.0,5.0,57,92,Pala 2,38.2
33,37,5.0,12.0,0.5210021729483569,0.048869958707065564,18.0,5.0,38,133,Pala 1,101.0
10,6,5.0,12.0,0.6213020891720988,0.5969512171607357,18.0,5.0,144,161,Pala 2,44.4
40,47,5.0,12.0,0.09137144056141477,0.6431737953393419,18.0,5.0,153,114,Pala 1,117.4
11,6,5.0,12.0,0.43261493287204567,0.6023670393482796,18.0,5.0,33,32,Pala 2,40.3
48,49,5.0,12.0,0.2273024072385238,0.6500336842370485,18.0,5.0,177,34,Pala 1,143.6
14,25,5.0,12.0,0.2542250300825091,0.6313753076041545,18.0,5.0,65,148,Pala 1,56.7
30,25,5.0,12.0,0.5040951146760274,0.13040388498034905,18.0,5.0,163,48,Pala 2,91.3
48,18,5.0,12.0,0.8124559504031124,0.23493677694891535,18.0,5.0,94,144,Pala 2,76.1
28,8,5.0,12.0,0.7437809301448561,0.6189940052890102,18.0,5.0,32,174,Pala 2,53.8
25,19,5.0,12.0,0.5909999590859538,0.017693161136770774,18.0,5.0,66,63,Pala 2,74.4
17,41,5.0,12.0,0.539418192753467,0.6347445187232444,18.0,5.0,138,49,Pala 1,66.3
31,44,5.0,12.0,0.42730604323448995,0.665386623785032,18.0,5.0,32,102,Pala 1,99.5
21,49,5.0,12.0,0.9727099735613863,0.23917475986165848,18.0,5.0,172,167,Pala 1,81.0
37,15,5.0,12.0,0.5601925542342333,0.5981328297531396,18.0,5.0,85,178,Pala 2,66.8
16,16,5.0,12.0,0.2539663983122221,0.5340900607237645,18.0,5.0,90,145,Pala 1,60.1
22,21,5.0,12.0,0.23009079204003957,0.2606915481531138,18.0,5.0,97,33,Pala 1,71.5
23,12,5.0,12.0,0.6113530307751418,0.4629740118747546,18.0,5.0,108,51,Pala 2,56.5
49,11,5.0,12.0,0.5228275273109287,0.9096245294121815,18.0,5.0,100,100,Pala 2,59.8
7,9,5.0,12.0,0.007697802954712785,0.42660278045988287,18.0,5.0,140,41,Pala 1,34.6
40,0,5.0,12.0,0.8300653721957794,0.6298441768795017,18.0,5.0,52,168,Pala 2,30.7
5,31,5.0,12.0,0.7041223542324346,0.0353508210406942,18.0,5.0,43,179,Pala 1,32.9
4,29,5.0,12.0,0.6618292896781035,0.0778001133220988,18.0,5.0,163,90,Pala 1,33.1
43,7,5.0,12.0,0.06878065769765895,0.08130807330331846,18.0,5.0,62,56,Pala 2,37.8
28,20,5.0,12.0,0.3620558501724914,0.7782407636264455,18.0,5.0,38,113,Pala 2,79.1
27,21,5.0,12.0,0.9353822607327862,0.3502568948034527,18.0,5.0,169,171,Pala 2,84.1
10,17,5.0,12.0,0.8625892413413637,0.22761168836581336,18.0,5.0,146,36,Pala 1,48.5
0,1,5.0,12.0,0.28554293786953344,0.7473245684517227,18.0,5.0,124,172,Pala 1,22.8
42,47,5.0,12.0,0.1570588840991387,0.16996006255617446,18.0,5.0,32,39,Pala 1,121.9
18,43,5.0,12.0,0.4490879571685771,0.24649252507028063,18.0,5.0,75,32,Pala 1,66.5
8,8,5.0,12.0,0.3558303786676609,0.43093144327002086,18.0,5.0,65,132,Pala 1,39.9
26,2,5.0,12.0,0.6822263767059911,0.33143806901461326,18.0,5.0,170,73,Pala 2,33.7
33,25,5.0,12.0,0.9664348100843196,0.5853922110366443,18.0,5.0,42,83,Pala 2,91.5
43,20,5.0,12.0,0.36300144998256145,0.33784061907484764,18.0,5.0,114,118,Pala 2,75.7
3,29,5.0,12.0,0.062224172652242005,0.3929516358588919,18.0,5.0,72,54,Pala 1,21.0
35,27,5.0,12.0,0.8976140083423853,0.8628866082494859,18.0,5.0,157,99,Pala 2,96.4
17,35,5.0,12.0,0.037949730239870805,0.8845314396280024,18.0,5.0,76,74,Pala 1,62.4
14,25,5.0,12.0,0.952765897153333,0.8277111908134075,18.0,5.0,48,97,Pala 1,68.8
12,33,5.0,12.0,0.6645794280090398,0.8648309327046326,18.0,5.0,112,55,Pala 1,62.4
18,7,5.0,12.0,0.9416892084419491,0.569728669339117,18.0,5.0,126,55,Pala 2,46.5
48,9,5.0,12.0,0.19965968664897826,0.646233214751384,18.0,5.0,128,141,Pala 2,50.6
5,47,5.0,12.0,0.040699795253807625,0.5571731665549405,18.0,5.0,177,121,Pala 1,31.1
47,42,5.0,12.0,0.4882099782764918,0.78558808405292,18.0,5.0,58,159,Pala 2,133.1
11,49,5.0,12.0,0.4506234145701252,0.5510004857614442,18.0,5.0,157,70,Pala 1,54.3
36,13,5.0,12.0,0.33149227325488284,0.11107696455078053,18.0,5.0,101,43,Pala 2,59.8
16,39,5.0,12.0,0.9576564743886975,0.8095801204568599,18.0,5.0,94,159,Pala 1,75.4
22,14,5.0,12.0,0.8225837321614322,0.7605851706775364,18.0,5.0,67,34,Pala 2,64.9
25,16,5.0,12.0,0.6615820213755933,0.8203005952826253,18.0,5.0,153,131,Pala 2,69.8
28,17,5.0,12.0,0.16285829163782772,0.19042946338976185,18.0,5.0,123,159,Pala 2,70.3
32,31,5.0,12.0,0.7343234082185247,0.27161705271496706,18.0,5.0,62,158,Pala 1,103.3
26,37,5.0,12.0,0.727012454699724,0.29575169726353,18.0,5.0,42,51,Pala 1,88.2
24,22,5.0,12.0,0.42506817361600746,0.5080805361856736,18.0,5.0,130,70,Pala 2,81.5
9,45,5.0,12.0,0.9247859097140136,0.13387708416345978,18.0,5.0,156,75,Pala 1,45.8
46,22,5.0,12.0,0.16697788222901044,0.38538175327486734,18.0,5.0,106,123,Pala 2,84.3
22,34,5.0,12.0,0.2673375624116643,0.1821581610790296,18.0,5.0,150,38,Pala 1,75.6
20,38,5.0,12.0,0.06322433925063364,0.26476271303273646,18.0,5.0,78,130,Pala 1,60.3
20,14,5.0,12.0,0.7954509581775875,0.7063876345584273,18.0,5.0,139,76,Pala 2,67.2
42,23,5.0,12.0,0.6217593860953973,0.8548111563172811,18.0,5.0,164,103,Pala 2,88.4
12,27,5.0,12.0,0.31494030568124953,0.022905866597183855,18.0,5.0,65,32,Pala 1,44.9
36,15,5.0,12.0,0.16381366359431537,0.5658969633550004,18.0,5.0,122,37,Pala 2,63.7
32,15,5.0,12.0,0.04014777002874037,0.03605976206226713,18.0,5.0,53,65,Pala 2,64.1
23,39,5.0,12.0,0.1667455686259366,0.08524924501155029,18.0,5.0,110,72,Pala 1,72.5
43,38,5.0,12.0,0.4532846463376582,0.7050840346141091,18.0,5.0,127,92,Pala 2,125.5
10,5,5.0,12.0,0.24717696901060615,0.7356081065021166,18.0,5.0,175,167,Pala 2,39.3
16,1,5.0,12.0,0.2589821774319667,0.8139806731727988,18.0,5.0,134,56,Pala 2,32.0
3,12,5.0,12.0,0.8755763666677143,0.47424151177030494,18.0,5.0,34,118,Pala 1,34.2
46,43,5.0,12.0,0.5151376734611006,0.8598074820161882,18.0,5.0,158,42,Pala 2,136.0
24,46,5.0,12.0,0.7292519731284146,0.16683829164162434,18.0,5.0,100,80,Pala 1,80.0
29,8,5.0,12.0,0.03571094902814309,0.24971641363500263,18.0,5.0,151,97,Pala 2,41.7
8,33,5.0,12.0,0.3651633556780287,0.13450214760197132,18.0,5.0,32,153,Pala 1,36.4
20,16,5.0,12.0,0.4791693473954418,0.7975372605818766,18.0,5.0,65,173,Pala 2,69.0
19,26,5.0,12.0,0.1864168552101847,0.22867511838661891,18.0,5.0,150,169,Pala 1,64.8
18,28,5.0,12.0,0.12019154144553867,0.15551124275829564,18.0,5.0,169,54,Pala 1,60.5
18,36,5.0,12.0,0.8703037784998425,0.6231106875880562,18.0,5.0,44,173,Pala 1,73.1
11,42,5.0,12.0,0.9394316270997966,0.0770820263606744,18.0,5.0,161,132,Pala 1,48.8
36,21,5.0,12.0,0.07880669804540741,0.044900277220172535,18.0,5.0,45,31,Pala 2,76.0
41,23,5.0,12.0,0.3490187125424431,0.10671764855245891,18.0,5.0,163,102,Pala 2,86.5
16,6,5.0,12.0,0.9582856281444737,0.00024088398716759496,18.0,5.0,92,152,Pala 2,45.6
36,33,5.0,12.0,0.08316173313246489,0.6969901542217924,18.0,5.0,52,156,Pala 1,106.9
47,47,5.0,12.0,0.6436413728787262,0.5622353217144787,18.0,5.0,106,106,Pala 1,141.5
38,11,5.0,12.0,0.9722213709670056,0.20987510903772388,18.0,5.0,30,107,Pala 2,56.3
27,22,5.0,12.0,0.9782236685813746,0.23300494797759586,18.0,5.0,105,105,Pala 2,86.7
40,14,5.0,12.0,0.47122333090374324,0.8109685984700397,18.0,5.0,56,179,Pala 2,67.8
34,32,5.0,12.0,0.1627491077823806,0.5018201158603004,18.0,5.0,54,77,Pala 2,104.2
46,12,5.0,12.0,0.20208431497743884,0.6985283570817397,18.0,5.0,115,143,Pala 2,56.4
47,22,5.0,12.0,0.8896013951243946,0.45275545127491557,18.0,5.0,91,93,Pala 2,85.6
17,37,5.0,12.0,0.9116830043297359,0.23771802602079228,18.0,5.0,175,179,Pala 1,69.4
13,31,5.0,12.0,0.6078796438735548,0.9704028006829069,18.0,5.0,122,102,Pala 1,60.3
34,44,5.0,12.0,0.7661763994699113,0.5656475633753975,18.0,5.0,59,76,Pala 1,110.1
43,49,5.0,12.0,0.7399312514704082,0.1309819037679124,18.0,5.0,113,69,Pala 1,128.3
40,34,5.0,12.0,0.661821597989107,0.40609004218390676,18.0,5.0,179,135,Pala 2,110.7
6,0,5.0,12.0,0.8272769548719391,0.3293374119469007,18.0,5.0,154,147,Pala 2,29.8
40,46,5.0,12.0,0.6854066230403211,0.21408746858852135,18.0,5.0,63,32,Pala 1,120.5
12,44,5.0,12.0,0.5340023057474993,0.9334399892402595,18.0,5.0,33,124,Pala 1,55.1
17,4,5.0,12.0,0.23695636258815678,0.8809199954597525,18.0,5.0,60,130,Pala 2,36.7
36,12,5.0,12.0,0.743888144118619,0.1991471165201164,18.0,5.0,80,163,Pala 2,58.2
12,4,5.0,12.0,0.47343786783827446,0.35214788905551675,18.0,5.0,79,171,Pala 2,40.0
35,31,5.0,12.0,0.2947916840075093,0.7623153916708216,18.0,5.0,43,112,Pala 2,104.3
30,20,5.0,12.0,0.8019462757417753,0.20850604814021567,18.0,5.0,37,111,Pala 2,75.9
1,23,5.0,12.0,0.6967136003530283,0.5915648626042445,18.0,5.0,130,150,Pala 1,27.8
15,17,5.0,12.0,0.9373395631247,0.6997939421248166,18.0,5.0,98,164,Pala 2,71.1
8,20,5.0,12.0,0.16544164001887773,0.6539723257107664,18.0,5.0,165,32,Pala 1,46.5
8,9,5.0,12.0,0.6491892846364932,0.7064086402755005,18.0,5.0,168,42,Pala 1,46.2
37,23,5.0,12.0,0.24423946808817598,0.706699589028763,18.0,5.0,58,134,Pala 2,88.2
10,39,5.0,12.0,0.9035829853016417,0.9648059198489284,18.0,5.0,170,118,Pala 1,61.2
21,46,5.0,12.0,0.09949941425661568,0.3464988895203196,18.0,5.0,93,121,Pala 1,66.1
32,20,5.0,12.0,0.6561618064448772,0.8785904243758396,18.0,5.0,78,104,Pala 2,81.7
35,24,5.0,12.0,0.7910857215280299,0.02180706251510678,18.0,5.0,48,89,Pala 2,87.4
44,22,5.0,12.0,0.3549178403647072,0.2882029633232832,18.0,5.0,156,155,Pala 2,85.2
22,21,5.0,12.0,0.9541380793838092,0.048655781999131564,18.0,5.0,112,102,Pala 1,80.9
44,3,5.0,12.0,0.8507306845860373,0.6512039599558402,18.0,5.0,125,51,Pala 2,39.9
44,33,5.0,12.0,0.2946182996849034,0.10079037073161956,18.0,5.0,144,178,Pala 2,111.8
33,5,5.0,12.0,0.007541092715998676,0.8457068636520463,18.0,5.0,132,152,Pala 2,43.3
8,27,5.0,12.0,0.29665717611806086,0.6465916837902598,18.0,5.0,146,62,Pala 1,40.4
23,30,5.0,12.0,0.28131047047074254,0.028815401053605694,18.0,5.0,107,33,Pala 1,73.7
7,34,5.0,12.0,0.889964607500909,0.714777365434623,18.0,5.0,100,158,Pala 1,48.4
6,38,5.0,12.0,0.9671211782547475,0.8620349472569611,18.0,5.0,49,179,Pala 1,48.2
35,41,5.0,12.0,0.07043998597026035,0.6611210076621494,18.0,5.0,125,88,Pala 1,104.3
17,22,5.0,12.0,0.4712948285333167,0.030524215935032184,18.0,5.0,139,66,Pala 1,58.5
2,5,5.0,12.0,0.5483319985297957,0.8579195484604065,18.0,5.0,124,142,Pala 1,36.6
27,15,5.0,12.0,0.0929116613297033,0.732463912934035,18.0,5.0,115,179,Pala 2,65.1
5,1,5.0,12.0,0.37749770913752256,0.3784513124839842,18.0,5.0,162,156,Pala 1,29.2
43,23,5.0,12.0,0.3170824173929506,0.32863025831550263,18.0,5.0,124,147,Pala 2,86.9
43,16,5.0,12.0,0.5360563543270873,0.4798201814074401,18.0,5.0,108,169,Pala 2,66.2
20,44,5.0,12.0,0.661190899731938,0.8671017509378709,18.0,5.0,174,141,Pala 1,78.8
27,0,5.0,12.0,0.7034851104965666,0.2520593518695575,18.0,5.0,66,175,Pala 2,29.2
39,5,5.0,12.0,0.13675502361338754,0.10096381124120113,18.0,5.0,48,154,Pala 2,36.0
0,4,5.0,12.0,0.8129477019446214,0.8646363729610499,18.0,5.0,167,129,Pala 1,33.5
35,44,5.0,12.0,0.678542029790759,0.026289848880722944,18.0,5.0,73,30,Pala 1,106.5
20,49,5.0,12.0,0.8890749167467196,0.9109970222440645,18.0,5.0,118,150,Pala 1,82.3
42,28,5.0,12.0,0.4493360594354341,0.3057451943014007,18.0,5.0,66,118,Pala 2,99.1
34,11,5.0,12.0,0.8938897627221916,0.5082227016882677,18.0,5.0,87,49,Pala 2,58.9
12,38,5.0,12.0,0.8657741223560754,0.13229552475222806,18.0,5.0,157,46,Pala 1,56.5
48,46,5.0,12.0,0.4384093323592696,0.9022549693766853,18.0,5.0,172,179,Pala 1,146.7
9,2,5.0,12.0,0.3811433152929786,0.7498362233844047,18.0,5.0,177,143,Pala 2,32.3
43,47,5.0,12.0,0.9328120149702568,0.9241555866080342,18.0,5.0,170,55,Pala 1,145.6
46,0,5.0,12.0,0.7151647345384377,0.6832290511181625,18.0,5.0,177,56,Pala 2,32.3
9,26,5.0,12.0,0.9282453464380757,0.18469377674232612,18.0,5.0,72,116,Pala 1,50.8
45,47,5.0,12.0,0.796974778895813,0.3082670029862493,18.0,5.0,77,109,Pala 1,140.2
12,23,5.0,12.0,0.6092974392914143,0.48684857510347335,18.0,5.0,85,84,Pala 1,51.9
36,43,5.0,12.0,0.1158527770037645,0.6072582053602069,18.0,5.0,140,90,Pala 1,107.5
37,18,5.0,12.0,0.2914806725790985,0.9264594373362737,18.0,5.0,61,43,Pala 2,75.4
23,7,5.0,12.0,0.9688424070983915,0.38395146578913897,18.0,5.0,83,155,Pala 2,47.1
1,43,5.0,12.0,0.31942209871420446,0.7030720219071459,18.0,5.0,90,138,Pala 1,22.5
21,46,5.0,12.0,0.09325486978537079,0.9610088489108218,18.0,5.0,139,151,Pala 1,76.8
16,1,5.0,12.0,0.7075533559193198,0.152374063415453,18.0,5.0,140,80,Pala 2,29.8
35,29,5.0,12.0,0.7340042545436842,0.8627095887795482,18.0,5.0,129,142,Pala 2,101.0
13,29,5.0,12.0,0.2854577202871508,0.42070607039319863,18.0,5.0,176,97,Pala 1,54.3
9,48,5.0,12.0,0.29767197934630374,0.7324217759293368,18.0,5.0,98,38,Pala 1,47.9
34,38,5.0,12.0,0.4688929855087839,0.2935383387370837,18.0,5.0,179,68,Pala 1,107.1
24,44,5.0,12.0,0.02178894976225554,0.33398421826600155,18.0,5.0,167,172,Pala 1,75.3
2,31,5.0,12.0,0.7893230103611636,0.02713322486806613,18.0,5.0,172,118,Pala 1,29.6
46,0,5.0,12.0,0.3170887872741256,0.9714041531669596,18.0,5.0,31,47,Pala 2,27.8
37,37,5.0,12.0,0.8537631020019776,0.8134525752307844,18.0,5.0,179,81,Pala 2,124.9
16,12,5.0,12.0,0.8026304216000337,0.09391795792622049,18.0,5.0,141,66,Pala 2,57.0
11,10,5.0,12.0,0.6614020331187831,0.9995087956637745,18.0,5.0,128,109,Pala 2,55.9
23,9,5.0,12.0,0.3248748670992887,0.6050245972029414,18.0,5.0,132,169,Pala 2,49.6
28,47,5.0,12.0,0.51631656166117,0.853728637964383,18.0,5.0,41,108,Pala 1,96.4
42,25,5.0,12.0,0.444829257597959,0.06666076327786896,18.0,5.0,154,54,Pala 2,85.9
24,19,5.0,12.0,0.3388818862486742,0.3894511784919237,18.0,5.0,74,178,Pala 2,77.5
35,16,5.0,12.0,0.8481362893031782,0.6696511223036099,18.0,5.0,177,151,Pala 2,76.6
25,16,5.0,12.0,0.4835070745776653,0.10643371869970153,18.0,5.0,36,117,Pala 2,65.1
37,3,5.0,12.0,0.8327230977971465,0.48890283865400064,18.0,5.0,96,164,Pala 2,38.9
0,4,5.0,12.0,0.10521847414182428,0.44267787454414154,18.0,5.0,99,68,Pala 1,19.3
19,22,5.0,12.0,0.14102478860033574,0.21604022447357973,18.0,5.0,126,104,Pala 1,63.9
27,45,5.0,12.0,0.9773203051129767,0.3002698358518022,18.0,5.0,82,126,Pala 1,96.5
15,9,5.0,12.0,0.5877684626060896,0.9671183544949824,18.0,5.0,122,78,Pala 2,53.2
46,45,5.0,12.0,0.509769673499049,0.288648486009936,18.0,5.0,87,173,Pala 1,132.8
16,27,5.0,12.0,0.5231560631441117,0.21342613396841104,18.0,5.0,98,125,Pala 1,62.1
39,32,5.0,12.0,0.21526877403285982,0.5362091710683334,18.0,5.0,76,172,Pala 2,107.7
27,42,5.0,12.0,0.718703949501973,0.6709580340702979,18.0,5.0,72,69,Pala 1,97.5
11,25,5.0,12.0,0.08478062372975437,0.7250931110695649,18.0,5.0,91,36,Pala 1,47.6
26,49,5.0,12.0,0.5733237131030232,0.7542471844969162,18.0,5.0,84,130,Pala 1,90.3
41,47,5.0,12.0,0.5707687965859014,0.036832491514753096,18.0,5.0,136,69,Pala 1,121.2
46,28,5.0,12.0,0.914188424133511,0.3937604003795633,18.0,5.0,78,99,Pala 2,99.9
29,26,5.0,12.0,0.5261828101048603,0.7739580797830902,18.0,5.0,135,132,Pala 2,95.2
40,17,5.0,12.0,0.13706269597417953,0.9048521018001294,18.0,5.0,107,121,Pala 2,70.2
33,39,5.0,12.0,0.5727532592481626,0.6022001233327833,18.0,5.0,148,51,Pala 1,108.2
36,9,5.0,12.0,0.09132764436533236,0.05230685350968567,18.0,5.0,57,130,Pala 2,49.2
5,41,5.0,12.0,0.20379383529992168,0.3966458058551312,18.0,5.0,86,162,Pala 1,25.3
6,4,5.0,12.0,0.031108584187416133,0.07422711586845465,18.0,5.0,149,175,Pala 1,30.1
31,9,5.0,12.0,0.5132935824594983,0.7485378626845846,18.0,5.0,149,40,Pala 2,48.4
31,49,5.0,12.0,0.08453261529357237,0.06350546928166523,18.0,5.0,33,148,Pala 1,86.3
24,20,5.0,12.0,0.46939437853132904,0.18573106673517725,18.0,5.0,49,37,Pala 2,77.2
32,23,5.0,12.0,0.9329450353241441,0.4169584239647742,18.0,5.0,146,49,Pala 2,89.0
6,37,5.0,12.0,0.719761413019332,0.462648367114872,18.0,5.0,118,88,Pala 1,36.7
11,2,5.0,12.0,0.07741167422529305,0.4064817003150123,18.0,5.0,82,120,Pala 2,33.7
15,39,5.0,12.0,0.22420981220884317,0.463396646606,18.0,5.0,68,144,Pala 1,56.3
15,30,5.0,12.0,0.6736624198934342,0.7132391520201998,18.0,5.0,82,48,Pala 1,62.8
42,40,5.0,12.0,0.8947018610241837,0.36926882295554153,18.0,5.0,150,154,Pala 2,134.0
35,36,5.0,12.0,0.03291858676395376,0.5477504591506192,18.0,5.0,115,159,Pala 1,104.4
12,1,5.0,12.0,0.812451131720594,0.30336925752873223,18.0,5.0,128,135,Pala 2,33.3
6,1,5.0,12.0,0.5618138803383087,0.35362749509048264,18.0,5.0,147,95,Pala 2,33.9
35,38,5.0,12.0,0.5460913252963926,0.6137989590420808,18.0,5.0,121,36,Pala 1,112.4
46,48,5.0,12.0,0.9578131827533579,0.49049465163702,18.0,5.0,167,80,Pala 1,147.1
8,41,5.0,12.0,0.7476446125967731,0.7230362948592811,18.0,5.0,142,124,Pala 1,49.0
31,43,5.0,12.0,0.8501188680561119,0.5605385880517497,18.0,5.0,112,104,Pala 1,107.3
10,33,5.0,12.0,0.3539955695446667,0.8035740853838729,18.0,5.0,94,133,Pala 1,45.7
7,41,5.0,12.0,0.5543640408284098,0.44340821299471656,18.0,5.0,30,42,Pala 1,41.2
32,19,5.0,12.0,0.6154056774277707,0.4910336198668015,18.0,5.0,159,167,Pala 2,81.1
22,32,5.0,12.0,0.32158394036246507,0.6699713489009396,18.0,5.0,57,142,Pala 1,78.3
24,3,5.0,12.0,0.5702481249473995,0.22124394441204887,18.0,5.0,113,88,Pala 2,40.8
7,44,5.0,12.0,0.23665537947971382,0.38592953693126086,18.0,5.0,57,67,Pala 1,35.5
44,43,5.0,12.0,0.14337567106823956,0.6248412440117078,18.0,5.0,153,49,Pala 1,130.3
21,10,5.0,12.0,0.37397025927733263,0.028876269265736387,18.0,5.0,60,43,Pala 2,52.6
3,41,5.0,12.0,0.739289628746437,0.43697143363394164,18.0,5.0,164,69,Pala 1,34.0
39,46,5.0,12.0,0.9161871480738876,0.5988499363061168,18.0,5.0,101,164,Pala 1,125.2
2,4,5.0,12.0,0.4577140514982325,0.9673755319781978,18.0,5.0,77,35,Pala 1,28.8
28,24,5.0,12.0,0.6428236882754317,0.8770165616176712,18.0,5.0,55,38,Pala 2,89.0
40,48,5.0,12.0,0.10303713097510048,0.28074195294265814,18.0,5.0,118,135,Pala 1,116.1
28,36,5.0,12.0,0.9044637585523287,0.5072101040289247,18.0,5.0,164,94,Pala 1,99.9
33,33,5.0,12.0,0.5686042135699344,0.056414372660091305,18.0,5.0,134,177,Pala 1,100.1
33,8,5.0,12.0,0.780338247625157,0.24075441481780713,18.0,5.0,86,163,Pala 2,49.1
27,5,5.0,12.0,0.7944412009213938,0.7748558680680901,18.0,5.0,144,125,Pala 2,43.4
12,17,5.0,12.0,0.2564805263681059,0.12331401227534455,18.0,5.0,149,68,Pala 1,48.4
14,13,5.0,12.0,0.5291744531818495,0.2576905248339566,18.0,5.0,30,152,Pala 1,56.1
22,18,5.0,12.0,0.9604797515609774,0.944042501735808,18.0,5.0,111,50,Pala 2,75.2
43,13,5.0,12.0,0.08963454482082778,0.823855800492458,18.0,5.0,58,66,Pala 2,56.8
25,39,5.0,12.0,0.6830498980295634,0.781827712648912,18.0,5.0,179,41,Pala 1,90.6
3,16,5.0,12.0,0.962264078035172,0.8645574903021568,18.0,5.0,43,44,Pala 1,40.5
25,34,5.0,12.0,0.30057710805402216,0.7496056865823539,18.0,5.0,159,178,Pala 1,86.6
39,28,5.0,12.0,0.8614479214043481,0.12058621611823495,18.0,5.0,100,114,Pala 2,100.7
8,41,5.0,12.0,0.9336575454082716,0.5165613264852313,18.0,5.0,154,121,Pala 1,52.0
4,16,5.0,12.0,0.7470862093948251,0.444243920802322,18.0,5.0,108,129,Pala 1,36.4
31,42,5.0,12.0,0.23132831230695827,0.3111515782703801,18.0,5.0,136,138,Pala 1,96.6
19,7,5.0,12.0,0.3340007188265939,0.8340404097196055,18.0,5.0,127,115,Pala 2,47.4
49,0,5.0,12.0,0.03580929441773073,0.4641392023742337,18.0,5.0,179,167,Pala 2,27.4
10,44,5.0,12.0,0.8314532342453552,0.06029760135754969,18.0,5.0,47,111,Pala 1,48.0
14,35,5.0,12.0,0.8496111865110799,0.27496558372026825,18.0,5.0,75,95,Pala 1,60.8
31,6,5.0,12.0,0.6327103099661927,0.2286210580294451,18.0,5.0,111,147,Pala 2,44.9
27,45,5.0,12.0,0.35252785126385133,0.8874788848112836,18.0,5.0,152,146,Pala 1,90.7
21,4,5.0,12.0,0.07681102763992054,0.6474381006389999,18.0,5.0,127,51,Pala 2,35.1
40,23,5.0,12.0,0.7530576099149094,0.5603762658820751,18.0,5.0,75,115,Pala 2,90.5
16,27,5.0,12.0,0.7265261936099229,0.5066492416787051,18.0,5.0,132,163,Pala 1,66.1
25,42,5.0,12.0,0.912602521738901,0.6501130275414655,18.0,5.0,66,139,Pala 1,95.1
43,16,5.0,12.0,0.7305320210053622,0.7548755467771248,18.0,5.0,47,35,Pala 2,69.6
6,36,5.0,12.0,0.8286949422440019,0.5543847058315099,18.0,5.0,133,102,Pala 1,45.7
41,19,5.0,12.0,0.7459546179039995,0.9382854151526105,18.0,5.0,175,130,Pala 2,77.1
25,2,5.0,12.0,0.6306871883123164,0.9768341706503846,18.0,5.0,172,106,Pala 2,31.1
24,36,5.0,12.0,0.42696639419100924,0.995342316608823,18.0,5.0,151,56,Pala 1,85.2
9,25,5.0,12.0,0.9021173086422778,0.6693911100886447,18.0,5.0,123,127,Pala 1,50.7
44,14,5.0,12.0,0.6509685719074698,0.9326204667558784,18.0,5.0,129,54,Pala 2,63.4
18,47,5.0,12.0,0.39835532196590906,0.4044796953079547,18.0,5.0,57,105,Pala 1,66.5
10,7,5.0,12.0,0.08346929518195723,0.8595923912473853,18.0,5.0,44,149,Pala 1,41.2
12,12,5.0,12.0,0.2907048559043821,0.9091742987396809,18.0,5.0,157,32,Pala 1,54.2
7,47,5.0,12.0,0.5437267348301648,0.9041404723322756,18.0,5.0,72,102,Pala 1,42.5
39,2,5.0,12.0,0.27563537001619454,0.8308462829083816,18.0,5.0,62,140,Pala 2,35.3
3,0,5.0,12.0,0.22123534791790211,0.40659916164125043,18.0,5.0,159,108,Pala 1,23.4
46,8,5.0,12.0,0.5273935140878472,0.15890748198073434,18.0,5.0,37,101,Pala 2,47.7
30,30,5.0,12.0,0.16982034589573458,0.33395635634444587,18.0,5.0,141,63,Pala 1,94.0
27,40,5.0,12.0,0.8004100633251034,0.767288569298093,18.0,5.0,62,113,Pala 1,94.1
10,25,5.0,12.0,0.484368151342658,0.23288551132997526,18.0,5.0,175,94,Pala 1,46.7
42,16,5.0,12.0,0.5738627739626502,0.4782720648259724,18.0,5.0,119,58,Pala 2,64.3
0,33,5.0,12.0,0.14738326759734854,0.565399517984672,18.0,5.0,178,33,Pala 1,21.1
48,8,5.0,12.0,0.3245763356293674,0.6038585624378753,18.0,5.0,145,148,Pala 2,48.3
46,12,5.0,12.0,0.4100896832611529,0.9357255483787986,18.0,5.0,49,159,Pala 2,56.3
37,4,5.0,12.0,0.808212830516503,0.6614930204143176,18.0,5.0,152,142,Pala 2,37.6
23,40,5.0,12.0,0.7701595230861525,0.7862988160773022,18.0,5.0,161,121,Pala 1,86.5
46,12,5.0,12.0,0.22297747478768137,0.5818783478916334,18.0,5.0,65,105,Pala 2,58.9
30,0,5.0,12.0,0.6161790816070077,0.8335803188619633,18.0,5.0,127,154,Pala 2,35.0
40,24,5.0,12.0,0.2434563577719976,0.2636636130697628,18.0,5.0,106,73,Pala 2,87.4
45,46,5.0,12.0,0.9882471556902453,0.20987767166878923,18.0,5.0,155,143,Pala 1,140.1
49,3,5.0,12.0,0.9521238781308706,0.9263200487579697,18.0,5.0,68,134,Pala 2,38.9
25,35,5.0,12.0,0.5632647205206205,0.6934808763573784,18.0,5.0,100,124,Pala 1,94.9
48,9,5.0,12.0,0.698902571894143,0.6715255770582211,18.0,5.0,135,146,Pala 2,54.7
49,27,5.0,12.0,0.801430382208645,0.4672952386284499,18.0,5.0,169,130,Pala 2,96.7
4,5,5.0,12.0,0.7209984200449039,0.3766972592935105,18.0,5.0,84,61,Pala 1,39.3
19,26,5.0,12.0,0.6998286910824209,0.5556911944786388,18.0,5.0,147,160,Pala 1,77.8
40,11,5.0,12.0,0.958554007949528,0.12056634942166711,18.0,5.0,123,46,Pala 2,59.1
10,47,5.0,12.0,0.5964561063072833,0.45471256108310776,18.0,5.0,127,148,Pala 1,47.9
32,2,5.0,12.0,0.6363026718190556,0.4553677044654809,18.0,5.0,38,169,Pala 2,38.8
49,45,5.0,12.0,0.8492687504381812,0.5383365129442652,18.0,5.0,169,93,Pala 2,142.0
37,32,5.0,12.0,0.6698908678584068,0.6346856143672023,18.0,5.0,98,107,Pala 2,110.5
26,9,5.0,12.0,0.7329326220175225,0.9573183659853621,18.0,5.0,112,70,Pala 2,55.5
33,30,5.0,12.0,0.23416868619664244,0.6521691270917569,18.0,5.0,57,31,Pala 1,101.0
14,14,5.0,12.0,0.3712669241150709,0.8837251519534115,18.0,5.0,46,63,Pala 1,61.9
31,6,5.0,12.0,0.14730134571189302,0.5563038614691638,18.0,5.0,51,154,Pala 2,41.5
20,35,5.0,12.0,0.5057654423348055,0.6269278826274898,18.0,5.0,142,117,Pala 1,75.2
45,13,5.0,12.0,0.4557274006802463,0.06983695310956961,18.0,5.0,176,141,Pala 2,59.2
4,47,5.0,12.0,0.9971628142794569,0.13326372288441557,18.0,5.0,137,69,Pala 1,36.8
5,13,5.0,12.0,0.6112086528155425,0.5796704351975396,18.0,5.0,89,84,Pala 1,37.5
37,2,5.0,12.0,0.7864448231944233,0.39571286995802923,18.0,5.0,73,155,Pala 2,36.4
21,48,5.0,12.0,0.33401467075765423,0.7988105198655018,18.0,5.0,72,103,Pala 1,73.3
17,45,5.0,12.0,0.8315453313427965,0.543177874874176,18.0,5.0,179,34,Pala 1,71.4
13,49,5.0,12.0,0.6150849664876834,0.8822910389513379,18.0,5.0,84,85,Pala 1,63.5
9,2,5.0,12.0,0.6969923315984384,0.9723316784622913,18.0,5.0,40,147,Pala 2,38.1
45,21,5.0,12.0,0.2944307779494544,0.147635185121485,18.0,5.0,84,178,Pala 2,81.7
12,18,5.0,12.0,0.5486383916955772,0.39482775165562656,18.0,5.0,158,87,Pala 1,53.5
30,34,5.0,12.0,0.6340369734136087,0.6649810252380308,18.0,5.0,178,122,Pala 1,103.7
29,11,5.0,12.0,0.589094675816581,0.3054887554003497,18.0,5.0,37,60,Pala 2,56.0
2,4,5.0,12.0,0.9151937114245665,0.26703233772149515,18.0,5.0,177,136,Pala 1,31.2
29,9,5.0,12.0,0.8982726644925535,0.8137385606288366,18.0,5.0,110,74,Pala 2,52.8
5,40,5.0,12.0,0.9709840578768706,0.9803784690587429,18.0,5.0,108,31,Pala 1,48.7
28,32,5.0,12.0,0.6674280060069894,0.7738033312474814,18.0,5.0,94,91,Pala 1,99.6
7,12,5.0,12.0,0.9719141301256846,0.5236766228041135,18.0,5.0,89,178,Pala 1,45.3
43,34,5.0,12.0,0.8324780000319089,0.4425112319453147,18.0,5.0,124,115,Pala 2,116.2
44,31,5.0,12.0,0.2708321403399593,0.5396477205303649,18.0,5.0,85,42,Pala 2,106.3
42,10,5.0,12.0,0.4274356695512971,0.46283970218773585,18.0,5.0,157,48,Pala 2,52.0
43,47,5.0,12.0,0.2383924421890098,0.5028880567856681,18.0,5.0,151,153,Pala 1,128.3
32,37,5.0,12.0,0.004197160830565205,0.20345305052922769,18.0,5.0,60,131,Pala 1,91.0
16,23,5.0,12.0,0.1880487531469086,0.9037419493093276,18.0,5.0,114,133,Pala 1,61.9
47,34,5.0,12.0,0.004060586286875667,0.7545350015232681,18.0,5.0,116,78,Pala 2,112.0
10,18,5.0,12.0,0.71983846135049,0.68097742269322,18.0,5.0,155,32,Pala 1,55.3
12,5,5.0,12.0,0.42553429772119955,0.9499249709744731,18.0,5.0,110,100,Pala 2,47.3
49,39,5.0,12.0,0.31257472707785827,0.284394331912838,18.0,5.0,51,44,Pala 2,124.6
10,44,5.0,12.0,0.7617208910951879,0.08115941089361423,18.0,5.0,85,67,Pala 1,47.3
30,43,5.0,12.0,0.832486774619645,0.8261386603553317,18.0,5.0,115,90,Pala 1,104.3
27,41,5.0,12.0,0.97529953864988,0.9984169636492549,18.0,5.0,152,39,Pala 1,100.2
43,34,5.0,12.0,0.6420135846752412,0.5784324380201994,18.0,5.0,140,129,Pala 2,115.6
5,3,5.0,12.0,0.4615289585400517,0.058809387912681865,18.0,5.0,37,130,Pala 1,29.5
40,32,5.0,12.0,0.3052643016074359,0.7804680401549412,18.0,5.0,91,152,Pala 2,114.2
15,12,5.0,12.0,0.2223182092142263,0.07374904884584155,18.0,5.0,107,71,Pala 1,51.2
3,35,5.0,12.0,0.2129259504826012,0.5400139862592812,18.0,5.0,51,69,Pala 1,21.9
34,42,5.0,12.0,0.40918937471979877,0.27753247421052707,18.0,5.0,44,53,Pala 1,106.1
47,18,5.0,12.0,0.9917863552879298,0.9150267805923954,18.0,5.0,179,98,Pala 2,79.0
25,42,5.0,12.0,0.0008536974374032669,0.451331213259485,18.0,5.0,60,114,Pala 1,75.3
11,11,5.0,12.0,0.1972058972310008,0.8984633484785534,18.0,5.0,116,177,Pala 1,49.0
10,10,5.0,12.0,0.18839298240357383,0.29908108525456756,18.0,5.0,98,58,Pala 1,45.8
36,5,5.0,12.0,0.7171194855322923,0.38736258382135125,18.0,5.0,138,66,Pala 2,43.4
24,11,5.0,12.0,0.3524847275980618,0.9471191882470805,18.0,5.0,110,49,Pala 2,58.1
17,26,5.0,12.0,0.4572608045918206,0.20131445093163536,18.0,5.0,69,175,Pala 1,62.7
18,40,5.0,12.0,0.14862413046990497,0.5785011516511451,18.0,5.0,98,33,Pala 1,60.3
22,24,5.0,12.0,0.4049970388769477,0.38851032856011136,18.0,5.0,100,168,Pala 1,75.6
37,41,5.0,12.0,0.10319981190583605,0.7741668850687273,18.0,5.0,93,115,Pala 1,113.9
17,2,5.0,12.0,0.5330432878885831,0.1292963711713574,18.0,5.0,37,81,Pala 2,33.5
25,2,5.0,12.0,0.09793836538285594,0.4372149690046685,18.0,5.0,100,72,Pala 2,28.9
5,19,5.0,12.0,0.7905083811731562,0.6989326268452631,18.0,5.0,115,171,Pala 1,41.8
3,27,5.0,12.0,0.5666017175404895,0.4070162350061598,18.0,5.0,73,151,Pala 1,33.0
43,22,5.0,12.0,0.7239678737735169,0.05853173927537669,18.0,5.0,67,161,Pala 2,84.9
28,47,5.0,12.0,0.41851638665268387,0.7051122613353439,18.0,5.0,146,173,Pala 1,95.8
33,2,5.0,12.0,0.3814912932422273,0.5031983276849831,18.0,5.0,178,106,Pala 2,32.7
16,41,5.0,12.0,0.0982088890488636,0.011308686680100544,18.0,5.0,33,177,Pala 1,54.3
42,23,5.0,12.0,0.5238556070428226,0.612655895228373,18.0,5.0,84,112,Pala 2,88.3
42,42,5.0,12.0,0.514502164857092,0.9198810225287865,18.0,5.0,122,178,Pala 2,131.6
15,39,5.0,12.0,0.46810204444960535,0.11102594821168899,18.0,5.0,88,98,Pala 1,57.3
1,5,5.0,12.0,0.7405183646824492,0.590671235009169,18.0,5.0,123,43,Pala 1,31.1
33,19,5.0,12.0,0.8325044000323545,0.7286688817626303,18.0,5.0,96,99,Pala 2,76.9
7,10,5.0,12.0,0.7507896749485081,0.07077367014030544,18.0,5.0,34,34,Pala 1,36.1
12,31,5.0,12.0,0.14386574280684383,0.02261545816418631,18.0,5.0,112,31,Pala 1,44.3
41,26,5.0,12.0,0.6220595092821081,0.4641958666449473,18.0,5.0,101,35,Pala 2,90.5
7,20,5.0,12.0,0.08032310568953338,0.7911866872343638,18.0,5.0,156,63,Pala 1,39.0
29,43,5.0,12.0,0.6946222874404765,0.16071941009932833,18.0,5.0,66,51,Pala 1,95.4
31,47,5.0,12.0,0.3818390965611267,0.8366372722149229,18.0,5.0,56,161,Pala 1,103.1
35,49,5.0,12.0,0.1324989562662866,0.6565772554235961,18.0,5.0,42,142,Pala 1,103.4
46,12,5.0,12.0,0.8620508569761278,0.33217328778848565,18.0,5.0,163,163,Pala 2,60.4
29,21,5.0,12.0,0.6140083390389374,0.5158257984924495,18.0,5.0,94,96,Pala 2,81.0
0,34,5.0,12.0,0.3547249679475275,0.9655749797267384,18.0,5.0,70,106,Pala 1,24.8
42,46,5.0,12.0,0.030727179650499536,0.2164369706323388,18.0,5.0,44,119,Pala 1,113.2
38,21,5.0,12.0,0.5373102590036105,0.4995353977440402,18.0,5.0,162,145,Pala 2,80.4
16,27,5.0,12.0,0.9232258784862326,0.6244865561076207,18.0,5.0,44,116,Pala 1,69.1
19,20,5.0,12.0,0.5963798327023657,0.13801460547566624,18.0,5.0,30,97,Pala 1,66.6
23,45,5.0,12.0,0.9716506046194932,0.04352208862330964,18.0,5.0,44,130,Pala 1,82.4
49,17,5.0,12.0,0.13645111827045853,0.013459952931471286,18.0,5.0,77,86,Pala 2,64.7
21,30,5.0,12.0,0.5683051045948369,0.32469285660001623,18.0,5.0,101,163,Pala 1,73.2
28,45,5.0,12.0,0.7981250480064295,0.07394729448486537,18.0,5.0,146,100,Pala 1,93.5
21,36,5.0,12.0,0.5255407311257162,0.8037699525411146,18.0,5.0,56,132,Pala 1,79.7
43,20,5.0,12.0,0.09106635598747259,0.997319527161746,18.0,5.0,89,162,Pala 2,78.9
8,13,5.0,12.0,0.5828860015472177,0.061303821734464026,18.0,5.0,95,89,Pala 1,41.3
36,24,5.0,12.0,0.6117379058424717,0.4327262759334396,18.0,5.0,81,174,Pala 2,90.5
9,26,5.0,12.0,0.7287092484753526,0.025732122982574768,18.0,5.0,110,138,Pala 1,44.9
35,39,5.0,12.0,0.7612115151654739,0.13399089075726323,18.0,5.0,64,130,Pala 1,106.0
36,22,5.0,12.0,0.7707726882106072,0.32292256091067406,18.0,5.0,150,38,Pala 2,81.4
27,30,5.0,12.0,0.663444393638966,0.39369821305764985,18.0,5.0,71,161,Pala 1,90.2
27,46,5.0,12.0,0.21581118641865815,0.9397829464286401,18.0,5.0,74,103,Pala 1,91.1
41,28,5.0,12.0,0.40423575583947935,0.39583680875689586,18.0,5.0,81,125,Pala 2,97.7
42,46,5.0,12.0,0.7761299726143986,0.4962776590574022,18.0,5.0,58,158,Pala 1,131.2
20,29,5.0,12.0,0.9534269834008132,0.2455833682738664,18.0,5.0,86,116,Pala 1,75.9
23,25,5.0,12.0,0.078946964836622,0.00012513875657549356,18.0,5.0,48,144,Pala 1,70.7
41,19,5.0,12.0,0.5355366777971948,0.8993344567331352,18.0,5.0,37,174,Pala 2,75.7
39,37,5.0,12.0,0.31252227132430643,0.08171475703630482,18.0,5.0,164,145,Pala 1,113.8
1,18,5.0,12.0,0.22539389431682977,0.9642488410362291,18.0,5.0,168,157,Pala 1,27.1
7,26,5.0,12.0,0.505810683519715,0.13084410410026026,18.0,5.0,95,120,Pala 1,36.9
47,24,5.0,12.0,0.6060893405565367,0.6048784807504403,18.0,5.0,112,108,Pala 2,87.3
26,39,5.0,12.0,0.009772231419481248,0.999410587856637,18.0,5.0,57,147,Pala 1,83.0
21,37,5.0,12.0,0.7802065722011909,0.13846459606967587,18.0,5.0,118,36,Pala 1,74.6
36,22,5.0,12.0,0.8198821312594476,0.42394308493982424,18.0,5.0,104,162,Pala 2,88.1
26,28,5.0,12.0,0.965510824567933,0.7804236689714765,18.0,5.0,69,145,Pala 1,98.0
28,14,5.0,12.0,0.18064373322469496,0.032190149849968264,18.0,5.0,159,132,Pala 2,61.7
2,2,5.0,12.0,0.594552562360948,0.6897827511400445,18.0,5.0,105,82,Pala 1,32.9
43,9,5.0,12.0,0.4266253734763945,0.08037333789079948,18.0,5.0,105,148,Pala 2,49.0
12,14,5.0,12.0,0.33482785155535066,0.23652014227322637,18.0,5.0,143,32,Pala 1,49.2
44,15,5.0,12.0,0.5656334514375047,0.16007616249336043,18.0,5.0,124,91,Pala 2,63.1
9,16,5.0,12.0,0.7823830932235503,0.9073364316469362,18.0,5.0,83,61,Pala 1,52.0
35,18,5.0,12.0,0.023052783445210112,0.18045671678168085,18.0,5.0,174,31,Pala 2,73.9
8,10,5.0,12.0,0.9694001125661867,0.0404340955151572,18.0,5.0,169,109,Pala 1,46.3
26,47,5.0,12.0,0.8098815857057108,0.5876256784477621,18.0,5.0,31,153,Pala 1,89.7
33,4,5.0,12.0,0.7511537036455784,0.346180925409702,18.0,5.0,109,110,Pala 2,40.9
0,4,5.0,12.0,0.7603873821805035,0.4057062206413664,18.0,5.0,94,82,Pala 1,23.7
31,13,5.0,12.0,0.3890607096186526,0.11906274486254698,18.0,5.0,81,169,Pala 2,61.9
24,49,5.0,12.0,0.7516205508448137,0.7482344914331945,18.0,5.0,63,153,Pala 1,87.9
28,25,5.0,12.0,0.38677020860295763,0.601553649643518,18.0,5.0,74,162,Pala 1,92.4
6,7,5.0,12.0,0.8987068295747931,0.36421704474828,18.0,5.0,158,33,Pala 1,44.7
48,4,5.0,12.0,0.17722238330646967,0.17157494376313598,18.0,5.0,129,85,Pala 2,35.2
2,6,5.0,12.0,0.2923474242151515,0.5934517391705604,18.0,5.0,81,109,Pala 1,28.6
19,15,5.0,12.0,0.5513375426990761,0.7785972795073773,18.0,5.0,96,74,Pala 2,66.5
19,13,5.0,12.0,0.3192110358872725,0.3123972838671949,18.0,5.0,127,177,Pala 2,61.7
29,36,5.0,12.0,0.4242372452952734,0.025860383538597098,18.0,5.0,105,82,Pala 1,90.8
34,40,5.0,12.0,0.4924226893985947,0.214343984752984,18.0,5.0,85,102,Pala 1,106.4
34,3,5.0,12.0,0.8563533488135087,0.6823978188928292,18.0,5.0,138,45,Pala 2,35.9
48,35,5.0,12.0,0.5231922536086928,0.9890963774569227,18.0,5.0,79,122,Pala 2,118.7
38,47,5.0,12.0,0.3624598486145605,0.013376239408776525,18.0,5.0,130,142,Pala 1,115.5
26,16,5.0,12.0,0.24773616403511578,0.30615356213210076,18.0,5.0,148,59,Pala 2,63.8
25,46,5.0,12.0,0.4086759787921972,0.06202087044883886,18.0,5.0,169,49,Pala 1,80.5
13,35,5.0,12.0,0.5157361044143699,0.31634928776303217,18.0,5.0,144,135,Pala 1,57.4
16,5,5.0,12.0,0.7461148572032363,0.40591434312742125,18.0,5.0,102,116,Pala 2,44.2
17,15,5.0,12.0,0.12104877617233867,0.920862091946255,18.0,5.0,85,65,Pala 2,65.2
44,28,5.0,12.0,0.22160918823915088,0.08056079940497873,18.0,5.0,79,51,Pala 2,94.4
28,35,5.0,12.0,0.3796540158686732,0.77713405306577,18.0,5.0,32,158,Pala 1,92.8
19,37,5.0,12.0,0.3603984051195146,0.39553439606296337,18.0,5.0,93,50,Pala 1,71.3
26,36,5.0,12.0,0.39174808760521174,0.8112628496669277,18.0,5.0,83,34,Pala 1,89.5
17,47,5.0,12.0,0.7935212646403246,0.5134021853256213,18.0,5.0,65,149,Pala 1,70.2
3,47,5.0,12.0,0.3241544029621731,0.03928203884341008,18.0,5.0,73,111,Pala 1,26.8
0,9,5.0,12.0,0.5018981804026647,0.9462058847148388,18.0,5.0,148,108,Pala 1,27.2
49,40,5.0,12.0,0.6239070328578965,0.08273406343452183,18.0,5.0,122,74,Pala 2,126.3
0,35,5.0,12.0,0.23217855018360511,0.5976835025337561,18.0,5.0,170,172,Pala 1,23.1
25,28,5.0,12.0,0.7186953871475389,0.8776677629335158,18.0,5.0,161,87,Pala 1,91.9
44,13,5.0,12.0,0.547111319738281,0.07976979775019388,18.0,5.0,99,74,Pala 2,55.9
19,3,5.0,12.0,0.44678116303137805,0.5538933884160129,18.0,5.0,131,67,Pala 2,31.3
22,43,5.0,12.0,0.8097840267383138,0.8242898755244522,18.0,5.0,40,80,Pala 1,78.0
9,41,5.0,12.0,0.243495259185182,0.9863247086457958,18.0,5.0,139,53,Pala 1,44.6
10,35,5.0,12.0,0.8831759706143232,0.7243274008140212,18.0,5.0,90,120,Pala 1,53.3
40,49,5.0,12.0,0.5610487353667037,0.27833437546329365,18.0,5.0,161,176,Pala 1,123.8
40,44,5.0,12.0,0.6091748793796582,0.6995703298454095,18.0,5.0,45,54,Pala 1,124.8
4,12,5.0,12.0,0.8750589641689428,0.7057667693076394,18.0,5.0,36,99,Pala 1,40.6
0,45,5.0,12.0,0.817582687849336,0.6999660121046174,18.0,5.0,40,78,Pala 1,29.2
16,17,5.0,12.0,0.6015620688219003,0.8542604370931057,18.0,5.0,93,46,Pala 1,67.9
21,32,5.0,12.0,0.7531877038481741,0.08738006251949093,18.0,5.0,157,178,Pala 1,75.8
33,20,5.0,12.0,0.43331949023289684,0.10841984541543337,18.0,5.0,35,72,Pala 2,75.5
44,15,5.0,12.0,0.5473777534997463,0.640617124225558,18.0,5.0,149,111,Pala 2,67.1
40,14,5.0,12.0,0.06207013670851114,0.9538810960981878,18.0,5.0,77,179,Pala 2,65.1
28,4,5.0,12.0,0.08985791800004683,0.46583863891924593,18.0,5.0,98,92,Pala 2,34.8
3,5,5.0,12.0,0.829425404186332,0.9605627016256751,18.0,5.0,150,53,Pala 2,42.3
4,37,5.0,12.0,0.05967165568249666,0.938085259516154,18.0,5.0,35,62,Pala 1,32.7
10,2,5.0,12.0,0.16939912563260728,0.9029097382343195,18.0,5.0,114,46,Pala 2,34.4
20,47,5.0,12.0,0.7958326589504415,0.9098509748640853,18.0,5.0,139,73,Pala 1,82.1
34,11,5.0,12.0,0.001145950628256287,0.898318793327986,18.0,5.0,57,136,Pala 2,57.7
11,35,5.0,12.0,0.2824043288458643,0.8198893835391822,18.0,5.0,138,128,Pala 1,52.5
25,32,5.0,12.0,0.5840386578266218,0.6949789586053303,18.0,5.0,162,58,Pala 1,88.9
18,35,5.0,12.0,0.5954499314692966,0.024408178592608243,18.0,5.0,110,41,Pala 1,63.6
44,32,5.0,12.0,0.7771529082294736,0.13225359215605248,18.0,5.0,130,129,Pala 2,114.1
6,30,5.0,12.0,0.5059262544921704,0.13423205453146714,18.0,5.0,87,156,Pala 1,35.5
46,20,5.0,12.0,0.5094018695309703,0.023540284279589874,18.0,5.0,53,166,Pala 2,80.6
6,26,5.0,12.0,0.7253105755407004,0.11670176842363666,18.0,5.0,97,115,Pala 1,38.7
25,26,5.0,12.0,0.4986244632662835,0.9197464335671063,18.0,5.0,136,82,Pala 1,88.3
39,7,5.0,12.0,0.6084910865636168,0.663804286910786,18.0,5.0,39,90,Pala 2,47.0
4,36,5.0,12.0,0.897774068255051,0.31207301829542244,18.0,5.0,178,142,Pala 1,39.2
20,31,5.0,12.0,0.40145100761237196,0.79336001223668,18.0,5.0,50,77,Pala 1,72.8
13,25,5.0,12.0,0.3851250709192222,0.48836948695485094,18.0,5.0,153,137,Pala 1,53.5
3,1,5.0,12.0,0.0035489918647713115,0.14212703691587658,18.0,5.0,142,108,Pala 1,21.9
22,11,5.0,12.0,0.6134262615212319,0.8845020812264927,18.0,5.0,126,76,Pala 2,57.3
41,21,5.0,12.0,0.02977190740713198,0.3386619462364725,18.0,5.0,167,96,Pala 2,79.9
19,16,5.0,12.0,0.5041484897283163,0.6988592305298942,18.0,5.0,111,93,Pala 2,67.0
14,6,5.0,12.0,0.8042337890322266,0.2905941604996074,18.0,5.0,126,151,Pala 2,46.0
49,42,5.0,12.0,0.5499210705196631,0.5000712506738,18.0,5.0,122,174,Pala 2,137.7
44,3,5.0,12.0,0.269636165216676,0.8162527115304155,18.0,5.0,124,73,Pala 2,39.1
28,36,5.0,12.0,0.7861684214493713,0.1567773464243677,18.0,5.0,53,34,Pala 1,94.3
7,37,5.0,12.0,0.26971700408253885,0.9772513952392784,18.0,5.0,153,123,Pala 1,42.3
40,31,5.0,12.0,0.7330317809458987,0.0702159228607262,18.0,5.0,169,108,Pala 2,105.4
47,10,5.0,12.0,0.6102584551902313,0.5340089097405041,18.0,5.0,177,68,Pala 2,51.3
18,0,5.0,12.0,0.1699962967480012,0.916025519351948,18.0,5.0,165,131,Pala 2,31.7
47,24,5.0,12.0,0.9051338748441857,0.9456938848825254,18.0,5.0,107,121,Pala 2,94.3
38,41,5.0,12.0,0.2006436829571957,0.232108962879776,18.0,5.0,162,50,Pala 1,114.6
45,23,5.0,12.0,0.9895870741406698,0.14398498121480863,18.0,5.0,83,103,Pala 2,88.7
27,42,5.0,12.0,0.007310488654940772,0.724403000317891,18.0,5.0,65,57,Pala 1,82.6
45,16,5.0,12.0,0.26348337714290304,0.041973568276237105,18.0,5.0,141,178,Pala 2,65.2
26,7,5.0,12.0,0.19986029727419885,0.48523896903031427,18.0,5.0,160,142,Pala 2,47.7
3,44,5.0,12.0,0.013993410170462628,0.7963552267931819,18.0,5.0,51,57,Pala 1,29.1
14,26,5.0,12.0,0.7323679001473156,0.5602547245168339,18.0,5.0,37,115,Pala 1,59.4
34,17,5.0,12.0,0.6934258020995963,0.188013265774005,18.0,5.0,155,131,Pala 2,70.5
36,26,5.0,12.0,0.7923509643549305,0.4870442994699632,18.0,5.0,107,48,Pala 2,94.3
0,21,5.0,12.0,0.25669854646456525,0.9212747164488929,18.0,5.0,36,92,Pala 1,21.1
2,15,5.0,12.0,0.44433516708296994,0.6172129780442768,18.0,5.0,97,145,Pala 1,27.3
46,1,5.0,12.0,0.6591135216215475,0.7214906275690198,18.0,5.0,91,67,Pala 2,31.0
23,4,5.0,12.0,0.4397685038881436,0.3362638796625149,18.0,5.0,176,75,Pala 2,35.6
26,17,5.0,12.0,0.6973257703179158,0.18848377516761772,18.0,5.0,136,121,Pala 2,72.5
39,2,5.0,12.0,0.6339734084404421,0.2556422298996036,18.0,5.0,53,38,Pala 2,35.4
35,26,5.0,12.0,0.11464780302217648,0.5331775937602949,18.0,5.0,163,38,Pala 2,91.2
33,16,5.0,12.0,0.781043121076968,0.28022015361070374,18.0,5.0,165,50,Pala 2,71.6
28,15,5.0,12.0,0.7206763590925183,0.5419647874261011,18.0,5.0,118,53,Pala 2,70.5
23,5,5.0,12.0,0.6558343876174053,0.7077919273761769,18.0,5.0,136,124,Pala 2,42.6
23,6,5.0,12.0,0.15509360627100233,0.7343958761703014,18.0,5.0,70,122,Pala 2,46.8
41,49,5.0,12.0,0.26799644879536366,0.16468493966109343,18.0,5.0,139,69,Pala 1,121.2
3,13,5.0,12.0,0.3931770315876004,0.7504308488338631,18.0,5.0,160,161,Pala 1,31.5
2,37,5.0,12.0,0.2799296216564434,0.6726881395923591,18.0,5.0,38,160,Pala 1,24.2
33,39,5.0,12.0,0.22781029067613146,0.012005133368706677,18.0,5.0,111,170,Pala 1,101.0
48,14,5.0,12.0,0.8053576701617757,0.058872175089750844,18.0,5.0,123,50,Pala 2,60.1
22,46,5.0,12.0,0.6382322463602024,0.6462495018603803,18.0,5.0,162,37,Pala 1,87.4
22,46,5.0,12.0,0.5654721315502503,0.38370389956370965,18.0,5.0,145,149,Pala 1,80.7
44,47,5.0,12.0,0.22595271085325386,0.1461039995756659,18.0,5.0,56,139,Pala 1,128.0
4,32,5.0,12.0,0.9180765622686413,0.044396559169633254,18.0,5.0,173,158,Pala 1,38.6
30,42,5.0,12.0,0.19118303909731627,0.15939834067243086,18.0,5.0,172,43,Pala 1,92.9
40,26,5.0,12.0,0.7949509328246771,0.9575139643216166,18.0,5.0,54,105,Pala 2,99.0
5,28,5.0,12.0,0.9666726667052931,0.7275656415709697,18.0,5.0,33,65,Pala 1,42.6
36,36,5.0,12.0,0.7270927292242361,0.5277054209342938,18.0,5.0,61,179,Pala 1,114.9
9,4,5.0,12.0,0.9928587751846297,0.9415405000545918,18.0,5.0,64,146,Pala 2,42.7
39,28,5.0,12.0,0.6510511169779467,0.6191104376816039,18.0,5.0,59,74,Pala 2,98.5
6,31,5.0,12.0,0.217460343603895,0.7256451882806673,18.0,5.0,132,173,Pala 1,37.7
38,5,5.0,12.0,0.2038194937165113,0.28265181850587207,18.0,5.0,141,40,Pala 2,37.9
37,1,5.0,12.0,0.32456428425547634,0.5889818435891958,18.0,5.0,78,96,Pala 2,32.1
20,5,5.0,12.0,0.0071300202210060615,0.14347724429784026,18.0,5.0,123,127,Pala 2,38.9
19,45,5.0,12.0,0.6816984700828346,0.4044831451977754,18.0,5.0,112,119,Pala 1,74.7
2,42,5.0,12.0,0.2686677846278276,0.033240324986610115,18.0,5.0,159,142,Pala 1,22.0
21,3,5.0,12.0,0.8151832322927528,0.21662808758268048,18.0,5.0,58,119,Pala 2,36.0
46,28,5.0,12.0,0.35917265055930025,0.07486862942267469,18.0,5.0,147,118,Pala 2,96.9
3,24,5.0,12.0,0.4799564934633127,0.38777881950723136,18.0,5.0,51,40,Pala 1,28.4
27,8,5.0,12.0,0.9656889165603693,0.8430351646384902,18.0,5.0,131,109,Pala 2,50.7
11,2,5.0,12.0,0.2421721230472771,0.3779341063450531,18.0,5.0,48,113,Pala 2,31.8
37,25,5.0,12.0,0.7212540974297396,0.8316396259946434,18.0,5.0,96,135,Pala 2,94.9
35,47,5.0,12.0,0.7551177893054172,0.6564983125788874,18.0,5.0,115,145,Pala 1,111.7
46,42,5.0,12.0,0.22099815752363516,0.5095294466308278,18.0,5.0,47,31,Pala 2,134.2
40,26,5.0,12.0,0.5009968366121956,0.23689169326133053,18.0,5.0,138,83,Pala 2,94.8
4,35,5.0,12.0,0.35020192531296834,0.9221560928441523,18.0,5.0,142,122,Pala 1,32.8
12,31,5.0,12.0,0.7719062434000892,0.054200808842033266,18.0,5.0,162,36,Pala 1,52.2
22,0,5.0,12.0,0.6224833190290374,0.6889130176988153,18.0,5.0,168,69,Pala 2,30.4
49,15,5.0,12.0,0.47598305486054704,0.6212398928093689,18.0,5.0,87,74,Pala 2,68.0
29,47,5.0,12.0,0.7793632650477182,0.4410415222565268,18.0,5.0,47,161,Pala 1,101.7
36,10,5.0,12.0,0.23515557000841703,0.24032095529260533,18.0,5.0,101,136,Pala 2,54.5
24,25,5.0,12.0,0.7536218805843591,0.43069593684526686,18.0,5.0,122,63,Pala 1,90.4
47,39,5.0,12.0,0.8653743120928243,0.8727727255534207,18.0,5.0,179,37,Pala 2,126.4
26,0,5.0,12.0,0.8786215968075725,0.8367661102549542,18.0,5.0,85,61,Pala 2,29.0
13,25,5.0,12.0,0.7836735930196038,0.9413812499770292,18.0,5.0,52,175,Pala 1,63.7
47,27,5.0,12.0,0.40801416699826876,0.307793206625248,18.0,5.0,45,104,Pala 2,91.3
46,8,5.0,12.0,0.981808022717827,0.3871041583688729,18.0,5.0,73,66,Pala 2,50.5
35,43,5.0,12.0,0.3795936438224399,0.018726152659863327,18.0,5.0,101,65,Pala 1,103.4
38,21,5.0,12.0,0.6386253991024257,0.9429499947200082,18.0,5.0,43,39,Pala 2,81.3
15,7,5.0,12.0,0.16107417806946867,0.32939009181726886,18.0,5.0,166,99,Pala 2,41.2
21,48,5.0,12.0,0.9804488986363927,0.40416382153299324,18.0,5.0,104,147,Pala 1,79.6
20,41,5.0,12.0,0.7039859218646632,0.9078046114473945,18.0,5.0,137,124,Pala 1,80.2
20,26,5.0,12.0,0.7533775452463684,0.5265984301668132,18.0,5.0,173,101,Pala 1,79.6
7,38,5.0,12.0,0.06577670341114461,0.566174541755478,18.0,5.0,170,174,Pala 1,36.8
48,18,5.0,12.0,0.7634178142206718,0.17623283815091684,18.0,5.0,65,152,Pala 2,73.6
15,24,5.0,12.0,0.7747234292206013,0.49866002081865446,18.0,5.0,73,90,Pala 1,63.8
30,37,5.0,12.0,0.6717727263622298,0.9182086009087742,18.0,5.0,129,175,Pala 1,104.8
41,20,5.0,12.0,0.29190961379034364,0.558718088107926,18.0,5.0,110,65,Pala 2,76.6
9,23,5.0,12.0,0.4896900421608815,0.25511636463975806,18.0,5.0,43,67,Pala 1,40.2
31,23,5.0,12.0,0.11043437130871647,0.031180864134762842,18.0,5.0,122,173,Pala 2,84.5
33,18,5.0,12.0,0.4715870664591526,0.336301773454068,18.0,5.0,46,133,Pala 2,75.9
8,49,5.0,12.0,0.24382385260040484,0.572590914064458,18.0,5.0,126,121,Pala 1,39.6
16,46,5.0,12.0,0.34909698649408205,0.042613288370830116,18.0,5.0,155,35,Pala 1,55.8
10,1,5.0,12.0,0.1626004084036986,0.6097925772911562,18.0,5.0,83,162,Pala 2,32.9
31,13,5.0,12.0,0.23005436774689703,0.5234138271181128,18.0,5.0,155,121,Pala 2,61.4
9,31,5.0,12.0,0.07656864182011625,0.7834354691665709,18.0,5.0,159,30,Pala 1,40.6
21,41,5.0,12.0,0.9199013664369213,0.02888817227196183,18.0,5.0,174,43,Pala 1,77.2
16,31,5.0,12.0,0.5304106879754034,0.7808473448187374,18.0,5.0,52,112,Pala 1,69.2
3,27,5.0,12.0,0.3967419712627397,0.5208770457581069,18.0,5.0,158,60,Pala 1,28.7
47,47,5.0,12.0,0.5350292127687839,0.37052933277971145,18.0,5.0,41,150,Pala 1,134.2
46,38,5.0,12.0,0.6282932284815527,0.9653829763588241,18.0,5.0,170,108,Pala 2,122.1
24,39,5.0,12.0,0.9218787933693491,0.16011954723605304,18.0,5.0,41,176,Pala 1,86.6
20,41,5.0,12.0,0.17869295228631332,0.5413251190911065,18.0,5.0,86,131,Pala 1,68.2
36,46,5.0,12.0,0.2955524986352176,0.3209814735924784,18.0,5.0,115,61,Pala 1,111.1
37,39,5.0,12.0,0.9757893363441147,0.5274863787953358,18.0,5.0,47,86,Pala 1,117.5
48,12,5.0,12.0,0.3711929866485244,0.5522754525804121,18.0,5.0,132,60,Pala 2,58.8
0,11,5.0,12.0,0.022561650757327634,0.08944824842484578,18.0,5.0,112,87,Pala 1,13.6
24,7,5.0,12.0,0.1476434926371588,0.6611351469183497,18.0,5.0,123,77,Pala 2,41.3
35,14,5.0,12.0,0.026338701748552018,0.6344814959190118,18.0,5.0,172,152,Pala 2,63.7
16,25,5.0,12.0,0.9899231424207284,0.769467274634464,18.0,5.0,107,70,Pala 1,73.3
40,11,5.0,12.0,0.27887084899122305,0.090658493659171,18.0,5.0,102,150,Pala 2,57.1
23,42,5.0,12.0,0.923542756936226,0.2972585469036878,18.0,5.0,162,90,Pala 1,85.2
1,45,5.0,12.0,0.9958862757597158,0.6501105997281013,18.0,5.0,117,161,Pala 1,33.3
39,26,5.0,12.0,0.5998412211431142,0.13673082591560848,18.0,5.0,37,149,Pala 2,93.7
14,17,5.0,12.0,0.033196315065561754,0.6775982107884423,18.0,5.0,176,125,Pala 1,54.3
31,44,5.0,12.0,0.08159163038692696,0.05902671082042299,18.0,5.0,41,141,Pala 1,89.5
38,35,5.0,12.0,0.48158905510787775,0.33493155295962773,18.0,5.0,101,70,Pala 1,113.7
5,48,5.0,12.0,0.40617201291148597,0.8467111223325191,18.0,5.0,165,55,Pala 1,38.5
0,26,5.0,12.0,0.6061773057817677,0.7742912903811602,18.0,5.0,84,48,Pala 1,28.8
46,8,5.0,12.0,0.43884780971136395,0.6447607152270879,18.0,5.0,151,116,Pala 2,47.4
22,38,5.0,12.0,0.9340768492714844,0.8704584166251012,18.0,5.0,122,54,Pala 1,86.8
38,0,5.0,12.0,0.5347397154135111,0.7092695441722005,18.0,5.0,111,76,Pala 2,25.3
16,6,5.0,12.0,0.6937260614624422,0.519375105210803,18.0,5.0,76,37,Pala 2,42.4
33,25,5.0,12.0,0.8964852726424966,0.9797175003857866,18.0,5.0,137,32,Pala 2,93.5
40,6,5.0,12.0,0.14687187583320738,0.6948560797893195,18.0,5.0,64,62,Pala 2,40.0
28,6,5.0,12.0,0.22973465411852856,0.6013671768130031,18.0,5.0,135,141,Pala 2,42.7
8,7,5.0,12.0,0.10731866047401506,0.40887056095356467,18.0,5.0,163,51,Pala 1,39.1
12,15,5.0,12.0,0.13963839922991228,0.9024124985790504,18.0,5.0,166,128,Pala 1,50.3
5,2,5.0,12.0,0.5125839669342331,0.2957090956049928,18.0,5.0,69,127,Pala 2,32.1
5,44,5.0,12.0,0.321179258967464,0.009219594210902682,18.0,5.0,125,59,Pala 1,30.1
19,9,5.0,12.0,0.4231728395267549,0.19674052243235995,18.0,5.0,111,76,Pala 2,53.8
2,49,5.0,12.0,0.9824898317940618,0.10951749194235916,18.0,5.0,66,88,Pala 1,32.0
16,6,5.0,12.0,0.1567043477959481,0.31899377417307206,18.0,5.0,169,43,Pala 2,40.8
48,20,5.0,12.0,0.5408120707980756,0.825878677458455,18.0,5.0,45,102,Pala 2,79.5
11,36,5.0,12.0,0.09887115505365096,0.6515296853650074,18.0,5.0,53,134,Pala 1,46.4
47,30,5.0,12.0,0.3184963132638786,0.1689805892337125,18.0,5.0,174,43,Pala 2,98.7
46,22,5.0,12.0,0.5275259236745986,0.7888217210923385,18.0,5.0,144,78,Pala 2,85.5
44,26,5.0,12.0,0.9466317459653377,0.5042198660994027,18.0,5.0,124,32,Pala 2,92.7
0,21,5.0,12.0,0.391228221283483,0.5127146241182969,18.0,5.0,33,52,Pala 1,20.4
16,38,5.0,12.0,0.06490669621466982,0.3621121809808733,18.0,5.0,79,177,Pala 1,54.2
2,26,5.0,12.0,0.38816144796031693,0.8646163648220234,18.0,5.0,137,138,Pala 1,31.3
25,48,5.0,12.0,0.14574117587397772,0.31832730385579266,18.0,5.0,131,172,Pala 1,77.5
14,3,5.0,12.0,0.2299896132914453,0.09413976066968865,18.0,5.0,160,72,Pala 2,31.0
35,23,5.0,12.0,0.6180906231649904,0.3027289939719451,18.0,5.0,37,100,Pala 2,88.1
31,22,5.0,12.0,0.06742386620368168,0.7153535462678857,18.0,5.0,41,84,Pala 2,80.6
31,47,5.0,12.0,0.46472375625003737,0.6575818868033289,18.0,5.0,95,155,Pala 1,100.0
3,18,5.0,12.0,0.6094615860107644,0.18801715355357784,18.0,5.0,122,111,Pala 1,31.9
17,41,5.0,12.0,0.4218583923674969,0.11178429910494203,18.0,5.0,143,70,Pala 1,60.6
48,2,5.0,12.0,0.01912635062373036,0.6608657584017463,18.0,5.0,47,175,Pala 2,33.5
18,26,5.0,12.0,0.9855193569028654,0.6763768356549122,18.0,5.0,133,160,Pala 1,81.1
42,2,5.0,12.0,0.3671157673405353,0.3661496372105707,18.0,5.0,115,32,Pala 2,32.7
34,27,5.0,12.0,0.7785771869332669,0.8428013835290797,18.0,5.0,122,129,Pala 2,98.5
39,16,5.0,12.0,0.32564649218745323,0.9782052037999168,18.0,5.0,74,173,Pala 2,72.3
13,30,5.0,12.0,0.47501675699341883,0.2056452234493954,18.0,5.0,172,52,Pala 1,48.1
32,9,5.0,12.0,0.38846364261099653,0.5770687157060284,18.0,5.0,172,172,Pala 2,52.3
13,48,5.0,12.0,0.3425392295096077,0.005346329003939165,18.0,5.0,74,156,Pala 1,46.9
33,21,5.0,12.0,0.021851377207778744,0.7130543960262874,18.0,5.0,129,87,Pala 2,76.4
3,29,5.0,12.0,0.3600209378545035,0.4142821135633178,18.0,5.0,91,147,Pala 1,27.5
23,48,5.0,12.0,0.88948999039953,0.19326922690316484,18.0,5.0,113,146,Pala 1,81.4
28,20,5.0,12.0,0.6903933385936837,0.7522219217643762,18.0,5.0,49,111,Pala 2,76.8
18,35,5.0,12.0,0.14542285909543984,0.8106487975560807,18.0,5.0,68,131,Pala 1,64.8
5,22,5.0,12.0,0.5911550046227392,0.1111665011759373,18.0,5.0,158,163,Pala 1,37.1
32,37,5.0,12.0,0.8922308599488715,0.040995761838033995,18.0,5.0,137,137,Pala 1,106.2
48,11,5.0,12.0,0.7000340409648554,0.33407844166911727,18.0,5.0,96,75,Pala 2,58.1
39,24,5.0,12.0,0.14868439235669673,0.6259904657610356,18.0,5.0,76,35,Pala 2,87.0
18,19,5.0,12.0,0.8678324967344967,0.7934195271886331,18.0,5.0,147,152,Pala 1,78.1
0,48,5.0,12.0,0.3015440132888654,0.5460624966304577,18.0,5.0,83,121,Pala 1,21.1
4,48,5.0,12.0,0.4540761443123418,0.5807487763069806,18.0,5.0,177,177,Pala 1,32.0
26,41,5.0,12.0,0.5261427596891464,0.7998582217528911,18.0,5.0,166,48,Pala 1,94.9
15,6,5.0,12.0,0.8505066043781953,0.5288433742187594,18.0,5.0,124,43,Pala 2,43.2
5,28,5.0,12.0,0.9316074951476611,0.6111544902263005,18.0,5.0,57,94,Pala 1,42.9
39,47,5.0,12.0,0.929652877790556,0.5162173399765593,18.0,5.0,93,125,Pala 1,131.2
12,28,5.0,12.0,0.00795418127854064,0.880458233367704,18.0,5.0,64,75,Pala 1,48.4
47,12,5.0,12.0,0.9218884855854572,0.23551661858508888,18.0,5.0,69,45,Pala 2,59.9
34,2,5.0,12.0,0.054386966001572334,0.26399358454050936,18.0,5.0,154,137,Pala 2,32.6
18,1,5.0,12.0,0.26577365681743537,0.12796146160182575,18.0,5.0,131,168,Pala 2,30.6
11,15,5.0,12.0,0.5149878547278329,0.8194667514944217,18.0,5.0,31,47,Pala 1,53.9
15,29,5.0,12.0,0.47992568900439403,0.41177729056235735,18.0,5.0,160,137,Pala 1,61.4
42,37,5.0,12.0,0.604709793887392,0.3478939408812438,18.0,5.0,43,98,Pala 2,121.4
9,5,5.0,12.0,0.4794462287370058,0.9813487170871562,18.0,5.0,128,149,Pala 2,41.5
24,44,5.0,12.0,0.9343756796404208,0.9268033664397854,18.0,5.0,97,117,Pala 1,95.6
19,6,5.0,12.0,0.240548848214587,0.9719876821247614,18.0,5.0,76,119,Pala 2,43.2
30,4,5.0,12.0,0.27402469403848584,0.14229899675869284,18.0,5.0,123,45,Pala 2,33.9
3,6,5.0,12.0,0.9207379356930562,0.8912518131481663,18.0,5.0,80,131,Pala 1,39.3
43,33,5.0,12.0,0.07673951374525623,0.3287095993874515,18.0,5.0,77,163,Pala 2,113.8
22,31,5.0,12.0,0.6095608219048099,0.012656770211862511,18.0,5.0,106,154,Pala 1,74.6
1,48,5.0,12.0,0.6817359520656108,0.39129833598306873,18.0,5.0,154,149,Pala 1,28.2
21,12,5.0,12.0,0.5055417234297395,0.5091963531380597,18.0,5.0,142,105,Pala 2,62.6
36,29,5.0,12.0,0.6942318788231372,0.10822042356740535,18.0,5.0,39,102,Pala 2,103.1
7,24,5.0,12.0,0.172754646011967,0.5376776168742563,18.0,5.0,164,70,Pala 1,37.2
6,20,5.0,12.0,0.8526322327715399,0.8194635841767315,18.0,5.0,145,135,Pala 1,49.6
13,20,5.0,12.0,0.14002568946988558,0.377650950839194,18.0,5.0,46,150,Pala 1,51.5
2,27,5.0,12.0,0.4008124443157497,0.3526448065343022,18.0,5.0,51,118,Pala 1,24.6
49,47,5.0,12.0,0.0752576013082058,0.3388104202306774,18.0,5.0,88,147,Pala 1,138.5
15,19,5.0,12.0,0.5452110788174002,0.9230944458836919,18.0,5.0,73,95,Pala 1,60.4
18,33,5.0,12.0,0.6697458074256392,0.0487580987901991,18.0,5.0,40,75,Pala 1,67.2
17,4,5.0,12.0,0.9412216350952906,0.4450761419929553,18.0,5.0,71,137,Pala 2,38.4
15,17,5.0,12.0,0.7393361958960009,0.26459945414971686,18.0,5.0,52,33,Pala 1,61.2
7,38,5.0,12.0,0.5411029164541511,0.8938070253874942,18.0,5.0,147,179,Pala 1,51.2
32,42,5.0,12.0,0.9326170171703337,0.09605226358380392,18.0,5.0,91,167,Pala 1,103.7
48,10,5.0,12.0,0.47843683804087656,0.4114427666804108,18.0,5.0,140,124,Pala 2,53.3
11,16,5.0,12.0,0.5612056530988694,0.4068161520310857,18.0,5.0,83,135,Pala 1,52.6
10,47,5.0,12.0,0.5960985276700957,0.8883944175470226,18.0,5.0,111,109,Pala 1,52.7
4,44,5.0,12.0,0.40997972588656684,0.21549344504096946,18.0,5.0,148,80,Pala 1,33.9
26,21,5.0,12.0,0.8384826905658241,0.6448954103016111,18.0,5.0,138,163,Pala 2,82.8
11,36,5.0,12.0,0.18517593884505912,0.13440612688778908,18.0,5.0,141,150,Pala 1,45.9
16,19,5.0,12.0,0.554842190371608,0.9539757140805427,18.0,5.0,42,33,Pala 1,64.8
5,47,5.0,12.0,0.722233256187194,0.5930149592722859,18.0,5.0,97,120,Pala 1,41.5
32,47,5.0,12.0,0.9039761718765772,0.6262567303206703,18.0,5.0,136,83,Pala 1,107.9
4,47,5.0,12.0,0.8839183964342784,0.4337734016604722,18.0,5.0,56,32,Pala 1,36.3
27,45,5.0,12.0,0.5087402894301419,0.34228271266632226,18.0,5.0,144,59,Pala 1,88.5
13,5,5.0,12.0,0.6431614511633417,0.2126764294948763,18.0,5.0,103,105,Pala 2,40.8
4,33,5.0,12.0,0.394237736129301,0.6039877538322589,18.0,5.0,121,70,Pala 1,30.8
32,13,5.0,12.0,0.4681777628802003,0.954561745348238,18.0,5.0,114,135,Pala 2,62.8
49,47,5.0,12.0,0.9062657925730495,0.359790954092403,18.0,5.0,145,88,Pala 2,148.8
47,22,5.0,12.0,0.930703993192474,0.8831568886620542,18.0,5.0,104,69,Pala 2,87.6
40,19,5.0,12.0,0.8954140580670197,0.14877631284724968,18.0,5.0,113,74,Pala 2,74.9
18,12,5.0,12.0,0.13837086181363822,0.9361260208818007,18.0,5.0,112,179,Pala 2,58.5
21,46,5.0,12.0,0.8500840213306362,0.35048628389807657,18.0,5.0,167,44,Pala 1,75.4
4,43,5.0,12.0,0.9483637310214803,0.37972721159334566,18.0,5.0,44,46,Pala 1,33.5
1,40,5.0,12.0,0.3612496945736047,0.46284225703432824,18.0,5.0,74,137,Pala 1,21.9
29,31,5.0,12.0,0.5186462894216692,0.7182442699476502,18.0,5.0,111,54,Pala 1,95.9
46,25,5.0,12.0,0.7790952558129959,0.7196534336890352,18.0,5.0,36,72,Pala 2,93.5
38,49,5.0,12.0,0.5620781375656487,0.47958858471966526,18.0,5.0,107,90,Pala 1,117.9
3,13,5.0,12.0,0.9934835217062494,0.5231528993139359,18.0,5.0,59,160,Pala 1,37.7
32,35,5.0,12.0,0.45571336515682836,0.03001048777414117,18.0,5.0,147,57,Pala 1,99.7
12,7,5.0,12.0,0.7139427112073776,0.30429670155832567,18.0,5.0,78,136,Pala 2,49.0
19,39,5.0,12.0,0.7925911401965442,0.34601707423060946,18.0,5.0,130,153,Pala 1,75.6
6,21,5.0,12.0,0.49410041575843944,0.5587272687257594,18.0,5.0,110,113,Pala 1,38.7
14,21,5.0,12.0,0.8569838057113758,0.5582997673713045,18.0,5.0,59,178,Pala 1,64.5
22,15,5.0,12.0,0.5461545912071964,0.7098997977278731,18.0,5.0,32,56,Pala 2,67.9
13,26,5.0,12.0,0.4116507968016314,0.7170272962180809,18.0,5.0,66,112,Pala 1,56.3
22,9,5.0,12.0,0.10782367385194702,0.235210724212083,18.0,5.0,59,129,Pala 2,50.8
18,24,5.0,12.0,0.3934135763504242,0.7701871511048247,18.0,5.0,83,105,Pala 1,65.4
28,30,5.0,12.0,0.7339364547332842,0.01960356804628205,18.0,5.0,142,64,Pala 1,97.9
19,20,5.0,12.0,0.9212864116801073,0.7161618846067205,18.0,5.0,115,126,Pala 1,80.7
28,26,5.0,12.0,0.2516794038603103,0.1020611035194231,18.0,5.0,129,129,Pala 1,90.3
23,16,5.0,12.0,0.3552355173305026,0.729648208421219,18.0,5.0,114,42,Pala 2,68.4
17,32,5.0,12.0,0.1539609941044262,0.5271180905684043,18.0,5.0,164,177,Pala 1,63.7
9,30,5.0,12.0,0.6907228942289688,0.43725450068309213,18.0,5.0,37,35,Pala 1,46.7
40,49,5.0,12.0,0.9601884300099253,0.690666389761429,18.0,5.0,115,176,Pala 1,131.2
7,41,5.0,12.0,0.6409522198481755,0.03637083374723271,18.0,5.0,92,103,Pala 1,38.9
25,25,5.0,12.0,0.6170765300062263,0.22347032567557834,18.0,5.0,122,39,Pala 1,86.2
28,20,5.0,12.0,0.5534899305004339,0.616440142467654,18.0,5.0,167,50,Pala 2,79.3
9,35,5.0,12.0,0.08845574068553652,0.847215406630818,18.0,5.0,78,156,Pala 1,42.1
16,0,5.0,12.0,0.7295038264293836,0.38110763694511696,18.0,5.0,150,85,Pala 2,30.0
1,3,5.0,12.0,0.6020495435493508,0.2587614726335571,18.0,5.0,68,86,Pala 1,23.1
5,3,5.0,12.0,0.661476768856287,0.5187364357889943,18.0,5.0,63,159,Pala 1,37.7
4,25,5.0,12.0,0.8988110930274216,0.6223152523868414,18.0,5.0,131,68,Pala 1,37.3
27,3,5.0,12.0,0.7839607870610179,0.42010303140574645,18.0,5.0,39,90,Pala 2,31.8
40,48,5.0,12.0,0.7809152521545261,0.876710682659755,18.0,5.0,38,139,Pala 1,128.1
4,8,5.0,12.0,0.9271837688793476,0.5234387088600134,18.0,5.0,125,175,Pala 1,37.7
17,29,5.0,12.0,0.9899349514629996,0.035823587570585014,18.0,5.0,162,43,Pala 1,73.4
25,44,5.0,12.0,0.5812827319610596,0.22305395470619038,18.0,5.0,168,88,Pala 1,86.9
19,3,5.0,12.0,0.10888161603116575,0.45064703091781455,18.0,5.0,71,138,Pala 2,35.0
40,4,5.0,12.0,0.4591299077754364,0.6977255190169334,18.0,5.0,109,176,Pala 2,39.3
48,44,5.0,12.0,0.7876011464616444,0.21975224379258884,18.0,5.0,120,70,Pala 2,140.7
26,22,5.0,12.0,0.02772532476184919,0.9762574397174211,18.0,5.0,177,169,Pala 2,83.9
48,15,5.0,12.0,0.05688743835614907,0.3185582581880835,18.0,5.0,30,177,Pala 2,63.5
11,21,5.0,12.0,0.06715778238282133,0.5324802068605884,18.0,5.0,40,154,Pala 1,45.2
6,36,5.0,12.0,0.7310357583283108,0.018966384731041175,18.0,5.0,90,65,Pala 1,38.0
2,7,5.0,12.0,0.5011666285631721,0.8848907214308044,18.0,5.0,108,50,Pala 1,33.9
9,47,5.0,12.0,0.3688979435205936,0.7888346535251834,18.0,5.0,133,85,Pala 1,45.9
33,32,5.0,12.0,0.10561704526173599,0.19545800429559268,18.0,5.0,77,70,Pala 1,100.3
24,37,5.0,12.0,0.7322402502058891,0.9332366912398429,18.0,5.0,111,156,Pala 1,89.0
34,42,5.0,12.0,0.3210198105508997,0.31583976379740464,18.0,5.0,57,135,Pala 1,100.2
15,15,5.0,12.0,0.2653240700646672,0.6921862883801171,18.0,5.0,118,115,Pala 1,58.2
1,4,5.0,12.0,0.6523192015535509,0.8189763180165999,18.0,5.0,104,67,Pala 1,30.2
23,15,5.0,12.0,0.5590108925968418,0.7409144612371809,18.0,5.0,109,175,Pala 2,67.6
9,6,5.0,12.0,0.3624106418133016,0.9175827840298412,18.0,5.0,65,37,Pala 2,43.5
37,0,5.0,12.0,0.6414874708055881,0.8642747603407085,18.0,5.0,116,177,Pala 2,30.6
21,8,5.0,12.0,0.2712215203841182,0.9946115140916101,18.0,5.0,99,135,Pala 2,49.1
25,17,5.0,12.0,0.7948302616043268,0.18261141257614555,18.0,5.0,136,175,Pala 2,74.6
42,44,5.0,12.0,0.22931895030765392,0.30476180122670005,18.0,5.0,135,137,Pala 1,121.4
38,46,5.0,12.0,0.15883769538201564,0.63622586743163,18.0,5.0,99,159,Pala 1,116.0
26,2,5.0,12.0,0.7824394094988749,0.7330471858915837,18.0,5.0,39,93,Pala 2,36.7
28,23,5.0,12.0,0.7078920306979332,0.5346050545557092,18.0,5.0,34,73,Pala 2,89.5
46,27,5.0,12.0,0.18263897570179843,0.07392836488661492,18.0,5.0,57,130,Pala 2,94.2
37,9,5.0,12.0,0.11624575268993798,0.841595226800382,18.0,5.0,88,135,Pala 2,51.5
19,8,5.0,12.0,0.8383990884866921,0.960874356021272,18.0,5.0,166,94,Pala 2,55.1
26,12,5.0,12.0,0.776598482196688,0.40551684382639475,18.0,5.0,121,94,Pala 2,59.9
40,47,5.0,12.0,0.32725737369966423,0.22481248169884605,18.0,5.0,91,147,Pala 1,116.1
19,34,5.0,12.0,0.6581974082133667,0.019313754962087537,18.0,5.0,118,153,Pala 1,68.8
43,22,5.0,12.0,0.1241601865478108,0.23729903609358527,18.0,5.0,136,137,Pala 2,83.1
18,46,5.0,12.0,0.5070476590476781,0.6999187748384222,18.0,5.0,67,124,Pala 1,68.5
19,16,5.0,12.0,0.018730292060419873,0.9115893876727305,18.0,5.0,150,165,Pala 2,68.0
34,45,5.0,12.0,0.39160188092155546,0.09351306643176582,18.0,5.0,139,96,Pala 1,101.8
46,6,5.0,12.0,0.07484282147140509,0.5532591871619299,18.0,5.0,173,140,Pala 2,43.1
1,15,5.0,12.0,0.4751471801568825,0.6955312485118323,18.0,5.0,95,105,Pala 1,29.0
29,39,5.0,12.0,0.42168164685289433,0.2763808211062686,18.0,5.0,95,78,Pala 1,96.4
33,35,5.0,12.0,0.444385026638056,0.569897039170302,18.0,5.0,75,36,Pala 1,104.5
21,19,5.0,12.0,0.04533130204799407,0.7152484260057729,18.0,5.0,178,44,Pala 1,71.3
2,23,5.0,12.0,0.3616163412818324,0.8377192431353768,18.0,5.0,89,114,Pala 1,28.8
5,46,5.0,12.0,0.7564838490999165,0.4524998508199809,18.0,5.0,167,67,Pala 1,43.4
14,4,5.0,12.0,0.3689143733536201,0.7478572189189606,18.0,5.0,175,66,Pala 2,39.5
26,44,5.0,12.0,0.7151719526095807,0.3017829717398497,18.0,5.0,119,151,Pala 1,86.9
9,5,5.0,12.0,0.36947872363373324,0.21304674677215862,18.0,5.0,142,45,Pala 2,39.2
8,27,5.0,12.0,0.42323944149018644,0.18731374609066742,18.0,5.0,114,30,Pala 1,42.3
32,4,5.0,12.0,0.5638921128292661,0.3588727318257262,18.0,5.0,95,66,Pala 2,40.7
31,48,5.0,12.0,0.9506819368070825,0.03587968178884904,18.0,5.0,75,74,Pala 1,100.7
47,38,5.0,12.0,0.10886044664665517,0.2829918376652497,18.0,5.0,147,171,Pala 2,125.0
5,37,5.0,12.0,0.03291376866117368,0.6522228244432282,18.0,5.0,124,112,Pala 1,32.5
40,1,5.0,12.0,0.6079571838100452,0.6479190471601367,18.0,5.0,33,52,Pala 2,29.1
35,42,5.0,12.0,0.9490970889284264,0.07355380649149124,18.0,5.0,32,123,Pala 1,112.3
1,38,5.0,12.0,0.9897231325547149,0.28741561708062013,18.0,5.0,149,110,Pala 1,31.5
28,20,5.0,12.0,0.4841642473920018,0.5695576646779217,18.0,5.0,103,95,Pala 2,76.7
3,39,5.0,12.0,0.46808162108509843,0.31855213750310285,18.0,5.0,135,168,Pala 1,31.8
0,36,5.0,12.0,0.6449637707451962,0.4179880241888735,18.0,5.0,125,87,Pala 1,28.0
18,17,5.0,12.0,0.5556347572049698,0.712810757115764,18.0,5.0,65,58,Pala 2,68.9
25,47,5.0,12.0,0.6340880576141181,0.009266829456630044,18.0,5.0,56,112,Pala 1,85.8
24,45,5.0,12.0,0.8739994255378942,0.27639354408843053,18.0,5.0,82,158,Pala 1,83.7
9,11,5.0,12.0,0.7463061694876093,0.14237224378501667,18.0,5.0,78,162,Pala 1,44.5
14,16,5.0,12.0,0.49687739168679557,0.12760918276449174,18.0,5.0,131,144,Pala 1,53.4
21,36,5.0,12.0,0.4618644590001696,0.959040216447247,18.0,5.0,30,63,Pala 1,79.1
47,45,5.0,12.0,0.639601748513116,0.37656033156241775,18.0,5.0,91,154,Pala 1,138.6
20,37,5.0,12.0,0.4557062844202975,0.5270885849096398,18.0,5.0,128,107,Pala 1,74.4
21,14,5.0,12.0,0.45777935126563984,0.7338218870696326,18.0,5.0,95,48,Pala 2,63.5
35,6,5.0,12.0,0.016305901786504817,0.04744747486005019,18.0,5.0,179,117,Pala 2,41.4
33,13,5.0,12.0,0.17406413740730842,0.24102263855769834,18.0,5.0,73,110,Pala 2,59.0
29,49,5.0,12.0,0.48851363999575304,0.8321477873437125,18.0,5.0,31,124,Pala 1,93.9
24,0,5.0,12.0,0.8226534590503691,0.8619906131778811,18.0,5.0,88,101,Pala 2,30.5
44,37,5.0,12.0,0.27872700672712414,0.37295092064080204,18.0,5.0,43,174,Pala 2,120.5
27,2,5.0,12.0,0.522643433131149,0.37486159965176824,18.0,5.0,45,67,Pala 2,34.0
0,36,5.0,12.0,0.3449620847592322,0.7568968771088819,18.0,5.0,80,69,Pala 1,23.6
48,43,5.0,12.0,0.10480398953958903,0.29507022674986916,18.0,5.0,129,149,Pala 2,134.2
44,30,5.0,12.0,0.9582984830713006,0.11709408113999809,18.0,5.0,57,117,Pala 2,105.9
3,42,5.0,12.0,0.8546738702503017,0.25753545024058344,18.0,5.0,82,119,Pala 1,33.0
6,12,5.0,12.0,0.07849242446690641,0.3873447316357749,18.0,5.0,81,59,Pala 1,29.9
48,47,5.0,12.0,0.7197872624682846,0.052204709595098264,18.0,5.0,145,161,Pala 1,140.5
8,17,5.0,12.0,0.3475799043575002,0.4786802542001748,18.0,5.0,38,162,Pala 1,43.6
35,16,5.0,12.0,0.9948498070617926,0.7400075127727784,18.0,5.0,40,95,Pala 2,72.0
18,16,5.0,12.0,0.3023985198289777,0.5137451444804616,18.0,5.0,136,124,Pala 2,65.2
0,10,5.0,12.0,0.23873844536259992,0.07189534051450697,18.0,5.0,74,56,Pala 1,15.7
9,19,5.0,12.0,0.5678905483054052,0.4401496313459585,18.0,5.0,114,85,Pala 1,47.4
35,9,5.0,12.0,0.8351261633432041,0.7089046080428327,18.0,5.0,31,74,Pala 2,51.6
8,28,5.0,12.0,0.192518871819798,0.05809665399018993,18.0,5.0,98,97,Pala 1,33.6
44,47,5.0,12.0,0.7094027697193312,0.05984718972688852,18.0,5.0,168,34,Pala 1,133.2
45,33,5.0,12.0,0.061406583141121684,0.37060140318098267,18.0,5.0,58,137,Pala 2,109.9
41,16,5.0,12.0,0.9189347431104973,0.1949639641237091,18.0,5.0,140,76,Pala 2,68.4
31,41,5.0,12.0,0.08107491614729878,0.9347807913084204,18.0,5.0,121,162,Pala 1,99.7
31,12,5.0,12.0,0.9142313763441625,0.5813436037397431,18.0,5.0,34,34,Pala 2,60.5
5,43,5.0,12.0,0.4908072494527028,0.2873253994058962,18.0,5.0,49,150,Pala 1,34.1
47,46,5.0,12.0,0.44809111279591984,0.7047767291149508,18.0,5.0,130,102,Pala 1,141.8
37,38,5.0,12.0,0.9733070795003765,0.37492905135932886,18.0,5.0,68,76,Pala 1,119.4
16,26,5.0,12.0,0.9903841776982191,0.13211564437901002,18.0,5.0,156,33,Pala 1,68.2
9,25,5.0,12.0,0.650178125961012,0.2372322298435804,18.0,5.0,30,120,Pala 1,42.1
49,27,5.0,12.0,0.1271192918570485,0.6427472844593757,18.0,5.0,148,94,Pala 2,96.9
26,12,5.0,12.0,0.5061700856552025,0.05187610599699166,18.0,5.0,158,125,Pala 2,60.4
49,11,5.0,12.0,0.5291631009556624,0.2726890400480637,18.0,5.0,33,109,Pala 2,61.4
34,43,5.0,12.0,0.5144464281353097,0.20831147764217461,18.0,5.0,172,116,Pala 1,105.9
20,27,5.0,12.0,0.5694918385200097,0.201135110676532,18.0,5.0,163,90,Pala 1,68.9
24,1,5.0,12.0,0.01872471379439067,0.6827624119759711,18.0,5.0,131,177,Pala 2,29.8
27,36,5.0,12.0,0.7112272814705024,0.8258169167543645,18.0,5.0,158,129,Pala 1,98.5
46,33,5.0,12.0,0.712394301952988,0.7158666080642587,18.0,5.0,91,148,Pala 2,113.5
14,22,5.0,12.0,0.11546977517788792,0.6457278158005122,18.0,5.0,162,138,Pala 1,53.5
3,44,5.0,12.0,0.5702394424458007,0.916451771817864,18.0,5.0,83,165,Pala 1,38.1
28,28,5.0,12.0,0.5683611824357746,0.05839238042429684,18.0,5.0,78,111,Pala 1,87.7
8,34,5.0,12.0,0.6824504201904001,0.16748308597624073,18.0,5.0,36,42,Pala 1,42.6
26,10,5.0,12.0,0.08539769213508108,0.41440685567053215,18.0,5.0,129,72,Pala 2,48.0
25,47,5.0,12.0,0.6265033072660964,0.3724516435038677,18.0,5.0,32,121,Pala 1,85.0
18,32,5.0,12.0,0.2807519507463412,0.41805160296302246,18.0,5.0,105,49,Pala 1,68.6
27,10,5.0,12.0,0.5070029904961719,0.20645490504270603,18.0,5.0,152,77,Pala 2,53.3
16,8,5.0,12.0,0.7733235527040767,0.14950331558022834,18.0,5.0,108,129,Pala 2,52.0
42,13,5.0,12.0,0.7056459363630133,0.509193247457928,18.0,5.0,178,48,Pala 2,57.6
40,8,5.0,12.0,0.11890301767799338,0.9280525240687937,18.0,5.0,61,98,Pala 2,50.2
41,38,5.0,12.0,0.5911847871160733,0.39196946234991703,18.0,5.0,41,46,Pala 2,124.0
49,47,5.0,12.0,0.9691165309407386,0.04335321411952808,18.0,5.0,133,65,Pala 2,147.0
19,2,5.0,12.0,0.15676943733500226,0.7061673428895245,18.0,5.0,140,111,Pala 2,34.2
44,28,5.0,12.0,0.8529070877254149,0.29110490552717494,18.0,5.0,36,99,Pala 2,100.4
39,18,5.0,12.0,0.7025480805537769,0.2450950073048921,18.0,5.0,124,145,Pala 2,74.5
38,35,5.0,12.0,0.7740033129097597,0.32425800069796207,18.0,5.0,94,30,Pala 2,118.1
48,31,5.0,12.0,0.28195832714264546,0.7238155239078763,18.0,5.0,74,110,Pala 2,108.0
22,6,5.0,12.0,0.28788892937984245,0.8188193868703041,18.0,5.0,63,159,Pala 2,43.0
46,27,5.0,12.0,0.9060194557764881,0.5880560673389637,18.0,5.0,168,64,Pala 2,97.8
31,43,5.0,12.0,0.35983203209255865,0.3224787537195516,18.0,5.0,37,156,Pala 1,96.8
46,17,5.0,12.0,0.06301539069281048,0.3104782331172782,18.0,5.0,74,56,Pala 2,68.3
32,4,5.0,12.0,0.60059670357945,0.12430834990546302,18.0,5.0,133,75,Pala 2,36.6
45,22,5.0,12.0,0.12481766904184266,0.9333010482351946,18.0,5.0,107,177,Pala 2,84.4
4,21,5.0,12.0,0.7965962414079082,0.6381393989688195,18.0,5.0,74,37,Pala 1,38.1
42,25,5.0,12.0,0.6417464425010574,0.026974619855864024,18.0,5.0,152,122,Pala 2,89.9
47,41,5.0,12.0,0.8747265052212082,0.6623670951866807,18.0,5.0,167,101,Pala 2,133.2
33,11,5.0,12.0,0.7848372497826352,0.4471534241935079,18.0,5.0,72,143,Pala 2,55.6
39,39,5.0,12.0,0.11211364833819615,0.9725579630469194,18.0,5.0,110,120,Pala 1,120.8
10,18,5.0,12.0,0.3810706764344223,0.819068824806407,18.0,5.0,40,55,Pala 1,50.4
49,46,5.0,12.0,0.7745602499145873,0.17131575383279818,18.0,5.0,175,132,Pala 2,146.8
2,0,5.0,12.0,0.41734147326632576,0.7201111188748665,18.0,5.0,34,91,Pala 1,28.4
32,2,5.0,12.0,0.9723654847799783,0.4855660038352634,18.0,5.0,60,123,Pala 2,34.5
10,26,5.0,12.0,0.7357404498934492,0.18704516366992818,18.0,5.0,45,90,Pala 1,45.7
15,17,5.0,12.0,0.015499916690321025,0.6987399073299491,18.0,5.0,38,177,Pala 1,52.6
17,49,5.0,12.0,0.8799856915608364,0.5473875786942454,18.0,5.0,31,97,Pala 1,70.0
29,29,5.0,12.0,0.1008047848685576,0.030373878771570495,18.0,5.0,66,58,Pala 1,86.2
47,1,5.0,12.0,0.14052372418008585,0.6465879505288259,18.0,5.0,113,75,Pala 2,31.1
9,4,5.0,12.0,0.7344924006110509,0.6349870898624407,18.0,5.0,87,130,Pala 2,40.9
17,28,5.0,12.0,0.8649685594304802,0.14408516105146263,18.0,5.0,112,119,Pala 1,66.2
37,32,5.0,12.0,0.536349627899556,0.3489877269966929,18.0,5.0,135,162,Pala 2,109.9
18,41,5.0,12.0,0.2890497329457792,0.5858989707510399,18.0,5.0,165,117,Pala 1,64.5
35,19,5.0,12.0,0.35131554525317554,0.13878301410672989,18.0,5.0,81,156,Pala 2,79.0
12,29,5.0,12.0,0.342889329596056,0.8527233778347565,18.0,5.0,104,136,Pala 1,52.7
45,41,5.0,12.0,0.32667810380951223,0.02748604628770379,18.0,5.0,106,95,Pala 2,130.4
2,4,5.0,12.0,0.2429096718216498,0.10283741496935495,18.0,5.0,98,172,Pala 1,20.7
9,49,5.0,12.0,0.608867094629233,0.11610691985488408,18.0,5.0,154,75,Pala 1,44.3
37,20,5.0,12.0,0.9004053185650672,0.5281071259750552,18.0,5.0,63,37,Pala 2,81.8
0,14,5.0,12.0,0.30708241308334117,0.6201140121686253,18.0,5.0,126,130,Pala 1,24.2
26,19,5.0,12.0,0.18669429746141208,0.40374079650148653,18.0,5.0,42,171,Pala 2,76.5
45,7,5.0,12.0,0.8385776663714248,0.2886668276681662,18.0,5.0,79,162,Pala 2,49.7
7,48,5.0,12.0,0.7417833308897033,0.8093173756255574,18.0,5.0,120,102,Pala 1,47.5
45,30,5.0,12.0,0.9308370315599105,0.06828598372642014,18.0,5.0,33,152,Pala 2,105.1
41,11,5.0,12.0,0.16551973560490962,0.2802918611327917,18.0,5.0,93,72,Pala 2,54.9
16,20,5.0,12.0,0.14425131411659153,0.03911557880397076,18.0,5.0,103,152,Pala 1,52.3
8,29,5.0,12.0,0.5414293943049967,0.013890134966268008,18.0,5.0,45,77,Pala 1,37.3
5,26,5.0,12.0,0.6144336548350953,0.35337988693220124,18.0,5.0,113,36,Pala 1,37.9
42,43,5.0,12.0,0.48017344185958954,0.194823662444932,18.0,5.0,167,69,Pala 1,126.7
24,25,5.0,12.0,0.5989666363238755,0.26836585483824626,18.0,5.0,138,61,Pala 1,81.0
38,32,5.0,12.0,0.18037976887507134,0.8209471574549682,18.0,5.0,91,134,Pala 2,108.1
48,25,5.0,12.0,0.47961375416408336,0.16298009624922138,18.0,5.0,73,123,Pala 2,95.0
27,25,5.0,12.0,0.6580925609396678,0.7802333671518009,18.0,5.0,115,140,Pala 2,93.7
32,35,5.0,12.0,0.4327064492487037,0.6750506231463635,18.0,5.0,110,118,Pala 1,101.3
36,39,5.0,12.0,0.6794473358165979,0.3264455251408327,18.0,5.0,151,106,Pala 1,111.1
8,0,5.0,12.0,0.4511912805538396,0.5465561451762878,18.0,5.0,133,38,Pala 2,26.8
17,14,5.0,12.0,0.33359958084227725,0.4444356097745388,18.0,5.0,162,166,Pala 1,63.7
20,49,5.0,12.0,0.30360504708709235,0.12839531549766536,18.0,5.0,149,93,Pala 1,68.5
1,0,5.0,12.0,0.410902058988588,0.9071853217341757,18.0,5.0,175,120,Pala 1,28.9
42,10,5.0,12.0,0.023089622682200828,0.5696179675857601,18.0,5.0,163,124,Pala 2,51.1
37,1,5.0,12.0,0.6685251384461137,0.8802400457954549,18.0,5.0,135,122,Pala 2,31.8
39,0,5.0,12.0,0.8451056409802619,0.8238265118132903,18.0,5.0,156,123,Pala 2,29.7
35,30,5.0,12.0,0.3546270944431186,0.07977592530942323,18.0,5.0,57,153,Pala 1,103.6
49,43,5.0,12.0,0.046033136141718556,0.20727066601845245,18.0,5.0,136,99,Pala 2,132.2
42,15,5.0,12.0,0.9867755973855576,0.1452611143748308,18.0,5.0,53,132,Pala 2,69.0
36,21,5.0,12.0,0.26369825545106695,0.8307795327869187,18.0,5.0,57,93,Pala 2,82.6
14,41,5.0,12.0,0.126621121690773,0.8624466264552023,18.0,5.0,175,124,Pala 1,57.8
27,17,5.0,12.0,0.36975250797302794,0.5279715098083659,18.0,5.0,33,41,Pala 2,67.6
17,46,5.0,12.0,0.7385570406335566,0.10417807250800692,18.0,5.0,133,77,Pala 1,67.0
33,16,5.0,12.0,0.2939165968905657,0.1356166185430162,18.0,5.0,157,92,Pala 2,65.1
21,29,5.0,12.0,0.5747032039194878,0.8135488124382674,18.0,5.0,157,35,Pala 1,80.5
10,9,5.0,12.0,0.4155599944371422,0.9291901365293302,18.0,5.0,135,74,Pala 2,51.2
12,34,5.0,12.0,0.11776399227661849,0.19947568511065672,18.0,5.0,125,119,Pala 1,45.9
3,20,5.0,12.0,0.33028701249211023,0.01113757647217306,18.0,5.0,156,130,Pala 1,26.3
21,15,5.0,12.0,0.7248705057140666,0.3309529051507779,18.0,5.0,122,133,Pala 2,65.6
6,5,5.0,12.0,0.6120038973314457,0.030499389647881348,18.0,5.0,95,160,Pala 2,37.1
42,2,5.0,12.0,0.11977837988356099,0.827974916078038,18.0,5.0,87,156,Pala 2,32.7
23,40,5.0,12.0,0.16332240971430856,0.4915122572262516,18.0,5.0,40,159,Pala 1,76.2
3,42,5.0,12.0,0.6407333593074455,0.6418607787630198,18.0,5.0,140,49,Pala 1,34.1
27,20,5.0,12.0,0.8134154143208688,0.41148487613654217,18.0,5.0,133,68,Pala 2,80.9
14,12,5.0,12.0,0.34947449595816926,0.3455075470124819,18.0,5.0,94,169,Pala 1,53.1
0,17,5.0,12.0,0.5953107518434502,0.22220041307608485,18.0,5.0,157,65,Pala 1,19.3
2,23,5.0,12.0,0.17064358875210528,0.7705325470381457,18.0,5.0,46,121,Pala 1,25.1
13,26,5.0,12.0,0.31137633690532385,0.6955475844155293,18.0,5.0,143,38,Pala 1,56.8
37,3,5.0,12.0,0.0202702056730526,0.36072898449608615,18.0,5.0,109,73,Pala 2,31.9
49,21,5.0,12.0,0.7682759477995226,0.32111613429918295,18.0,5.0,95,104,Pala 2,82.8
0,23,5.0,12.0,0.4010098197729668,0.0012428786486790022,18.0,5.0,147,82,Pala 1,19.9
37,39,5.0,12.0,0.8161255736539539,0.06355213004547244,18.0,5.0,142,59,Pala 1,116.3
37,44,5.0,12.0,0.7083729960227263,0.6232555248926348,18.0,5.0,161,144,Pala 1,122.1
20,9,5.0,12.0,0.8287442657284769,0.5146073102354617,18.0,5.0,100,95,Pala 2,55.7
47,1,5.0,12.0,0.2856586695828828,0.4348032044850225,18.0,5.0,90,67,Pala 2,30.5
28,39,5.0,12.0,0.18510873042784526,0.8275022408016585,18.0,5.0,87,67,Pala 1,91.6
4,5,5.0,12.0,0.9719056826516705,0.5038982044028466,18.0,5.0,82,84,Pala 1,39.0
48,47,5.0,12.0,0.7173277870408695,0.38449358140731993,18.0,5.0,34,105,Pala 1,145.7
9,17,5.0,12.0,0.8340422679266704,0.16125634752498497,18.0,5.0,143,145,Pala 1,50.5
27,16,5.0,12.0,0.013133373709933727,0.8206880082146192,18.0,5.0,90,114,Pala 2,66.5
20,37,5.0,12.0,0.35446162029588657,0.5762482501211877,18.0,5.0,50,52,Pala 1,72.9
49,44,5.0,12.0,0.7428166905773317,0.09245996592275729,18.0,5.0,43,171,Pala 2,139.7
6,22,5.0,12.0,0.07798283298998332,0.6488983979970758,18.0,5.0,125,125,Pala 1,33.8
2,45,5.0,12.0,0.5673399295689356,0.42507074548840995,18.0,5.0,108,78,Pala 1,29.1
44,29,5.0,12.0,0.4290727674550032,0.8113862235879958,18.0,5.0,107,142,Pala 2,100.8
46,20,5.0,12.0,0.017616507141107296,0.9189145969959962,18.0,5.0,70,143,Pala 2,79.5
19,9,5.0,12.0,0.23597557711945139,0.600465813176246,18.0,5.0,45,74,Pala 2,51.4
18,42,5.0,12.0,0.2847919890667142,0.7316128193133664,18.0,5.0,80,125,Pala 1,61.7
34,12,5.0,12.0,0.11185994634632246,0.056590847602165706,18.0,5.0,30,78,Pala 2,56.4
3,11,5.0,12.0,0.6315369097426604,0.5602554550011573,18.0,5.0,69,31,Pala 1,37.1
4,8,5.0,12.0,0.24239787625188902,0.7553399783554741,18.0,5.0,47,132,Pala 1,33.1
0,3,5.0,12.0,0.27761949961938837,0.4967621494781037,18.0,5.0,63,88,Pala 1,22.2
3,38,5.0,12.0,0.8982385982001474,0.5935500895043372,18.0,5.0,129,89,Pala 1,35.2
11,23,5.0,12.0,0.46712309269313945,0.8989481855810443,18.0,5.0,178,51,Pala 1,51.9
26,33,5.0,12.0,0.39212814696927234,0.19809957203119943,18.0,5.0,158,118,Pala 1,85.4
41,38,5.0,12.0,0.7238710383147172,0.09824650755191189,18.0,5.0,168,135,Pala 2,122.9
22,40,5.0,12.0,0.9096137968829121,0.690643613139501,18.0,5.0,149,82,Pala 1,87.0
24,4,5.0,12.0,0.025036336237443835,0.822848905522444,18.0,5.0,131,48,Pala 2,35.1
20,14,5.0,12.0,0.4482388465553965,0.8504901885825635,18.0,5.0,144,78,Pala 2,64.4
23,49,5.0,12.0,0.6107813560779473,0.6416444970912203,18.0,5.0,43,46,Pala 1,86.8
24,3,5.0,12.0,0.3185630981259896,0.8332134181708034,18.0,5.0,121,156,Pala 2,38.2
44,38,5.0,12.0,0.7724077221232417,0.7006642057232902,18.0,5.0,179,48,Pala 2,125.9
45,7,5.0,12.0,0.9714770702702739,0.08737691590679075,18.0,5.0,50,59,Pala 2,44.4
31,48,5.0,12.0,0.9434273662502832,0.7620435078849881,18.0,5.0,149,107,Pala 1,108.7
31,44,5.0,12.0,0.2659825393799419,0.17935968955032966,18.0,5.0,48,135,Pala 1,93.9
4,23,5.0,12.0,0.226338278437486,0.23660934259097277,18.0,5.0,53,93,Pala 1,26.9
35,27,5.0,12.0,0.9574905310212211,0.3946506269986648,18.0,5.0,55,61,Pala 2,98.2
45,42,5.0,12.0,0.4586284874314659,0.3145670663263369,18.0,5.0,74,65,Pala 2,131.5
41,26,5.0,12.0,0.20829772308469174,0.32165173830291205,18.0,5.0,137,39,Pala 2,87.1
48,0,5.0,12.0,0.7069969636304182,0.16925952420404577,18.0,5.0,168,88,Pala 2,28.6
41,33,5.0,12.0,0.28442032390379157,0.29387104710954437,18.0,5.0,53,131,Pala 2,110.5
38,16,5.0,12.0,0.26724697507105233,0.019662589975881772,18.0,5.0,53,147,Pala 2,70.2
15,36,5.0,12.0,0.8792490430777847,0.472910946688326,18.0,5.0,41,40,Pala 1,69.1
32,37,5.0,12.0,0.16247915337690344,0.7685909587698068,18.0,5.0,164,108,Pala 1,102.7
48,25,5.0,12.0,0.06439294646623639,0.8622473692248397,18.0,5.0,110,120,Pala 2,91.8
20,23,5.0,12.0,0.26918644017168725,0.8204285589594384,18.0,5.0,128,131,Pala 1,70.6
8,38,5.0,12.0,0.6069454128382038,0.4164577189951132,18.0,5.0,99,158,Pala 1,46.7
5,20,5.0,12.0,0.12308785340327055,0.7304264811638562,18.0,5.0,108,43,Pala 1,29.3
44,29,5.0,12.0,0.47159467227679375,0.28789077409521246,18.0,5.0,52,160,Pala 2,100.2
34,46,5.0,12.0,0.6273371104253198,0.05556247271761794,18.0,5.0,152,59,Pala 1,107.3
38,47,5.0,12.0,0.8487369925931739,0.6759715253912666,18.0,5.0,67,158,Pala 1,122.4
21,12,5.0,12.0,0.22986959120225436,0.648796164736406,18.0,5.0,58,171,Pala 2,62.7
40,36,5.0,12.0,0.8173463233827895,0.8016293954628756,18.0,5.0,105,134,Pala 2,126.7
4,2,5.0,12.0,0.23490626113123858,0.6161062067028799,18.0,5.0,97,72,Pala 2,32.6
41,31,5.0,12.0,0.6767665412396405,0.1568916249739164,18.0,5.0,50,172,Pala 2,103.4
22,34,5.0,12.0,0.4306735714824551,0.8531623920501982,18.0,5.0,38,67,Pala 1,79.1
16,18,5.0,12.0,0.11468124237867017,0.6272527880187008,18.0,5.0,78,118,Pala 1,57.9
11,13,5.0,12.0,0.7142634628218487,0.807609699035004,18.0,5.0,127,73,Pala 1,55.2
22,47,5.0,12.0,0.2177626185490178,0.7741071203760408,18.0,5.0,66,138,Pala 1,77.0
15,21,5.0,12.0,0.17662342602459147,0.2978644872250884,18.0,5.0,50,84,Pala 1,54.0
2,16,5.0,12.0,0.3583229285893832,0.07455297485205237,18.0,5.0,52,84,Pala 1,19.8
29,3,5.0,12.0,0.6532902447594835,0.17650440908958487,18.0,5.0,167,107,Pala 2,38.5
21,44,5.0,12.0,0.2339964787906278,0.09286233431325075,18.0,5.0,99,136,Pala 1,70.3
8,39,5.0,12.0,0.18366153878188574,0.2434124320801364,18.0,5.0,178,86,Pala 1,37.9
28,18,5.0,12.0,0.009953625713364334,0.459532273025993,18.0,5.0,130,159,Pala 2,72.5
46,36,5.0,12.0,0.4716430971017236,0.9068106049812829,18.0,5.0,58,153,Pala 2,117.5
36,1,5.0,12.0,0.4286455693151827,0.8720187559206346,18.0,5.0,88,78,Pala 2,36.8
22,14,5.0,12.0,0.23386774363737628,0.718599815095728,18.0,5.0,50,93,Pala 2,63.6
12,1,5.0,12.0,0.05365216400969075,0.02411235954782598,18.0,5.0,115,116,Pala 2,30.5
31,10,5.0,12.0,0.4292558745958369,0.3413892013205535,18.0,5.0,128,165,Pala 2,51.9
45,44,5.0,12.0,0.7882051110716313,0.6823484264845198,18.0,5.0,92,98,Pala 1,139.5
46,22,5.0,12.0,0.715282131327177,0.12902889683906837,18.0,5.0,75,91,Pala 2,82.4
47,9,5.0,12.0,0.8607948898601703,0.8010878500159087,18.0,5.0,162,150,Pala 2,54.9
22,2,5.0,12.0,0.009582687713155624,0.9145736799875936,18.0,5.0,44,81,Pala 2,31.7
44,4,5.0,12.0,0.9664193168045985,0.3541044466378255,18.0,5.0,134,62,Pala 2,42.6
16,2,5.0,12.0,0.34141225262744834,0.7058430618638334,18.0,5.0,140,49,Pala 2,30.3
39,37,5.0,12.0,0.9903977960919648,0.14820413266871335,18.0,5.0,112,141,Pala 2,124.1
20,12,5.0,12.0,0.25261946060177465,0.690816449113027,18.0,5.0,109,66,Pala 2,59.3
1,41,5.0,12.0,0.4715363875782448,0.021455412287043285,18.0,5.0,140,135,Pala 1,22.3
36,18,5.0,12.0,0.35392767657530366,0.15077150681110096,18.0,5.0,136,134,Pala 2,69.7
5,39,5.0,12.0,0.3557607149943026,0.70988144660867,18.0,5.0,116,80,Pala 1,38.9
43,49,5.0,12.0,0.8422820987482158,0.7118502228763062,18.0,5.0,33,58,Pala 1,138.0
17,34,5.0,12.0,0.7464189397373387,0.6411627058451771,18.0,5.0,71,166,Pala 1,73.0
29,23,5.0,12.0,0.9921514352300481,0.4773640243842032,18.0,5.0,148,115,Pala 2,89.2
21,23,5.0,12.0,0.6135146827175125,0.6749080911719451,18.0,5.0,55,69,Pala 1,81.8
32,16,5.0,12.0,0.46325660439450267,0.7738007982887882,18.0,5.0,135,129,Pala 2,69.7
29,39,5.0,12.0,0.09007386294689113,0.9664816590367438,18.0,5.0,133,52,Pala 1,95.3
16,9,5.0,12.0,0.9965614195138568,0.888641031548605,18.0,5.0,37,132,Pala 2,57.0
42,1,5.0,12.0,0.5515306529322829,0.7945342025661246,18.0,5.0,102,37,Pala 2,33.3
31,43,5.0,12.0,0.7004774696901418,0.6947575167143729,18.0,5.0,107,103,Pala 1,107.0
41,22,5.0,12.0,0.4067423871913114,0.5741555454323672,18.0,5.0,177,93,Pala 2,84.0
13,5,5.0,12.0,0.5477157081792359,0.12060882335191625,18.0,5.0,95,122,Pala 2,40.0
9,1,5.0,12.0,0.9425777318928872,0.16555684209839294,18.0,5.0,97,149,Pala 2,33.9
46,20,5.0,12.0,0.16641943793160274,0.8202795606708995,18.0,5.0,128,138,Pala 2,78.9
35,34,5.0,12.0,0.2923725843302546,0.8033129122072206,18.0,5.0,107,125,Pala 1,110.1
33,48,5.0,12.0,0.15205972777803234,0.6144589259733629,18.0,5.0,114,171,Pala 1,103.1
8,28,5.0,12.0,0.7922159038047747,0.4388401327161534,18.0,5.0,108,109,Pala 1,45.8
41,6,5.0,12.0,0.06204526042182956,0.026032649823605647,18.0,5.0,68,132,Pala 2,44.0
27,28,5.0,12.0,0.0816316498513383,0.3271769425285439,18.0,5.0,79,46,Pala 1,83.6
10,36,5.0,12.0,0.2984941127873687,0.42063965756531785,18.0,5.0,49,49,Pala 1,41.6
13,22,5.0,12.0,0.5141881809210113,0.48581628617342054,18.0,5.0,99,144,Pala 1,54.1
38,32,5.0,12.0,0.40627480055958654,0.9293245985612092,18.0,5.0,146,41,Pala 2,107.8
46,7,5.0,12.0,0.04481631067080727,0.10870939980014283,18.0,5.0,141,153,Pala 2,42.4
18,11,5.0,12.0,0.9574915578709515,0.5188669197797704,18.0,5.0,57,151,Pala 2,57.6
14,45,5.0,12.0,0.9528695203580837,0.3679222969582797,18.0,5.0,148,101,Pala 1,66.0
27,47,5.0,12.0,0.2793563232407599,0.9900981192160516,18.0,5.0,127,114,Pala 1,90.0
23,9,5.0,12.0,0.7315256152685815,0.8618640162829053,18.0,5.0,102,139,Pala 2,56.6
7,14,5.0,12.0,0.5785754113832238,0.4387858542389209,18.0,5.0,137,47,Pala 1,44.7
42,23,5.0,12.0,0.23747669500562407,0.9996956093547604,18.0,5.0,51,58,Pala 2,87.0
8,25,5.0,12.0,0.26217155174161544,0.5140632464714964,18.0,5.0,34,164,Pala 1,40.2
46,46,5.0,12.0,0.49115317431045047,0.1671177965914007,18.0,5.0,89,69,Pala 1,134.3
32,41,5.0,12.0,0.4192369414973601,0.5558746918267146,18.0,5.0,143,130,Pala 1,103.8
32,38,5.0,12.0,0.29122932823126424,0.2262057658036466,18.0,5.0,127,149,Pala 1,100.1
18,2,5.0,12.0,0.8075115963051489,0.636312840076252,18.0,5.0,74,163,Pala 2,37.1
2,1,5.0,12.0,0.4814629176373849,0.9374401748839256,18.0,5.0,142,177,Pala 1,32.4
9,5,5.0,12.0,0.6548480623891278,0.7861985768350283,18.0,5.0,166,84,Pala 2,43.5
39,20,5.0,12.0,0.18927350016787547,0.2731636904190552,18.0,5.0,43,102,Pala 2,75.9
46,8,5.0,12.0,0.5335076625164867,0.2968586249660071,18.0,5.0,98,117,Pala 2,51.1
41,9,5.0,12.0,0.3179760494466215,0.06928820309031203,18.0,5.0,143,154,Pala 2,47.8
0,35,5.0,12.0,0.5264136103948782,0.2858678356462774,18.0,5.0,85,51,Pala 1,20.3
28,2,5.0,12.0,0.7808258334109281,0.09262479967781723,18.0,5.0,140,79,Pala 2,32.0
49,40,5.0,12.0,0.7689132100912617,0.49944871932564283,18.0,5.0,120,56,Pala 2,130.1
33,23,5.0,12.0,0.3542206780342759,0.7083470794982576,18.0,5.0,40,77,Pala 2,88.7
12,21,5.0,12.0,0.6942771170796391,0.7511811614991585,18.0,5.0,144,95,Pala 1,61.6
0,48,5.0,12.0,0.941289950394277,0.059529232248179076,18.0,5.0,130,170,Pala 1,26.1
33,13,5.0,12.0,0.6256693299249064,0.33995589823820205,18.0,5.0,127,159,Pala 2,64.3
28,41,5.0,12.0,0.14841012338263715,0.2881717665474337,18.0,5.0,144,75,Pala 1,86.1
47,44,5.0,12.0,0.6797086292790951,0.1043003229873346,18.0,5.0,109,100,Pala 2,135.8
46,43,5.0,12.0,0.10490438634931132,0.3624713109320057,18.0,5.0,87,157,Pala 1,130.0
12,26,5.0,12.0,0.8721104087930271,0.2993201091392361,18.0,5.0,59,40,Pala 1,56.1
47,32,5.0,12.0,0.5166604958019403,0.6344992293392767,18.0,5.0,96,55,Pala 2,106.6
48,21,5.0,12.0,0.3851407363115795,0.8833026637337129,18.0,5.0,58,78,Pala 2,78.5
28,28,5.0,12.0,0.05700659464969238,0.45484172087321584,18.0,5.0,71,92,Pala 1,86.1
38,18,5.0,12.0,0.3807837345921097,0.7466651727668185,18.0,5.0,148,50,Pala 2,74.3
23,18,5.0,12.0,0.9032066679157894,0.14601036711067428,18.0,5.0,91,108,Pala 2,74.6
25,5,5.0,12.0,0.02098299628630318,0.8949663786438646,18.0,5.0,58,109,Pala 2,38.9
16,44,5.0,12.0,0.4746481577818049,0.15259473821509228,18.0,5.0,58,38,Pala 1,58.0
6,18,5.0,12.0,0.9311580911106223,0.1921011805993893,18.0,5.0,133,178,Pala 1,44.0
12,12,5.0,12.0,0.3948409997650211,0.10646380358767649,18.0,5.0,86,145,Pala 1,51.7
4,25,5.0,12.0,0.4281756874621504,0.30967950152053647,18.0,5.0,84,149,Pala 1,30.3
25,21,5.0,12.0,0.5785600551991199,0.5524104467155261,18.0,5.0,145,84,Pala 2,81.4
48,20,5.0,12.0,0.4629373335771835,0.9879941114063268,18.0,5.0,157,70,Pala 2,77.8
2,35,5.0,12.0,0.16860169123755242,0.7933680346575439,18.0,5.0,106,35,Pala 1,27.5
6,1,5.0,12.0,0.018555539069860405,0.380435802891982,18.0,5.0,98,30,Pala 2,28.5
48,46,5.0,12.0,0.6098116579787016,0.5758460579035705,18.0,5.0,87,124,Pala 2,144.6
38,43,5.0,12.0,0.9208065870078121,0.6233080309392077,18.0,5.0,114,162,Pala 1,123.0
0,29,5.0,12.0,0.10636413302716563,0.8227272212473471,18.0,5.0,98,55,Pala 1,17.8
48,26,5.0,12.0,0.21095271925275338,0.7364517854198005,18.0,5.0,130,30,Pala 2,93.8
16,6,5.0,12.0,0.3702294858249735,0.5692911269711404,18.0,5.0,65,30,Pala 2,42.3
42,19,5.0,12.0,0.8087422290211197,0.6691830270396567,18.0,5.0,157,122,Pala 2,76.9
24,49,5.0,12.0,0.2692603164709776,0.7459176109628997,18.0,5.0,116,67,Pala 1,84.1
2,30,5.0,12.0,0.8820544042787685,0.13314405913340432,18.0,5.0,103,70,Pala 1,29.0
14,22,5.0,12.0,0.05495787465006641,0.20045546130537995,18.0,5.0,122,162,Pala 1,51.3
28,12,5.0,12.0,0.9409566212589349,0.6885842889075168,18.0,5.0,128,178,Pala 2,63.8
42,16,5.0,12.0,0.5607470778737649,0.8504255619876321,18.0,5.0,53,92,Pala 2,71.8
31,3,5.0,12.0,0.6587776784877045,0.40926228269976783,18.0,5.0,116,115,Pala 2,38.6
25,13,5.0,12.0,0.3676895225363531,0.979890322471206,18.0,5.0,96,113,Pala 2,62.5
15,19,5.0,12.0,0.7819942855110603,0.21607173267337287,18.0,5.0,171,169,Pala 1,65.3
24,12,5.0,12.0,0.16656625008440606,0.41669928204343887,18.0,5.0,97,163,Pala 2,60.4
27,2,5.0,12.0,0.04891182527848703,0.37852304346325316,18.0,5.0,135,138,Pala 2,31.9
8,25,5.0,12.0,0.39551694310755714,0.9302959407264291,18.0,5.0,148,133,Pala 1,47.7
0,25,5.0,12.0,0.8536957139810395,0.2853785175725395,18.0,5.0,61,64,Pala 1,26.7
28,17,5.0,12.0,0.7549268366376947,0.4707907780422156,18.0,5.0,149,104,Pala 2,72.6
21,31,5.0,12.0,0.517155970488958,0.18723383961532947,18.0,5.0,174,154,Pala 1,75.2
15,13,5.0,12.0,0.5721377471653535,0.5212662385624438,18.0,5.0,159,81,Pala 1,60.9
40,46,5.0,12.0,0.12989282629875543,0.8574041694635911,18.0,5.0,107,62,Pala 1,122.6
43,2,5.0,12.0,0.8406815086175822,0.3040394618905642,18.0,5.0,67,43,Pala 2,30.5
40,0,5.0,12.0,0.7869596829641969,0.8107920721628282,18.0,5.0,84,82,Pala 2,29.4
6,25,5.0,12.0,0.6564703938869427,0.911311582175626,18.0,5.0,63,90,Pala 1,41.6
13,23,5.0,12.0,0.46619103632893844,0.07295788971456363,18.0,5.0,75,42,Pala 1,52.4
28,48,5.0,12.0,0.9644592682795124,0.756424536319251,18.0,5.0,159,44,Pala 1,105.7
18,34,5.0,12.0,0.8790319718764711,0.2553434361504908,18.0,5.0,99,84,Pala 1,71.0
18,13,5.0,12.0,0.6444304935146186,0.17532766253662913,18.0,5.0,65,76,Pala 2,58.5
1,2,5.0,12.0,0.3718009977172879,0.601122392025036,18.0,5.0,179,126,Pala 1,26.0
40,12,5.0,12.0,0.6180222786815124,0.7056026162286997,18.0,5.0,98,104,Pala 2,64.1
44,46,5.0,12.0,0.5754409265306654,0.3947609857352138,18.0,5.0,134,44,Pala 1,133.5
14,49,5.0,12.0,0.3942419878349164,0.03917370708219059,18.0,5.0,83,50,Pala 1,53.9
2,13,5.0,12.0,0.3066739716880761,0.9087045241967932,18.0,5.0,179,65,Pala 1,30.1
10,20,5.0,12.0,0.4070107922373224,0.730746916847495,18.0,5.0,141,73,Pala 1,52.9
45,25,5.0,12.0,0.5739114060333979,0.2716668066830147,18.0,5.0,136,158,Pala 2,91.8
29,2,5.0,12.0,0.4281348447110944,0.4968638557447399,18.0,5.0,82,71,Pala 2,37.1
39,39,5.0,12.0,0.26357448820138385,0.027792789967078013,18.0,5.0,146,62,Pala 1,115.6
17,3,5.0,12.0,0.7609633177608087,0.33928278180594185,18.0,5.0,135,132,Pala 2,38.8
47,35,5.0,12.0,0.5314674959574129,0.5225352355851183,18.0,5.0,122,69,Pala 2,113.6
1,42,5.0,12.0,0.06767516322559997,0.5172236151162501,18.0,5.0,88,126,Pala 1,19.2
31,0,5.0,12.0,0.3683165056261255,0.20818487800854113,18.0,5.0,126,144,Pala 2,29.3
7,39,5.0,12.0,0.8849134572119935,0.7767473661838907,18.0,5.0,115,131,Pala 1,48.9
21,46,5.0,12.0,0.7552365311999519,0.29886215852664344,18.0,5.0,56,93,Pala 1,74.3
5,32,5.0,12.0,0.3232467839440071,0.5804100231779726,18.0,5.0,101,176,Pala 1,37.4
11,6,5.0,12.0,0.9381831520445091,0.2715222255379748,18.0,5.0,151,57,Pala 2,44.8
46,10,5.0,12.0,0.07660290835821015,0.42516787298677017,18.0,5.0,163,109,Pala 2,51.9
39,26,5.0,12.0,0.9612347038921889,0.20751462525023023,18.0,5.0,54,141,Pala 2,96.8
35,13,5.0,12.0,0.24570509248467565,0.6330077925320383,18.0,5.0,127,115,Pala 2,64.7
14,21,5.0,12.0,0.009094180302419264,0.4255843601413507,18.0,5.0,166,135,Pala 1,50.3
27,15,5.0,12.0,0.4338080365183268,0.016117304487764272,18.0,5.0,93,77,Pala 2,64.6
48,45,5.0,12.0,0.35897042968700865,0.028164994016766087,18.0,5.0,176,38,Pala 2,135.7
44,11,5.0,12.0,0.5390890052067938,0.4711343184714222,18.0,5.0,142,175,Pala 2,58.3
17,48,5.0,12.0,0.7967728605698454,0.18322586690535436,18.0,5.0,94,139,Pala 1,65.4
1,45,5.0,12.0,0.8424308021504471,0.5850420481447424,18.0,5.0,127,112,Pala 1,34.0
12,9,5.0,12.0,0.4012299996116918,0.4081917817720213,18.0,5.0,174,107,Pala 1,49.0
44,23,5.0,12.0,0.4298457437063502,0.6544198355397227,18.0,5.0,63,95,Pala 2,87.0
14,45,5.0,12.0,0.14817773032947368,0.9523951740639516,18.0,5.0,170,168,Pala 1,60.9
19,17,5.0,12.0,0.047547608881163494,0.5287361347952536,18.0,5.0,88,119,Pala 1,62.4
28,21,5.0,12.0,0.6412149902350247,0.7873786035900996,18.0,5.0,118,101,Pala 2,81.2
41,8,5.0,12.0,0.06443762555269228,0.7530409963159371,18.0,5.0,105,44,Pala 2,48.9
28,16,5.0,12.0,0.7338301194214559,0.9217911043238652,18.0,5.0,178,138,Pala 2,73.0
2,37,5.0,12.0,0.5390901450222475,0.2140178672380062,18.0,5.0,130,69,Pala 1,30.6
18,39,5.0,12.0,0.1985829782260834,0.8273269707849409,18.0,5.0,139,170,Pala 1,69.2
2,12,5.0,12.0,0.5395229435126496,0.9055203785046868,18.0,5.0,35,115,Pala 1,30.3
13,49,5.0,12.0,0.18299771660209885,0.39276298094757767,18.0,5.0,138,62,Pala 1,49.5
39,36,5.0,12.0,0.438737207510412,0.31381619459896815,18.0,5.0,40,155,Pala 1,116.7
3,5,5.0,12.0,0.7995603162422289,0.9520359096782878,18.0,5.0,109,159,Pala 1,35.7
10,20,5.0,12.0,0.4619192934106374,0.627632822138868,18.0,5.0,179,138,Pala 1,48.6
30,35,5.0,12.0,0.14869931829754823,0.38067648524146835,18.0,5.0,168,139,Pala 1,96.7
42,6,5.0,12.0,0.7238286818229451,0.7918277209316302,18.0,5.0,55,45,Pala 2,44.2
31,35,5.0,12.0,0.18676841627000884,0.3044739016157151,18.0,5.0,135,43,Pala 1,94.9
26,24,5.0,12.0,0.7385498743701094,0.17640758606986207,18.0,5.0,178,75,Pala 2,87.0
29,10,5.0,12.0,0.4793522892158333,0.5439696357977055,18.0,5.0,44,79,Pala 2,53.8
42,43,5.0,12.0,0.4537417590943016,0.5662120449106034,18.0,5.0,132,142,Pala 1,130.6
1,13,5.0,12.0,0.8514350378574748,0.825746482267338,18.0,5.0,168,162,Pala 1,34.6
48,44,5.0,12.0,0.7086035243406688,0.45702735502043,18.0,5.0,135,72,Pala 2,135.8
8,28,5.0,12.0,0.03291079695493926,0.8145865395053415,18.0,5.0,97,175,Pala 1,42.7
27,9,5.0,12.0,0.2961743146016024,0.31132267934833846,18.0,5.0,118,77,Pala 2,54.8
30,49,5.0,12.0,0.8709206608498986,0.5753682021777919,18.0,5.0,58,171,Pala 1,107.9
33,47,5.0,12.0,0.01832616854519864,0.2084727789007158,18.0,5.0,93,50,Pala 1,94.0
14,4,5.0,12.0,0.5452534462619704,0.3854459509165964,18.0,5.0,125,84,Pala 2,38.8
47,7,5.0,12.0,0.7278256691739439,0.8575396978328511,18.0,5.0,57,145,Pala 2,47.6
24,45,5.0,12.0,0.6218560854845758,0.21598819343575504,18.0,5.0,113,137,Pala 1,83.2
35,4,5.0,12.0,0.7605322021044364,0.8102394628992677,18.0,5.0,52,31,Pala 2,39.4
7,23,5.0,12.0,0.7256918489147458,0.2828716578474062,18.0,5.0,68,160,Pala 1,41.2
8,39,5.0,12.0,0.6920306951531133,0.03448971967945369,18.0,5.0,98,42,Pala 1,43.7
36,25,5.0,12.0,0.8215398609256521,0.10993457005684626,18.0,5.0,50,50,Pala 2,87.5
47,5,5.0,12.0,0.6456906684495384,0.7458795453207882,18.0,5.0,149,177,Pala 2,45.8
44,15,5.0,12.0,0.40241849425698206,0.26207092650214825,18.0,5.0,115,154,Pala 2,67.1
38,35,5.0,12.0,0.47190910991458757,0.6541455922412722,18.0,5.0,123,175,Pala 2,122.0
31,11,5.0,12.0,0.7167247826814506,0.6991989027572331,18.0,5.0,121,67,Pala 2,57.1
16,10,5.0,12.0,0.8763060296667939,0.34511846443468486,18.0,5.0,110,54,Pala 2,51.8
34,2,5.0,12.0,0.2722188008397757,0.47491898721114023,18.0,5.0,114,172,Pala 2,31.5
36,43,5.0,12.0,0.34207679597107077,0.4037670904558106,18.0,5.0,156,126,Pala 1,110.6
18,36,5.0,12.0,0.9307393963624127,0.947348996354534,18.0,5.0,117,61,Pala 1,77.2
43,5,5.0,12.0,0.5785117924094454,0.31994886235158737,18.0,5.0,123,72,Pala 2,39.3
28,18,5.0,12.0,0.17896181713500103,0.18332304222496076,18.0,5.0,157,42,Pala 2,71.7
6,17,5.0,12.0,0.6636951389123827,0.36559284287557825,18.0,5.0,71,107,Pala 1,41.1
27,15,5.0,12.0,0.9907621555393796,0.6695157076020122,18.0,5.0,128,54,Pala 2,69.7
8,22,5.0,12.0,0.8234535644704001,0.6973626903614653,18.0,5.0,163,78,Pala 1,52.9
27,42,5.0,12.0,0.7457411365514027,0.9240573153600069,18.0,5.0,165,117,Pala 1,99.1
5,36,5.0,12.0,0.20804665426626923,0.8817544848758092,18.0,5.0,98,149,Pala 1,36.8
28,8,5.0,12.0,0.8761397846840072,0.2883205204172755,18.0,5.0,69,165,Pala 2,50.4
16,2,5.0,12.0,0.5257888435355464,0.4551632489675964,18.0,5.0,167,155,Pala 2,35.8
15,7,5.0,12.0,0.8892900220719556,0.747268988183434,18.0,5.0,60,40,Pala 2,48.1
22,37,5.0,12.0,0.3298278294248793,0.9165372806020251,18.0,5.0,59,39,Pala 1,77.4
30,3,5.0,12.0,0.06205105263543276,0.3371650128568918,18.0,5.0,114,88,Pala 2,35.7
2,11,5.0,12.0,0.4759759686597461,0.4444414341769959,18.0,5.0,90,94,Pala 1,29.6
20,43,5.0,12.0,0.26983760481787766,0.8994782704536088,18.0,5.0,56,162,Pala 1,72.7
25,30,5.0,12.0,0.7152292897762982,0.3584838731584227,18.0,5.0,64,109,Pala 1,87.1
35,24,5.0,12.0,0.9571065528560324,0.48051298619173577,18.0,5.0,89,177,Pala 2,93.4
41,15,5.0,12.0,0.6909741511515639,0.9045041412180789,18.0,5.0,61,121,Pala 2,67.5
36,41,5.0,12.0,0.8869339297092035,0.8022432179898482,18.0,5.0,119,162,Pala 1,122.9
21,13,5.0,12.0,0.45302401360120637,0.2434309250098028,18.0,5.0,161,141,Pala 2,61.4
41,12,5.0,12.0,0.7716407371953017,0.32479506541193337,18.0,5.0,120,116,Pala 2,62.7
11,40,5.0,12.0,0.8430434366717035,0.3529587274593391,18.0,5.0,129,142,Pala 1,56.0
41,6,5.0,12.0,0.7108756275835424,0.9127384734310597,18.0,5.0,56,147,Pala 2,46.7
12,11,5.0,12.0,0.5077772860695646,0.9989337371045391,18.0,5.0,76,121,Pala 2,56.1
10,36,5.0,12.0,0.625866109615368,0.7740043021554399,18.0,5.0,163,30,Pala 1,52.4
15,49,5.0,12.0,0.7005069956788803,0.4843263024935066,18.0,5.0,55,141,Pala 1,63.9
7,3,5.0,12.0,0.2530844032214269,0.010173818067478968,18.0,5.0,53,148,Pala 1,32.8
39,1,5.0,12.0,0.8095792609149848,0.6974880565979574,18.0,5.0,148,149,Pala 2,33.9
39,34,5.0,12.0,0.9503245389672733,0.3893611644977847,18.0,5.0,73,63,Pala 2,119.3
44,43,5.0,12.0,0.465239315179936,0.6329864702286054,18.0,5.0,171,124,Pala 2,138.6
1,2,5.0,12.0,0.7010671831098774,0.6066939634624288,18.0,5.0,170,61,Pala 1,30.2
29,3,5.0,12.0,0.737025905790354,0.4808320565743873,18.0,5.0,72,145,Pala 2,36.6
29,37,5.0,12.0,0.6622475475214803,0.944387397726323,18.0,5.0,72,51,Pala 1,97.8
11,11,5.0,12.0,0.5471151083286355,0.023146345355341658,18.0,5.0,95,127,Pala 1,47.7
9,18,5.0,12.0,0.8816479545748106,0.7121324844725883,18.0,5.0,139,74,Pala 1,54.1
43,9,5.0,12.0,0.44892670926889444,0.409839868299546,18.0,5.0,140,96,Pala 2,52.8
10,0,5.0,12.0,0.06110295648660358,0.7137904504916113,18.0,5.0,30,50,Pala 2,25.8
14,16,5.0,12.0,0.8445563757121602,0.6752196475396319,18.0,5.0,169,178,Pala 1,66.1
15,15,5.0,12.0,0.6739812723165507,0.010238002575995386,18.0,5.0,139,58,Pala 1,56.6
16,8,5.0,12.0,0.8492586264996466,0.28533849517467125,18.0,5.0,89,62,Pala 2,47.2
25,8,5.0,12.0,0.1385474424446943,0.18909152050378042,18.0,5.0,55,119,Pala 2,51.0
1,8,5.0,12.0,0.03075294050971633,0.1669863529424923,18.0,5.0,86,155,Pala 1,15.0
49,11,5.0,12.0,0.9343745403825013,0.7284766841211328,18.0,5.0,169,74,Pala 2,58.9
11,40,5.0,12.0,0.14772830585057428,0.2395513490931246,18.0,5.0,162,102,Pala 1,43.2
25,14,5.0,12.0,0.8096523320704518,0.4747376149873008,18.0,5.0,164,111,Pala 2,63.9
22,1,5.0,12.0,0.8232099421806358,0.24698899528567952,18.0,5.0,173,158,Pala 2,35.7
17,10,5.0,12.0,0.708705200549003,0.5802338234353299,18.0,5.0,81,40,Pala 2,52.4
31,10,5.0,12.0,0.13126221109287095,0.720573768059968,18.0,5.0,110,136,Pala 2,51.9
48,7,5.0,12.0,0.6673986245608076,0.3310747386981765,18.0,5.0,178,120,Pala 2,48.2
37,31,5.0,12.0,0.8890865833268656,0.603020848287122,18.0,5.0,56,89,Pala 2,107.2
46,5,5.0,12.0,0.42553164480088324,0.824854774413739,18.0,5.0,140,167,Pala 2,43.1
2,19,5.0,12.0,0.41351685437859886,0.09422428516449166,18.0,5.0,145,131,Pala 1,23.2
37,38,5.0,12.0,0.4428583095794191,0.7106705990412712,18.0,5.0,108,178,Pala 1,114.8
2,34,5.0,12.0,0.08227189067620644,0.3231449444353802,18.0,5.0,52,35,Pala 1,22.8
29,7,5.0,12.0,0.8920255690299734,0.12264995652494426,18.0,5.0,156,154,Pala 2,51.3
0,49,5.0,12.0,0.8691828639805104,0.5456542076143488,18.0,5.0,54,145,Pala 1,27.4
29,48,5.0,12.0,0.9979093217902862,0.22626231926773177,18.0,5.0,168,37,Pala 1,100.2
44,42,5.0,12.0,0.5851831414984134,0.8213617926691577,18.0,5.0,92,99,Pala 1,135.1
31,33,5.0,12.0,0.7511916364513858,0.04289590953107614,18.0,5.0,114,69,Pala 1,100.1
27,18,5.0,12.0,0.2026719063073047,0.09865289627089746,18.0,5.0,148,115,Pala 2,73.3
20,6,5.0,12.0,0.6675288182241695,0.5209961259858169,18.0,5.0,39,58,Pala 2,42.6
45,30,5.0,12.0,0.6497328487573907,0.5889417840769567,18.0,5.0,141,38,Pala 2,107.8
12,17,5.0,12.0,0.9012087358416124,0.7298866645227469,18.0,5.0,158,50,Pala 1,63.0
26,39,5.0,12.0,0.8307927228390741,0.2592607282521938,18.0,5.0,99,61,Pala 1,92.4
35,13,5.0,12.0,0.9384664626177631,0.8417604082132918,18.0,5.0,84,101,Pala 2,64.2
6,38,5.0,12.0,0.8688334727016075,0.9531423397737832,18.0,5.0,127,39,Pala 1,49.7
21,35,5.0,12.0,0.868693894898852,0.4990393035948636,18.0,5.0,115,116,Pala 1,80.0
9,16,5.0,12.0,0.06372332668871827,0.7605313649698012,18.0,5.0,163,113,Pala 1,44.2
38,36,5.0,12.0,0.8459619526959559,0.5248483545437927,18.0,5.0,134,170,Pala 1,119.3
14,43,5.0,12.0,0.6074783945031181,0.06946702941221061,18.0,5.0,53,115,Pala 1,55.1
14,8,5.0,12.0,0.3804444517659612,0.3261115128426211,18.0,5.0,114,70,Pala 2,50.4
3,19,5.0,12.0,0.05651462438806232,0.087486689627015,18.0,5.0,132,60,Pala 1,23.4
31,44,5.0,12.0,0.6776737747680467,0.9888791192550135,18.0,5.0,162,138,Pala 1,106.9
22,27,5.0,12.0,0.32820175053761746,0.2290259120733772,18.0,5.0,164,61,Pala 1,73.3
5,49,5.0,12.0,0.46777626498603475,0.6359004194157187,18.0,5.0,160,42,Pala 1,35.6
23,19,5.0,12.0,0.6817284370551343,0.28434510194493734,18.0,5.0,170,150,Pala 2,76.6
19,40,5.0,12.0,0.9117745470241428,0.6532462153559259,18.0,5.0,105,147,Pala 1,81.0
36,35,5.0,12.0,0.8254369156049984,0.21040169087048244,18.0,5.0,163,135,Pala 1,116.6
19,26,5.0,12.0,0.45059712910359984,0.7852700659100745,18.0,5.0,127,44,Pala 1,74.2
11,7,5.0,12.0,0.3877831574463789,0.11081160283663549,18.0,5.0,76,93,Pala 2,45.1
32,31,5.0,12.0,0.23977973884404746,0.8951504000902802,18.0,5.0,84,146,Pala 1,104.0
27,0,5.0,12.0,0.37242675117596824,0.8404216925407945,18.0,5.0,78,37,Pala 2,26.8
7,16,5.0,12.0,0.11104638729189831,0.6788073436383856,18.0,5.0,32,174,Pala 1,34.6
0,8,5.0,12.0,0.9711055083647545,0.06741462714284785,18.0,5.0,51,34,Pala 1,28.9
36,19,5.0,12.0,0.5739174439595789,0.20856902832892832,18.0,5.0,64,170,Pala 2,79.3
21,44,5.0,12.0,0.1278058427952129,0.859361595691076,18.0,5.0,57,50,Pala 1,69.5
5,31,5.0,12.0,0.3528060092659058,0.12197443430259514,18.0,5.0,169,146,Pala 1,32.4
20,1,5.0,12.0,0.547039143620656,0.15593209630802007,18.0,5.0,158,153,Pala 2,31.5
31,31,5.0,12.0,0.5328856366408696,0.5440033237555207,18.0,5.0,129,144,Pala 1,99.8
34,44,5.0,12.0,0.035503368718632355,0.2741774396743437,18.0,5.0,146,73,Pala 1,98.3
14,8,5.0,12.0,0.9508410342291114,0.2220756999439295,18.0,5.0,52,82,Pala 2,52.0
4,29,5.0,12.0,0.2753756814749446,0.5758134318481806,18.0,5.0,130,95,Pala 1,27.8
45,19,5.0,12.0,0.01618466893189119,0.37257667645802905,18.0,5.0,57,178,Pala 2,75.1
49,37,5.0,12.0,0.07644400895028247,0.14055989676966874,18.0,5.0,142,134,Pala 2,120.6
47,0,5.0,12.0,0.580194903247977,0.5348537675454644,18.0,5.0,146,155,Pala 2,29.3
5,4,5.0,12.0,0.13778552067509686,0.38701240327862274,18.0,5.0,154,149,Pala 1,32.0
24,34,5.0,12.0,0.04172479285350328,0.7345167742737694,18.0,5.0,83,86,Pala 1,81.7
45,35,5.0,12.0,0.37962646641271136,0.1027554423205892,18.0,5.0,85,84,Pala 2,114.2
39,0,5.0,12.0,0.6227611923401886,0.6206132439459738,18.0,5.0,39,159,Pala 2,32.4
28,13,5.0,12.0,0.11183980484161238,0.4364933269432477,18.0,5.0,162,123,Pala 2,56.4
6,8,5.0,12.0,0.31332783215131554,0.4060618750524041,18.0,5.0,171,94,Pala 1,34.1
39,29,5.0,12.0,0.4177606716245422,0.2322876880083412,18.0,5.0,57,139,Pala 2,99.5
12,23,5.0,12.0,0.15946009778676717,0.03042602820271112,18.0,5.0,50,160,Pala 1,39.6
37,3,5.0,12.0,0.5060738984667101,0.8476891943646455,18.0,5.0,105,34,Pala 2,34.9
17,49,5.0,12.0,0.0852140869017709,0.3264100860344259,18.0,5.0,49,95,Pala 1,57.3
1,13,5.0,12.0,0.04651849634506866,0.6810910397298471,18.0,5.0,144,119,Pala 1,22.4
7,24,5.0,12.0,0.5198353671551348,0.9475873997767074,18.0,5.0,125,175,Pala 1,43.7
10,3,5.0,12.0,0.24789697275087563,0.5649902980821316,18.0,5.0,80,166,Pala 2,34.3
32,24,5.0,12.0,0.09537380789802752,0.3971469025198663,18.0,5.0,131,179,Pala 2,86.0
37,9,5.0,12.0,0.4239125874876323,0.2682735663487037,18.0,5.0,69,169,Pala 2,49.3
47,34,5.0,12.0,0.9151407395173947,0.9340437926474934,18.0,5.0,114,66,Pala 2,113.8
26,6,5.0,12.0,0.7241924466541549,0.6820768180511428,18.0,5.0,110,148,Pala 2,46.3
19,41,5.0,12.0,0.8156159153470276,0.6652813932565596,18.0,5.0,144,127,Pala 1,76.9
11,12,5.0,12.0,0.8719139887586365,0.42615832514527696,18.0,5.0,137,83,Pala 2,56.6
42,3,5.0,12.0,0.9726277413964189,0.8450487128674307,18.0,5.0,31,151,Pala 2,38.2
30,49,5.0,12.0,0.763246573514173,0.7136721870094871,18.0,5.0,43,96,Pala 1,103.4
26,42,5.0,12.0,0.6084079219394797,0.2831832717810161,18.0,5.0,43,85,Pala 1,86.5
31,35,5.0,12.0,0.3654258803022472,0.599578660025048,18.0,5.0,73,75,Pala 1,96.5
9,13,5.0,12.0,0.18164323655771608,0.43019395460126564,18.0,5.0,69,34,Pala 1,40.6
2,17,5.0,12.0,0.6866598739832943,0.006590162829713031,18.0,5.0,63,85,Pala 1,24.1
44,7,5.0,12.0,0.9949499861219419,0.8076234315017974,18.0,5.0,94,91,Pala 2,50.8
26,31,5.0,12.0,0.46735868461891905,0.1228303489197008,18.0,5.0,47,170,Pala 1,84.8
34,26,5.0,12.0,0.7236793680928076,0.5099545060026142,18.0,5.0,141,88,Pala 2,94.7
30,41,5.0,12.0,0.49509244999315616,0.3362261930848156,18.0,5.0,63,57,Pala 1,98.3
14,36,5.0,12.0,0.4319334233634766,0.3420890412006775,18.0,5.0,116,35,Pala 1,58.9
15,22,5.0,12.0,0.4103056135599151,0.477364883413808,18.0,5.0,109,90,Pala 1,59.8
12,6,5.0,12.0,0.5046246829316976,0.997023104019745,18.0,5.0,153,122,Pala 2,45.4
48,11,5.0,12.0,0.36689566186537503,0.4083796806314758,18.0,5.0,91,41,Pala 2,51.4
34,24,5.0,12.0,0.7487733218218078,0.1823292298165724,18.0,5.0,157,91,Pala 2,92.3
10,2,5.0,12.0,0.8742720265915166,0.6136063380493689,18.0,5.0,99,141,Pala 2,35.9
20,25,5.0,12.0,0.8828853066451842,0.23628770803952126,18.0,5.0,77,34,Pala 1,75.0
10,3,5.0,12.0,0.22769871342582593,0.10554913671295041,18.0,5.0,109,95,Pala 2,34.5
29,41,5.0,12.0,0.8959091387314908,0.05017417206592911,18.0,5.0,68,97,Pala 1,93.0
47,35,5.0,12.0,0.34155123185510505,0.022881274019683873,18.0,5.0,99,115,Pala 2,114.6
34,14,5.0,12.0,0.30930766548529764,0.4311646483110637,18.0,5.0,109,138,Pala 2,58.9
21,31,5.0,12.0,0.7267560573982359,0.42672577987339366,18.0,5.0,38,143,Pala 1,75.6
37,28,5.0,12.0,0.30469634008628943,0.18554540007795295,18.0,5.0,58,109,Pala 2,97.5
30,9,5.0,12.0,0.05296640560971011,0.7840190537712093,18.0,5.0,147,95,Pala 2,51.9
13,20,5.0,12.0,0.373617772310308,0.12927062791987876,18.0,5.0,91,105,Pala 1,50.0
23,15,5.0,12.0,0.721465600358349,0.9153171926393024,18.0,5.0,171,34,Pala 2,66.4
49,46,5.0,12.0,0.3269584202701765,0.5875759776432724,18.0,5.0,72,162,Pala 1,142.6
48,18,5.0,12.0,0.6295590559951465,0.02761637610492962,18.0,5.0,117,115,Pala 2,74.8
31,28,5.0,12.0,0.6601194442631304,0.9629726257427166,18.0,5.0,37,170,Pala 2,102.5
35,17,5.0,12.0,0.7337360117263562,0.3079412595458536,18.0,5.0,54,109,Pala 2,77.5
31,43,5.0,12.0,0.8971304663109364,0.4499749595778534,18.0,5.0,161,119,Pala 1,104.5
14,15,5.0,12.0,0.43256449926843143,0.28426869299455215,18.0,5.0,44,166,Pala 1,60.5
42,0,5.0,12.0,0.16643207666245707,0.7284212980337775,18.0,5.0,45,61,Pala 2,29.9
34,47,5.0,12.0,0.3189257154318894,0.48568022071953865,18.0,5.0,83,112,Pala 1,105.7
2,1,5.0,12.0,0.4321672551739859,0.1323729594025026,18.0,5.0,156,65,Pala 1,25.5
15,14,5.0,12.0,0.7138914693281131,0.10420395235945379,18.0,5.0,40,172,Pala 1,59.0
4,38,5.0,12.0,0.013122125561633502,0.7253754133245748,18.0,5.0,57,166,Pala 1,29.1
20,27,5.0,12.0,0.31578538343987894,0.2370814049312715,18.0,5.0,36,45,Pala 1,65.8
9,0,5.0,12.0,0.7798425810193168,0.13779337463847252,18.0,5.0,143,35,Pala 2,29.6
18,4,5.0,12.0,0.6708577033306954,0.4994275969978428,18.0,5.0,157,101,Pala 2,39.6
24,41,5.0,12.0,0.7317399735856052,0.802765287536304,18.0,5.0,67,139,Pala 1,85.2
3,21,5.0,12.0,0.8118107694391947,0.27878274587313046,18.0,5.0,97,129,Pala 1,36.9
28,35,5.0,12.0,0.7832357188779623,0.27643161170080777,18.0,5.0,66,88,Pala 1,96.5
18,45,5.0,12.0,0.6821831661527781,0.8338812602603769,18.0,5.0,149,65,Pala 1,78.9
42,12,5.0,12.0,0.4396615323705906,0.14783379456878265,18.0,5.0,64,63,Pala 2,60.0
1,0,5.0,12.0,0.9835983288781539,0.6167275917865472,18.0,5.0,163,159,Pala 2,30.3
9,15,5.0,12.0,0.5690731955900737,0.9550134829825855,18.0,5.0,139,42,Pala 1,48.6
42,40,5.0,12.0,0.20276920936883913,0.8413031495773076,18.0,5.0,145,86,Pala 2,128.1
24,21,5.0,12.0,0.2928128551047844,0.061815233779729195,18.0,5.0,139,36,Pala 1,75.6
19,31,5.0,12.0,0.69356245597047,0.3199108765616254,18.0,5.0,131,88,Pala 1,73.2
47,15,5.0,12.0,0.9247395651994635,0.14237446559261635,18.0,5.0,128,140,Pala 2,64.9
18,14,5.0,12.0,0.17872012920589753,0.9492406376871397,18.0,5.0,171,145,Pala 2,64.3
22,45,5.0,12.0,0.08234649574578634,0.9859415662220812,18.0,5.0,176,80,Pala 1,77.6
23,41,5.0,12.0,0.8815310480420061,0.2349930205400379,18.0,5.0,168,32,Pala 1,82.9
10,11,5.0,12.0,0.9152779789128344,0.6696990448287525,18.0,5.0,100,83,Pala 2,57.0
45,0,5.0,12.0,0.27637934531589947,0.8416317320471184,18.0,5.0,117,123,Pala 2,29.0
33,16,5.0,12.0,0.37728572437123986,0.23368028441447652,18.0,5.0,117,63,Pala 2,69.0
27,40,5.0,12.0,0.6601879974978584,0.18768063432097748,18.0,5.0,107,52,Pala 1,87.2
4,49,5.0,12.0,0.3299300208424748,0.011211023247280294,18.0,5.0,40,77,Pala 1,29.1
4,27,5.0,12.0,0.8771587082700529,0.4119624569415259,18.0,5.0,156,84,Pala 1,41.3
20,6,5.0,12.0,0.10757870271386272,0.8994374623947164,18.0,5.0,108,46,Pala 2,43.8
11,8,5.0,12.0,0.03798222096019521,0.9029796490563489,18.0,5.0,103,108,Pala 2,46.7
49,21,5.0,12.0,0.2084862067427895,0.12774312750901629,18.0,5.0,46,91,Pala 2,81.0
3,25,5.0,12.0,0.286087778204969,0.20435248052839494,18.0,5.0,167,154,Pala 1,24.7
48,11,5.0,12.0,0.11292659128887506,0.4080473309345336,18.0,5.0,35,90,Pala 2,54.6
41,6,5.0,12.0,0.06569042934064673,0.7806245451637019,18.0,5.0,177,73,Pala 2,40.6
19,45,5.0,12.0,0.7556077135017982,0.6118514835317286,18.0,5.0,30,100,Pala 1,77.2
37,46,5.0,12.0,0.16427656590225737,0.5138497435202164,18.0,5.0,93,154,Pala 1,112.9
24,14,5.0,12.0,0.913922199066304,0.5919318842226031,18.0,5.0,30,157,Pala 2,66.1
13,37,5.0,12.0,0.36799966144809604,0.09619969380229665,18.0,5.0,130,32,Pala 1,52.2
10,20,5.0,12.0,0.6706058097213454,0.477663642254907,18.0,5.0,30,96,Pala 1,46.7
31,13,5.0,12.0,0.22540211476880023,0.9920632895391284,18.0,5.0,138,141,Pala 2,57.8
10,1,5.0,12.0,0.24032276849186684,0.08844614693908781,18.0,5.0,89,128,Pala 2,31.0
17,7,5.0,12.0,0.5747092028675753,0.5192466776348864,18.0,5.0,72,165,Pala 2,47.0
26,44,5.0,12.0,0.5606429251459861,0.2956492616573746,18.0,5.0,67,149,Pala 1,90.6
17,5,5.0,12.0,0.7687292280120813,0.539913296861959,18.0,5.0,136,172,Pala 2,43.0
22,36,5.0,12.0,0.757813305694266,0.5738187600337467,18.0,5.0,31,162,Pala 1,83.9
10,36,5.0,12.0,0.6706877646636611,0.5774728981194759,18.0,5.0,111,170,Pala 1,52.8
20,32,5.0,12.0,0.449130565893491,0.8522087853108866,18.0,5.0,169,132,Pala 1,76.9
43,40,5.0,12.0,0.8906403862806171,0.3897474146736609,18.0,5.0,140,169,Pala 2,129.1
4,5,5.0,12.0,0.6225784902212987,0.5163541626664959,18.0,5.0,38,92,Pala 1,35.1
22,25,5.0,12.0,0.9901984904623572,0.010928398967748554,18.0,5.0,165,165,Pala 1,84.0
40,38,5.0,12.0,0.8193698179343586,0.7895506015797668,18.0,5.0,109,63,Pala 2,124.8
24,40,5.0,12.0,0.044309811238326224,0.2594877073758529,18.0,5.0,91,51,Pala 1,75.4
40,36,5.0,12.0,0.32059390708031776,0.8165550240405164,18.0,5.0,52,79,Pala 2,118.6
9,13,5.0,12.0,0.5718757164709517,0.2656386663803172,18.0,5.0,122,169,Pala 1,41.7
21,36,5.0,12.0,0.7214695378714872,0.010788496262492231,18.0,5.0,88,179,Pala 1,78.6
18,7,5.0,12.0,0.5503364977619415,0.15483131819344675,18.0,5.0,39,120,Pala 2,48.4
0,38,5.0,12.0,0.7861304224621818,0.985682902572168,18.0,5.0,169,111,Pala 1,31.7
6,12,5.0,12.0,0.2826556527573446,0.31980124594798853,18.0,5.0,154,48,Pala 1,32.6
3,12,5.0,12.0,0.18391205123282506,0.10882390201274716,18.0,5.0,145,152,Pala 1,18.5
0,39,5.0,12.0,0.0539166837897701,0.11875880362575053,18.0,5.0,103,162,Pala 1,9.0
14,42,5.0,12.0,0.5733137445715221,0.3103427140572238,18.0,5.0,70,45,Pala 1,56.6
39,27,5.0,12.0,0.6885995206754952,0.037645041116763034,18.0,5.0,132,142,Pala 2,97.6
11,17,5.0,12.0,0.3261497171193616,0.5114885881219537,18.0,5.0,36,48,Pala 1,49.1
21,18,5.0,12.0,0.6135841848558766,0.21374091548932017,18.0,5.0,123,137,Pala 2,74.7
21,37,5.0,12.0,0.05215723085332924,0.5193106413968722,18.0,5.0,145,51,Pala 1,68.3
49,31,5.0,12.0,0.09929334629680364,0.14076421869922018,18.0,5.0,134,174,Pala 2,108.2
46,21,5.0,12.0,0.7017547722584984,0.42985722901749235,18.0,5.0,81,64,Pala 2,82.6
16,1,5.0,12.0,0.36806970521729876,0.5979168584012445,18.0,5.0,74,102,Pala 2,24.6
28,12,5.0,12.0,0.6713340311030056,0.06199993833810802,18.0,5.0,67,84,Pala 2,57.3
45,22,5.0,12.0,0.8317211202799181,0.39874930925105856,18.0,5.0,110,162,Pala 2,87.5
13,24,5.0,12.0,0.8526224374761169,0.3025238209896878,18.0,5.0,114,102,Pala 1,61.4
49,27,5.0,12.0,0.17216764546445096,0.24035981648863403,18.0,5.0,87,144,Pala 2,95.0
19,10,5.0,12.0,0.4862855723513465,0.6045346260844965,18.0,5.0,75,40,Pala 2,54.0
49,32,5.0,12.0,0.7339267236324865,0.5885419857654073,18.0,5.0,152,107,Pala 2,109.5
47,23,5.0,12.0,0.7739805962669104,0.6306998066776935,18.0,5.0,175,139,Pala 2,90.2
32,1,5.0,12.0,0.7846759807288776,0.15888267043252136,18.0,5.0,159,113,Pala 2,30.8
42,29,5.0,12.0,0.22816733438058445,0.28570924486232774,18.0,5.0,133,126,Pala 2,98.7
14,16,5.0,12.0,0.19253481772377334,0.20967877799507872,18.0,5.0,141,161,Pala 1,51.1
11,39,5.0,12.0,0.5900124682736959,0.5405036049978419,18.0,5.0,161,156,Pala 1,51.9
39,33,5.0,12.0,0.7410857977382197,0.4610656892096163,18.0,5.0,125,109,Pala 2,114.8
19,37,5.0,12.0,0.3191395155341933,0.33029373759275005,18.0,5.0,112,144,Pala 1,69.8
29,21,5.0,12.0,0.10470515686242154,0.7860148088684331,18.0,5.0,78,93,Pala 2,79.3
37,4,5.0,12.0,0.7167463829100775,0.0939737444083828,18.0,5.0,146,96,Pala 2,37.5
2,47,5.0,12.0,0.2996978313800045,0.9748966887556422,18.0,5.0,164,125,Pala 1,31.1
27,39,5.0,12.0,0.16636272431172183,0.11654407781531873,18.0,5.0,38,63,Pala 1,84.6
25,15,5.0,12.0,0.14772352839713165,0.7730708125683694,18.0,5.0,56,142,Pala 2,66.7
29,12,5.0,12.0,0.3149095475267163,0.36823018916083183,18.0,5.0,178,118,Pala 2,57.5
12,25,5.0,12.0,0.5926780659137455,0.8652622291318056,18.0,5.0,64,164,Pala 1,56.4
12,30,5.0,12.0,0.3584022386938166,0.07416994878416205,18.0,5.0,117,54,Pala 1,46.7
1,38,5.0,12.0,0.02066185159343159,0.3747217101923378,18.0,5.0,122,57,Pala 1,19.9
36,47,5.0,12.0,0.09690843467781107,0.3354434065002363,18.0,5.0,96,98,Pala 1,104.5
48,22,5.0,12.0,0.2905032471986191,0.9931570382255354,18.0,5.0,72,105,Pala 2,82.6
37,47,5.0,12.0,0.6597044821470919,0.9855489948896256,18.0,5.0,37,111,Pala 1,119.5
1,11,5.0,12.0,0.09851507346853383,0.189803958666388,18.0,5.0,150,165,Pala 1,18.6
35,13,5.0,12.0,0.5606568535006818,0.6299469606983389,18.0,5.0,107,148,Pala 2,61.7
25,17,5.0,12.0,0.11988587082400426,0.5355194199109402,18.0,5.0,65,123,Pala 2,71.1
10,26,5.0,12.0,0.2116153273493815,0.15437349124073874,18.0,5.0,156,166,Pala 1,42.4
7,27,5.0,12.0,0.17218852755576275,0.16777970610442305,18.0,5.0,77,141,Pala 1,35.4
43,17,5.0,12.0,0.06722863557081049,0.9892517284795547,18.0,5.0,164,72,Pala 2,68.5
39,15,5.0,12.0,0.6713298173865903,0.4527299936209327,18.0,5.0,103,54,Pala 2,64.9
42,15,5.0,12.0,0.4634035473860345,0.1258012920000735,18.0,5.0,169,123,Pala 2,66.8
21,12,5.0,12.0,0.8310534408973382,0.21479003873925429,18.0,5.0,84,95,Pala 2,59.9
19,28,5.0,12.0,0.09889083998231696,0.26834806724854965,18.0,5.0,52,46,Pala 1,62.6
7,8,5.0,12.0,0.14473293333807224,0.5109172633186193,18.0,5.0,42,138,Pala 1,30.3
28,25,5.0,12.0,0.3064577313504506,0.3355481295063093,18.0,5.0,82,164,Pala 1,86.6
39,27,5.0,12.0,0.7658659869388081,0.45501178588992097,18.0,5.0,92,51,Pala 2,98.5
25,40,5.0,12.0,0.3057588231556988,0.16649955110136272,18.0,5.0,103,39,Pala 1,76.6
29,12,5.0,12.0,0.4084187074986926,0.3267286905875062,18.0,5.0,80,119,Pala 2,59.3
16,35,5.0,12.0,0.30160356629716456,0.07031659271775403,18.0,5.0,36,170,Pala 1,60.0
19,8,5.0,12.0,0.08022429180102997,0.8897102734758487,18.0,5.0,148,71,Pala 2,48.8
15,46,5.0,12.0,0.9394336228961874,0.19875247716857825,18.0,5.0,79,57,Pala 1,64.1
45,13,5.0,12.0,0.5485389920711888,0.7569001354287388,18.0,5.0,116,129,Pala 2,63.6
42,11,5.0,12.0,0.7878331881854967,0.349551788203346,18.0,5.0,73,40,Pala 2,56.7
6,31,5.0,12.0,0.658357092185296,0.4743973189397933,18.0,5.0,65,166,Pala 1,42.6
15,37,5.0,12.0,0.5142542790619751,0.29126103946122683,18.0,5.0,126,110,Pala 1,59.9
44,2,5.0,12.0,0.08967825665938012,0.6964412711073699,18.0,5.0,132,84,Pala 2,32.3
46,15,5.0,12.0,0.6427335452703044,0.8445464192747074,18.0,5.0,154,34,Pala 2,66.6
47,19,5.0,12.0,0.15537035593683213,0.2862701847395881,18.0,5.0,36,98,Pala 2,74.5
26,31,5.0,12.0,0.4143831693562766,0.24221764366359244,18.0,5.0,123,67,Pala 1,86.7
22,22,5.0,12.0,0.6291131434804303,0.6814402654638969,18.0,5.0,150,95,Pala 1,82.2
23,16,5.0,12.0,0.7822290004721234,0.19515306056772086,18.0,5.0,138,93,Pala 2,70.3
8,15,5.0,12.0,0.6850451757086196,0.6398397656097723,18.0,5.0,66,106,Pala 1,49.3
34,37,5.0,12.0,0.6715335290546288,0.09442807969363554,18.0,5.0,50,48,Pala 1,108.5
19,7,5.0,12.0,0.1490422091752075,0.6201371599606872,18.0,5.0,127,128,Pala 2,44.3
36,18,5.0,12.0,0.3461285400715879,0.5134067340104331,18.0,5.0,75,54,Pala 2,75.7
41,29,5.0,12.0,0.04291227266019415,0.11390571557630835,18.0,5.0,50,77,Pala 2,100.8
16,33,5.0,12.0,0.7194768931764646,0.6491036348645998,18.0,5.0,127,102,Pala 1,64.6
46,13,5.0,12.0,0.9525859813174191,0.44655715703407584,18.0,5.0,101,64,Pala 2,63.4
30,21,5.0,12.0,0.2641103901790758,0.2171150508170857,18.0,5.0,125,172,Pala 2,80.6
7,43,5.0,12.0,0.08769670916230932,0.3533841557021773,18.0,5.0,81,78,Pala 1,30.3
14,16,5.0,12.0,0.4755700767536536,0.49210210563892964,18.0,5.0,58,178,Pala 1,55.5
30,14,5.0,12.0,0.8566982231275688,0.091554227264382,18.0,5.0,98,118,Pala 2,62.4
29,49,5.0,12.0,0.5519741952717797,0.9576094831283543,18.0,5.0,56,115,Pala 1,95.2
45,47,5.0,12.0,0.046777150190113304,0.6655621562121212,18.0,5.0,140,160,Pala 1,131.3
19,31,5.0,12.0,0.974272240527946,0.102534981287696,18.0,5.0,167,154,Pala 1,74.9
38,12,5.0,12.0,0.8286499099626007,0.8228621843284595,18.0,5.0,65,102,Pala 2,59.6
11,20,5.0,12.0,0.13159407705151016,0.3225549309461454,18.0,5.0,124,140,Pala 1,46.4
48,48,5.0,12.0,0.9217977565035089,0.5967995367131839,18.0,5.0,45,174,Pala 1,148.9
16,39,5.0,12.0,0.4506882886051886,0.27714284157957325,18.0,5.0,119,134,Pala 1,65.1
41,32,5.0,12.0,0.3718979905749412,0.7334059449146072,18.0,5.0,137,117,Pala 2,108.4
29,26,5.0,12.0,0.4610533305271882,0.7230089750001023,18.0,5.0,113,37,Pala 2,92.8
28,34,5.0,12.0,0.8345719568709472,0.552043456872418,18.0,5.0,97,163,Pala 1,99.7
18,15,5.0,12.0,0.6594796782867858,0.24092559247157808,18.0,5.0,88,38,Pala 2,65.6
45,27,5.0,12.0,0.059248452399727536,0.2537038075121455,18.0,5.0,60,44,Pala 2,92.2
10,33,5.0,12.0,0.9576043711161709,0.38286279669494294,18.0,5.0,95,93,Pala 1,51.0
33,46,5.0,12.0,0.14778413347831776,0.1450121673962853,18.0,5.0,118,153,Pala 1,96.9
49,0,5.0,12.0,0.7455679517353511,0.3376557131909236,18.0,5.0,32,40,Pala 2,28.1
6,40,5.0,12.0,0.636136530428131,0.6843546012483125,18.0,5.0,136,124,Pala 1,43.5
43,47,5.0,12.0,0.18752804794656086,0.8308452800594213,18.0,5.0,98,149,Pala 1,127.2
33,30,5.0,12.0,0.17073207611304964,0.3325822904933614,18.0,5.0,51,74,Pala 1,98.3
19,35,5.0,12.0,0.870327593704692,0.23359025825436397,18.0,5.0,109,106,Pala 1,73.4
49,43,5.0,12.0,0.41969492349959714,0.8326425783351343,18.0,5.0,82,123,Pala 2,136.7
37,32,5.0,12.0,0.6545765141741385,0.8907040273859212,18.0,5.0,105,88,Pala 2,110.5
23,32,5.0,12.0,0.5040710038566732,0.4100215233120643,18.0,5.0,71,169,Pala 1,78.4
9,38,5.0,12.0,0.7273535170759595,0.02690415384963385,18.0,5.0,33,114,Pala 1,42.9
31,17,5.0,12.0,0.47924237503933054,0.6949616208941519,18.0,5.0,142,55,Pala 2,71.6
14,22,5.0,12.0,0.2873799152555684,0.7840332361831295,18.0,5.0,71,143,Pala 1,59.5
36,22,5.0,12.0,0.3633833709964964,0.01802425316444023,18.0,5.0,126,66,Pala 2,81.5
19,14,5.0,12.0,0.8590776944503427,0.5950308533415132,18.0,5.0,155,52,Pala 2,65.8
2,25,5.0,12.0,0.46803469292272704,0.588368758244175,18.0,5.0,32,94,Pala 1,25.2
36,29,5.0,12.0,0.21344933224460927,0.37870790874791405,18.0,5.0,110,74,Pala 2,98.3
39,24,5.0,12.0,0.9346053880772532,0.7497673258508377,18.0,5.0,168,103,Pala 2,87.7
7,44,5.0,12.0,0.796600456498377,0.42817903811436064,18.0,5.0,110,131,Pala 1,43.4
39,15,5.0,12.0,0.05566614605619913,0.6767759517913641,18.0,5.0,134,57,Pala 2,65.7
43,38,5.0,12.0,0.9989429619805178,0.5171173046351519,18.0,5.0,153,158,Pala 2,126.7
22,47,5.0,12.0,0.6949266964401023,0.24846460470284393,18.0,5.0,128,101,Pala 1,79.3
39,44,5.0,12.0,0.16026659904058693,0.6065008630101317,18.0,5.0,35,70,Pala 1,116.1
10,13,5.0,12.0,0.23716768129859644,0.7369084948458416,18.0,5.0,61,52,Pala 1,49.6
45,16,5.0,12.0,0.6924454812415469,0.9739056734370036,18.0,5.0,40,116,Pala 2,70.9
7,11,5.0,12.0,0.779761055279122,0.38010894680241347,18.0,5.0,72,36,Pala 1,44.1
28,28,5.0,12.0,0.23903594314980614,0.0644725446663511,18.0,5.0,68,101,Pala 1,87.3
29,31,5.0,12.0,0.2569688538992708,0.9879712212213518,18.0,5.0,170,72,Pala 1,100.1
9,23,5.0,12.0,0.30712069487206084,0.6238066594255363,18.0,5.0,42,171,Pala 1,41.3
38,12,5.0,12.0,0.5980183648366367,0.9464504581607692,18.0,5.0,68,43,Pala 2,56.8
27,19,5.0,12.0,0.17181617830127693,0.10382708601111934,18.0,5.0,97,129,Pala 2,75.2
48,14,5.0,12.0,0.10424319888477751,0.34203383987045766,18.0,5.0,133,140,Pala 2,63.5
35,3,5.0,12.0,0.6788640890855135,0.1339366988727243,18.0,5.0,94,120,Pala 2,38.8
12,33,5.0,12.0,0.7790979397931701,0.8355101545820595,18.0,5.0,142,113,Pala 1,61.3
31,27,5.0,12.0,0.5009294044165055,0.8803427414293161,18.0,5.0,36,131,Pala 2,96.7
35,49,5.0,12.0,0.3638327102683854,0.5013116998750204,18.0,5.0,32,43,Pala 1,105.1
36,1,5.0,12.0,0.4320427135264764,0.18660621766203045,18.0,5.0,115,57,Pala 2,31.1
25,46,5.0,12.0,0.3884078338719519,0.12711896903970854,18.0,5.0,78,59,Pala 1,85.9
21,29,5.0,12.0,0.9599849082376752,0.5881641100802067,18.0,5.0,87,108,Pala 1,85.3
3,25,5.0,12.0,0.7680899052191402,0.5063763245853006,18.0,5.0,57,83,Pala 1,35.7
30,46,5.0,12.0,0.20808721485011028,0.6947891023676676,18.0,5.0,144,169,Pala 1,94.8
17,25,5.0,12.0,0.3841891520539801,0.3052072626199912,18.0,5.0,51,143,Pala 1,63.3
37,19,5.0,12.0,0.5440122913631098,0.40236799502436227,18.0,5.0,123,149,Pala 2,76.7
23,41,5.0,12.0,0.6129858620636884,0.021361073851157375,18.0,5.0,130,104,Pala 1,77.8
22,27,5.0,12.0,0.4681838960287671,0.610143045075529,18.0,5.0,100,99,Pala 1,75.6
21,19,5.0,12.0,0.8101266350119591,0.4231435213464778,18.0,5.0,143,96,Pala 2,75.1
1,10,5.0,12.0,0.7676060194582317,0.9197646338134479,18.0,5.0,42,44,Pala 1,31.5
30,9,5.0,12.0,0.5051579186281667,0.6417862977048049,18.0,5.0,179,161,Pala 2,49.1
10,22,5.0,12.0,0.8544293867817304,0.3986944914496938,18.0,5.0,34,127,Pala 1,51.8
27,36,5.0,12.0,0.7510895304423859,0.26358918087335037,18.0,5.0,51,131,Pala 1,89.8
45,40,5.0,12.0,0.7785818487206433,0.9052849426076388,18.0,5.0,156,134,Pala 2,131.1
31,18,5.0,12.0,0.9564007794334166,0.016265074117443268,18.0,5.0,82,115,Pala 2,76.6
4,44,5.0,12.0,0.26646694120920267,0.3269124672523922,18.0,5.0,68,66,Pala 1,28.7
37,17,5.0,12.0,0.2676481623668492,0.943505583788035,18.0,5.0,66,152,Pala 2,70.6
9,48,5.0,12.0,0.8889522556906401,0.6540330069815741,18.0,5.0,60,161,Pala 1,47.7
39,26,5.0,12.0,0.7722263733856795,0.5327190712832991,18.0,5.0,91,39,Pala 2,90.8
45,5,5.0,12.0,0.9265455414356274,0.20353471792042743,18.0,5.0,132,56,Pala 2,41.4
23,9,5.0,12.0,0.06313016032445307,0.8333747742543871,18.0,5.0,110,113,Pala 2,52.9
34,1,5.0,12.0,0.6277570772615966,0.2041990625927761,18.0,5.0,156,34,Pala 2,26.0
43,23,5.0,12.0,0.14462833812344744,0.24825353152124996,18.0,5.0,35,128,Pala 2,86.5
47,37,5.0,12.0,0.5038971982925826,0.19185114287185523,18.0,5.0,134,158,Pala 2,120.4
22,27,5.0,12.0,0.15574693185344424,0.15814946056952195,18.0,5.0,110,60,Pala 1,71.7
16,27,5.0,12.0,0.12807850898487927,0.9533124959788029,18.0,5.0,116,48,Pala 1,62.4
0,44,5.0,12.0,0.012168345382033152,0.6020315961413084,18.0,5.0,81,83,Pala 1,16.3
30,49,5.0,12.0,0.6302388123829044,0.637837132010094,18.0,5.0,42,157,Pala 1,99.6
30,38,5.0,12.0,0.35902261669008606,0.9543254656787835,18.0,5.0,82,161,Pala 1,100.3
41,1,5.0,12.0,0.1051882848789717,0.23057505512556264,18.0,5.0,177,77,Pala 2,27.4
41,45,5.0,12.0,0.32283777773130984,0.0059175385976920625,18.0,5.0,163,78,Pala 1,119.4
33,4,5.0,12.0,0.16894409145158495,0.5988836495702912,18.0,5.0,84,146,Pala 2,37.1
8,49,5.0,12.0,0.9416948315016594,0.5078448532241586,18.0,5.0,88,85,Pala 1,50.9
21,10,5.0,12.0,0.3200048857613481,0.4776503773982941,18.0,5.0,176,103,Pala 2,56.7
12,9,5.0,12.0,0.3339535232893899,0.061880211246199135,18.0,5.0,127,35,Pala 2,49.8
24,42,5.0,12.0,0.8398580033995856,0.4544348665747845,18.0,5.0,170,105,Pala 1,89.7
47,1,5.0,12.0,0.6477557612860042,0.2875595650906989,18.0,5.0,103,142,Pala 2,30.7
17,14,5.0,12.0,0.7101716074030013,0.2745646772243131,18.0,5.0,90,155,Pala 2,65.4
11,38,5.0,12.0,0.6360018039889606,0.22238158017909282,18.0,5.0,74,65,Pala 1,49.6
39,40,5.0,12.0,0.9461962839485654,0.33252835975457073,18.0,5.0,164,54,Pala 1,125.6
16,36,5.0,12.0,0.20700083155804516,0.3531330751434124,18.0,5.0,115,84,Pala 1,57.6
14,6,5.0,12.0,0.9890392417557957,0.3087757763619975,18.0,5.0,43,86,Pala 2,46.8
41,19,5.0,12.0,0.8309561775565132,0.978752715719509,18.0,5.0,65,179,Pala 2,74.7
14,33,5.0,12.0,0.5889725888763422,0.9327310855094871,18.0,5.0,37,100,Pala 1,61.6
14,34,5.0,12.0,0.662371624396249,0.5745100995248622,18.0,5.0,41,77,Pala 1,55.9
38,33,5.0,12.0,0.6488258765006141,0.9810548384103098,18.0,5.0,135,133,Pala 2,116.8
12,21,5.0,12.0,0.0583962240591539,0.9911980103191901,18.0,5.0,171,32,Pala 1,52.0
16,30,5.0,12.0,0.2180164985319386,0.3559397100173025,18.0,5.0,80,114,Pala 1,55.3
31,22,5.0,12.0,0.9614708845247492,0.4451875457397445,18.0,5.0,34,49,Pala 2,83.6
8,18,5.0,12.0,0.5343644288593793,0.9590617769846655,18.0,5.0,30,102,Pala 1,47.1
39,3,5.0,12.0,0.37835360326191203,0.6086261992986866,18.0,5.0,133,89,Pala 2,36.5
19,23,5.0,12.0,0.762038463389075,0.21292908283727252,18.0,5.0,134,107,Pala 1,73.1
25,19,5.0,12.0,0.5245189426558096,0.6893806683365004,18.0,5.0,130,47,Pala 2,73.9
26,38,5.0,12.0,0.01316277143189759,0.20574618204608752,18.0,5.0,157,126,Pala 1,82.7
20,27,5.0,12.0,0.7362375967151179,0.3393577436718458,18.0,5.0,126,95,Pala 1,73.8
17,38,5.0,12.0,0.7322175600528613,0.22756016309535154,18.0,5.0,78,60,Pala 1,69.8
12,16,5.0,12.0,0.1651487121099744,0.24498021593384223,18.0,5.0,174,38,Pala 1,45.6
15,18,5.0,12.0,0.9566600884242134,0.004655581566782252,18.0,5.0,124,177,Pala 1,63.9
8,47,5.0,12.0,0.22390813154111433,0.8807088321994518,18.0,5.0,64,177,Pala 1,47.3
11,34,5.0,12.0,0.4577493673821993,0.2959904952757938,18.0,5.0,42,76,Pala 1,47.8
43,31,5.0,12.0,0.11473596126091468,0.08637437952279448,18.0,5.0,145,30,Pala 2,106.0
37,46,5.0,12.0,0.6032823194505884,0.08698740568108854,18.0,5.0,67,112,Pala 1,107.5
18,45,5.0,12.0,0.3754511200572125,0.5560182764609521,18.0,5.0,107,129,Pala 1,68.8
6,46,5.0,12.0,0.35317346220970547,0.9929205505339371,18.0,5.0,163,171,Pala 1,40.1
34,45,5.0,12.0,0.8269768772209473,0.14502246727019164,18.0,5.0,92,158,Pala 1,112.4
47,38,5.0,12.0,0.009561712850478243,0.09962178094965946,18.0,5.0,38,39,Pala 2,120.6
17,34,5.0,12.0,0.7979467708924225,0.4383038804020907,18.0,5.0,52,171,Pala 1,68.3
15,29,5.0,12.0,0.5714485657480787,0.5633312538407954,18.0,5.0,108,71,Pala 1,64.3
38,16,5.0,12.0,0.9860985134801991,0.29438035887794045,18.0,5.0,147,153,Pala 2,71.0
3,41,5.0,12.0,0.589443220604249,0.3025220925138664,18.0,5.0,88,54,Pala 1,29.1
24,46,5.0,12.0,0.05537913414795792,0.4244765018489495,18.0,5.0,143,124,Pala 1,73.2
31,28,5.0,12.0,0.050645326443726324,0.314145615150606,18.0,5.0,164,64,Pala 1,92.6
39,5,5.0,12.0,0.8831529863718319,0.9153315835685167,18.0,5.0,76,168,Pala 2,43.4
12,16,5.0,12.0,0.8412141455110531,0.04195457129062896,18.0,5.0,118,39,Pala 1,52.7
44,16,5.0,12.0,0.3458900755820232,0.23457015987027463,18.0,5.0,116,37,Pala 2,65.2
16,13,5.0,12.0,0.6180324841811372,0.8085527962274213,18.0,5.0,104,134,Pala 2,63.5
48,23,5.0,12.0,0.4895913570556003,0.8339581246649568,18.0,5.0,165,163,Pala 2,87.3
36,49,5.0,12.0,0.9671640551360522,0.11155507896420114,18.0,5.0,65,153,Pala 1,119.3
5,36,5.0,12.0,0.9499609008768916,0.9737634500127167,18.0,5.0,68,93,Pala 1,45.1
18,39,5.0,12.0,0.9838390085407746,0.6933548498991089,18.0,5.0,94,75,Pala 1,78.3
12,38,5.0,12.0,0.8664487806342642,0.2725930559835956,18.0,5.0,73,133,Pala 1,55.8
25,31,5.0,12.0,0.9095515907751013,0.4560378648144545,18.0,5.0,106,67,Pala 1,89.6
13,35,5.0,12.0,0.21727877876713642,0.29713861956796717,18.0,5.0,109,115,Pala 1,50.0
30,49,5.0,12.0,0.8310067889897745,0.15002224985441937,18.0,5.0,170,31,Pala 1,100.6
3,36,5.0,12.0,0.7088571132042747,0.29117806474891517,18.0,5.0,66,53,Pala 1,31.2
38,47,5.0,12.0,0.9627865088280702,0.5800919374896184,18.0,5.0,43,130,Pala 1,125.2
7,13,5.0,12.0,0.5712618284426194,0.8259696948354687,18.0,5.0,151,96,Pala 1,45.6
24,26,5.0,12.0,0.08516716671055635,0.3635290748895772,18.0,5.0,170,119,Pala 1,78.7
12,18,5.0,12.0,0.597398891187153,0.3479015405478417,18.0,5.0,169,123,Pala 1,58.1
31,30,5.0,12.0,0.6865809280212878,0.46800070108132263,18.0,5.0,84,122,Pala 1,104.1
37,45,5.0,12.0,0.2203210287124283,0.6445555999643463,18.0,5.0,51,100,Pala 1,114.4
37,8,5.0,12.0,0.3941133835127284,0.7516162624323093,18.0,5.0,113,166,Pala 2,50.4
27,37,5.0,12.0,0.59850341405168,0.32679950479947384,18.0,5.0,176,45,Pala 1,93.5
29,16,5.0,12.0,0.37410573731650554,0.586352467825139,18.0,5.0,119,148,Pala 2,68.2
2,18,5.0,12.0,0.37494771723866394,0.38936084128088244,18.0,5.0,44,137,Pala 1,25.5
27,43,5.0,12.0,0.1330866391727974,0.7163998503633859,18.0,5.0,59,171,Pala 1,85.8
2,3,5.0,12.0,0.940746723077666,0.16467492051702082,18.0,5.0,58,130,Pala 1,34.8
44,47,5.0,12.0,0.7504943844950965,0.2569248650512961,18.0,5.0,146,59,Pala 1,134.6
33,10,5.0,12.0,0.001243438866102009,0.4260604198427498,18.0,5.0,137,153,Pala 2,52.0
15,21,5.0,12.0,0.7656132840221652,0.8894147899213677,18.0,5.0,144,85,Pala 1,68.0
21,3,5.0,12.0,0.7397949926578588,0.5733257893506902,18.0,5.0,45,123,Pala 2,39.3
31,16,5.0,12.0,0.009730960155522994,0.9653961189814116,18.0,5.0,111,61,Pala 2,65.8
37,7,5.0,12.0,0.36960429761376457,0.10327768528108383,18.0,5.0,57,107,Pala 2,42.8
7,45,5.0,12.0,0.6067476903255307,0.46017541365093484,18.0,5.0,91,52,Pala 1,39.4
7,33,5.0,12.0,0.45275065185803587,0.4190785300453842,18.0,5.0,85,46,Pala 1,39.4
5,10,5.0,12.0,0.7779861187205073,0.6002061764059684,18.0,5.0,104,151,Pala 1,41.6
13,30,5.0,12.0,0.425458332634434,0.8119646087075783,18.0,5.0,46,168,Pala 1,59.2
31,10,5.0,12.0,0.15386296945383704,0.8414480255830602,18.0,5.0,50,70,Pala 2,54.4
34,37,5.0,12.0,0.9764156242738286,0.6701946087055083,18.0,5.0,144,44,Pala 1,112.4
9,20,5.0,12.0,0.2420399927760466,0.6415363642455536,18.0,5.0,58,120,Pala 1,39.3
2,45,5.0,12.0,0.7176923105413323,0.9490295420448075,18.0,5.0,97,81,Pala 1,33.3
11,29,5.0,12.0,0.14315631166407194,0.38368740163842463,18.0,5.0,40,89,Pala 1,41.5
48,9,5.0,12.0,0.32901261378393265,0.8327833141884883,18.0,5.0,111,86,Pala 2,52.5
30,25,5.0,12.0,0.44202760843042377,0.9215037270922941,18.0,5.0,157,62,Pala 2,90.7
28,26,5.0,12.0,0.1922320045270639,0.4915392442651969,18.0,5.0,146,178,Pala 1,88.2
4,7,5.0,12.0,0.4499595763686095,0.7291025786033003,18.0,5.0,125,49,Pala 1,35.8
24,38,5.0,12.0,0.15716282299175,0.3770198566709061,18.0,5.0,103,142,Pala 1,82.2
40,7,5.0,12.0,0.5590065389858901,0.15887901419540407,18.0,5.0,137,97,Pala 2,44.9
30,7,5.0,12.0,0.663713252520194,0.5865038814724253,18.0,5.0,167,130,Pala 2,50.8
20,33,5.0,12.0,0.06243428402801077,0.1964716508495319,18.0,5.0,89,130,Pala 1,68.4
19,15,5.0,12.0,0.8711321210821681,0.45759913080386905,18.0,5.0,55,62,Pala 2,66.6
38,40,5.0,12.0,0.18514088504203552,0.8728793133283332,18.0,5.0,135,60,Pala 1,116.1
21,12,5.0,12.0,0.2253624253203238,0.08601818756368051,18.0,5.0,54,51,Pala 2,58.7
3,22,5.0,12.0,0.661349840083063,0.030428535664649647,18.0,5.0,31,135,Pala 1,29.7
12,11,5.0,12.0,0.46875106043441406,0.6064778473818876,18.0,5.0,119,59,Pala 2,55.6
44,26,5.0,12.0,0.4993955991710657,0.33106132659489507,18.0,5.0,113,34,Pala 2,96.2
41,21,5.0,12.0,0.12815498456313268,0.41793770692591525,18.0,5.0,32,90,Pala 2,79.9
49,31,5.0,12.0,0.8057358218764082,0.40571058865833154,18.0,5.0,61,146,Pala 2,108.4
48,48,5.0,12.0,0.61705424610421,0.08662022900956357,18.0,5.0,30,42,Pala 1,140.8
19,26,5.0,12.0,0.13538204330945602,0.0035664326795945556,18.0,5.0,53,166,Pala 1,58.2
12,1,5.0,12.0,0.373999367025596,0.8984232428642643,18.0,5.0,79,47,Pala 2,31.9
16,44,5.0,12.0,0.8104099327350301,0.21779856090374639,18.0,5.0,73,156,Pala 1,67.4
35,32,5.0,12.0,0.5683550459866207,0.4260789918642883,18.0,5.0,62,169,Pala 2,109.3
32,25,5.0,12.0,0.10864877913293047,0.9719257966710786,18.0,5.0,67,148,Pala 2,92.3
0,27,5.0,12.0,0.3727770457892867,0.8267625819836523,18.0,5.0,141,173,Pala 1,24.8
14,18,5.0,12.0,0.2426943984557346,0.10793085526270219,18.0,5.0,81,42,Pala 1,49.5
12,42,5.0,12.0,0.5174655536537264,0.5085190316125857,18.0,5.0,64,153,Pala 1,53.8
16,4,5.0,12.0,0.8433611288719896,0.730079026495016,18.0,5.0,46,175,Pala 2,43.7
23,32,5.0,12.0,0.4362671348044198,0.6983927849992124,18.0,5.0,87,105,Pala 1,84.1
7,19,5.0,12.0,0.4333420303683231,0.7608418524044702,18.0,5.0,77,147,Pala 1,44.3
49,29,5.0,12.0,0.905350902327037,0.4574546548880353,18.0,5.0,72,127,Pala 2,102.6
26,44,5.0,12.0,0.5761854125072724,0.17592292933028209,18.0,5.0,77,62,Pala 1,87.1
44,7,5.0,12.0,0.5661910873974069,0.46487244391937266,18.0,5.0,73,111,Pala 2,46.7
22,37,5.0,12.0,0.2619098918753894,0.647887249173292,18.0,5.0,62,96,Pala 1,76.5
45,16,5.0,12.0,0.6077227478371263,0.608592086605168,18.0,5.0,116,83,Pala 2,70.0
7,43,5.0,12.0,0.5759104674173964,0.07052205378860743,18.0,5.0,112,35,Pala 1,37.5
7,0,5.0,12.0,0.39685147034186397,0.06495243408219176,18.0,5.0,159,65,Pala 2,22.2
25,2,5.0,12.0,0.9906955658991805,0.9652578311552119,18.0,5.0,167,84,Pala 2,38.0
46,45,5.0,12.0,0.8818909649480867,0.15180545503977105,18.0,5.0,112,156,Pala 2,141.3
12,25,5.0,12.0,0.7495862900768155,0.29446246401172194,18.0,5.0,165,100,Pala 1,54.9
38,30,5.0,12.0,0.5373455884130005,0.7676344821561655,18.0,5.0,136,123,Pala 2,101.8
36,7,5.0,12.0,0.46205980189463025,0.4096770758231749,18.0,5.0,138,172,Pala 2,48.0
48,42,5.0,12.0,0.18489739522319937,0.1814648532600327,18.0,5.0,121,51,Pala 2,130.6
27,45,5.0,12.0,0.3057374740146237,0.4672323823097815,18.0,5.0,92,78,Pala 1,86.6
24,7,5.0,12.0,0.7739607998232102,0.5689499707633658,18.0,5.0,106,165,Pala 2,49.2
15,34,5.0,12.0,0.45374895393755144,0.45276660927807566,18.0,5.0,66,165,Pala 1,58.1
1,38,5.0,12.0,0.8822695165695014,0.918946075472109,18.0,5.0,41,129,Pala 1,34.4
17,27,5.0,12.0,0.14791113634552877,0.2846992950995043,18.0,5.0,103,66,Pala 1,61.9
16,3,5.0,12.0,0.5083470960136365,0.6613321606996709,18.0,5.0,144,107,Pala 2,35.7
29,15,5.0,12.0,0.6469656840213087,0.11229472140989771,18.0,5.0,110,150,Pala 2,68.2
38,12,5.0,12.0,0.516848456307926,0.39228545766402656,18.0,5.0,44,50,Pala 2,58.9
12,19,5.0,12.0,0.8892268915849871,0.7409932515849736,18.0,5.0,109,130,Pala 1,61.1
31,4,5.0,12.0,0.9895632818291398,0.22481694058946544,18.0,5.0,113,156,Pala 2,39.3
49,36,5.0,12.0,0.11583465834136975,0.5897710456544126,18.0,5.0,148,35,Pala 2,114.0
28,19,5.0,12.0,0.129954904076921,0.15343702920906033,18.0,5.0,39,148,Pala 2,77.0
45,23,5.0,12.0,0.13032411356012108,0.10270169136137108,18.0,5.0,71,157,Pala 2,87.8
29,35,5.0,12.0,0.6811770960705276,0.5232327489250427,18.0,5.0,78,69,Pala 1,97.5
17,33,5.0,12.0,0.3726760954958379,0.6750109960860287,18.0,5.0,46,170,Pala 1,63.2
12,44,5.0,12.0,0.733314661265906,0.11336706623448345,18.0,5.0,134,161,Pala 1,55.1
42,47,5.0,12.0,0.4054714728869787,0.917776252372915,18.0,5.0,86,127,Pala 1,129.9
20,33,5.0,12.0,0.6276067213320636,0.22577226269746686,18.0,5.0,115,151,Pala 1,74.1
29,18,5.0,12.0,0.7698580056788935,0.11997530815930002,18.0,5.0,161,130,Pala 2,71.5
20,16,5.0,12.0,0.5482159106549206,0.20269890835021054,18.0,5.0,98,93,Pala 2,68.0
47,4,5.0,12.0,0.5395035904500061,0.16957245653184194,18.0,5.0,124,127,Pala 2,38.9
16,24,5.0,12.0,0.08823432528563446,0.09067465061294899,18.0,5.0,112,109,Pala 1,54.5
39,17,5.0,12.0,0.4107817429094348,0.7978392347787074,18.0,5.0,79,52,Pala 2,73.1
18,49,5.0,12.0,0.5457771532249376,0.495537774744111,18.0,5.0,155,116,Pala 1,68.7
14,7,5.0,12.0,0.46198082566640997,0.3885194403786828,18.0,5.0,96,172,Pala 2,46.0
8,26,5.0,12.0,0.9007820001884255,0.9506279269841331,18.0,5.0,117,118,Pala 1,52.3
9,14,5.0,12.0,0.9065306321194894,0.3710083870647908,18.0,5.0,157,122,Pala 1,51.7
43,44,5.0,12.0,0.8219173805887617,0.16697272604718938,18.0,5.0,142,129,Pala 1,132.1
30,12,5.0,12.0,0.37529807537312,0.27404289192659625,18.0,5.0,134,156,Pala 2,56.3
22,15,5.0,12.0,0.7172991516875343,0.23896653358859643,18.0,5.0,144,108,Pala 2,67.8
29,21,5.0,12.0,0.3952884610696098,0.49874127956330483,18.0,5.0,92,130,Pala 2,79.5
32,19,5.0,12.0,0.23259359897575904,0.29150512395457395,18.0,5.0,55,128,Pala 2,77.9
8,12,5.0,12.0,0.3429026435508816,0.5160611721863618,18.0,5.0,157,68,Pala 1,39.8
46,19,5.0,12.0,0.07096463328553548,0.6692934249467889,18.0,5.0,30,76,Pala 2,74.2
0,1,5.0,12.0,0.3317775090046472,0.7772987857132578,18.0,5.0,123,66,Pala 1,23.8
43,34,5.0,12.0,0.4607422172611716,0.7101577812672308,18.0,5.0,144,121,Pala 2,115.1
34,46,5.0,12.0,0.95548089478083,0.20559071645636096,18.0,5.0,175,59,Pala 1,111.5
10,18,5.0,12.0,0.3134105862196249,0.11589971924275377,18.0,5.0,41,97,Pala 1,44.7
33,44,5.0,12.0,0.9024535392055206,0.5424501591012509,18.0,5.0,71,36,Pala 1,108.9
15,36,5.0,12.0,0.22885827582349705,0.19891179120814517,18.0,5.0,45,126,Pala 1,52.4
8,5,5.0,12.0,0.1909688977592494,0.08493372177151326,18.0,5.0,96,76,Pala 1,37.0
31,13,5.0,12.0,0.5189954564321649,0.5270943429794172,18.0,5.0,128,76,Pala 2,63.7
14,3,5.0,12.0,0.672511369297406,0.32679418510779545,18.0,5.0,88,108,Pala 2,37.9
11,21,5.0,12.0,0.044332250802281425,0.7561490119385038,18.0,5.0,67,155,Pala 1,50.0
32,38,5.0,12.0,0.2210658650472167,0.31419163054841803,18.0,5.0,173,128,Pala 1,96.7
44,35,5.0,12.0,0.4556836665013164,0.9787171370558138,18.0,5.0,168,130,Pala 2,116.8
13,33,5.0,12.0,0.33100433598318146,0.7585231912607081,18.0,5.0,57,162,Pala 1,58.2
7,26,5.0,12.0,0.7126210793483219,0.057693221488862134,18.0,5.0,120,116,Pala 1,39.9
7,6,5.0,12.0,0.5111605960413168,0.5088727403562762,18.0,5.0,140,179,Pala 1,40.3
26,2,5.0,12.0,0.1603591056039002,0.5626205012141103,18.0,5.0,123,124,Pala 2,32.3
11,46,5.0,12.0,0.8944653793150905,0.6953027106815977,18.0,5.0,106,121,Pala 1,59.8
0,32,5.0,12.0,0.29290567548335955,0.49779679703375823,18.0,5.0,109,81,Pala 1,16.4
42,1,5.0,12.0,0.7311311089644235,0.4834435984145732,18.0,5.0,159,67,Pala 2,34.7
39,41,5.0,12.0,0.7799157791054099,0.36793861167761277,18.0,5.0,177,172,Pala 1,126.8
41,15,5.0,12.0,0.9631577002561021,0.27146138389917374,18.0,5.0,101,142,Pala 2,69.3
10,24,5.0,12.0,0.4985074665241014,0.9462002119767344,18.0,5.0,67,169,Pala 1,52.7
38,14,5.0,12.0,0.6158355154644322,0.31759666963437194,18.0,5.0,60,106,Pala 2,63.0
42,23,5.0,12.0,0.33487629347953374,0.06342132458033067,18.0,5.0,109,96,Pala 2,80.8
30,14,5.0,12.0,0.6781792934120665,0.16728473929341225,18.0,5.0,125,150,Pala 2,63.2
16,30,5.0,12.0,0.4633834858663197,0.8572766360412897,18.0,5.0,46,48,Pala 1,65.0
32,13,5.0,12.0,0.43765236472442226,0.5866334591233839,18.0,5.0,136,119,Pala 2,62.8
31,13,5.0,12.0,0.8554675291161055,0.7787805493770656,18.0,5.0,53,59,Pala 2,65.6
28,5,5.0,12.0,0.050168843498688664,0.8087815461396943,18.0,5.0,147,121,Pala 2,41.9
20,13,5.0,12.0,0.8819624278318685,0.8232364392110733,18.0,5.0,165,47,Pala 2,63.0
20,16,5.0,12.0,0.8520698378285569,0.5506137077446087,18.0,5.0,116,92,Pala 2,69.1
39,17,5.0,12.0,0.5063662535617891,0.17712059569910488,18.0,5.0,178,36,Pala 2,67.8
22,19,5.0,12.0,0.49020285420562826,0.14823275223614174,18.0,5.0,48,117,Pala 1,74.9
5,16,5.0,12.0,0.3618073680354902,0.5739844203751124,18.0,5.0,79,145,Pala 1,34.4
21,15,5.0,12.0,0.9941737916817344,0.3665143536856764,18.0,5.0,100,92,Pala 2,68.7
49,39,5.0,12.0,0.11116933275384122,0.5580482412457674,18.0,5.0,141,117,Pala 2,122.9
37,38,5.0,12.0,0.590215235628607,0.4984778442378648,18.0,5.0,53,104,Pala 1,115.8
36,31,5.0,12.0,0.681681590112417,0.6021980796975485,18.0,5.0,75,152,Pala 2,110.7
44,43,5.0,12.0,0.9343300082169445,0.03211179073656534,18.0,5.0,165,68,Pala 2,136.7
7,8,5.0,12.0,0.7802034968567615,0.03283668063012335,18.0,5.0,106,167,Pala 1,39.3
40,26,5.0,12.0,0.6438472028115468,0.7215951708485088,18.0,5.0,32,136,Pala 2,93.1
48,45,5.0,12.0,0.11681231681212267,0.19312724382271984,18.0,5.0,106,49,Pala 1,136.6
34,32,5.0,12.0,0.3737335168314674,0.6521984621920563,18.0,5.0,147,135,Pala 1,110.2
10,9,5.0,12.0,0.13884164254798526,0.5465759107914545,18.0,5.0,87,128,Pala 1,42.8
23,16,5.0,12.0,0.8812127324655137,0.9817944714046234,18.0,5.0,50,144,Pala 2,72.5
48,48,5.0,12.0,0.749621155563643,0.8354058788830623,18.0,5.0,94,87,Pala 1,149.6
20,48,5.0,12.0,0.7575367867972292,0.4131345213313494,18.0,5.0,95,99,Pala 1,75.1
1,35,5.0,12.0,0.6522565177735441,0.616412820093165,18.0,5.0,71,91,Pala 1,28.2
39,16,5.0,12.0,0.5070435369367097,0.11728945722547202,18.0,5.0,72,158,Pala 2,66.6
18,17,5.0,12.0,0.1499710594634972,0.386386042962381,18.0,5.0,55,168,Pala 1,63.9
38,22,5.0,12.0,0.32969488670505176,0.7338877410898743,18.0,5.0,165,88,Pala 2,88.0
27,33,5.0,12.0,0.13691579247689056,0.6226715841286536,18.0,5.0,111,127,Pala 1,83.4
16,7,5.0,12.0,0.7249131428523432,0.48447132437735785,18.0,5.0,175,111,Pala 2,42.9
5,12,5.0,12.0,0.16022877602200503,0.17652910405266908,18.0,5.0,133,166,Pala 1,26.6
18,22,5.0,12.0,0.7021135501716855,0.8031459261575447,18.0,5.0,159,75,Pala 1,76.5
37,19,5.0,12.0,0.6922553895959047,0.2731666044115769,18.0,5.0,113,166,Pala 2,74.0
27,21,5.0,12.0,0.4593044789912889,0.8204790816619095,18.0,5.0,149,100,Pala 2,84.8
1,46,5.0,12.0,0.1352286541180523,0.6116090627949935,18.0,5.0,32,132,Pala 1,23.5
37,22,5.0,12.0,0.3148008261340367,0.37273142794878744,18.0,5.0,133,71,Pala 2,82.0
36,40,5.0,12.0,0.32009310907555144,0.0406052219599915,18.0,5.0,137,57,Pala 1,107.7
3,34,5.0,12.0,0.7003851331432934,0.23241884434437687,18.0,5.0,63,129,Pala 1,27.2
21,2,5.0,12.0,0.11374301941372433,0.8890709254881639,18.0,5.0,155,90,Pala 2,33.2
25,33,5.0,12.0,0.8290686462160908,0.8179743438957174,18.0,5.0,142,69,Pala 1,94.4
48,32,5.0,12.0,0.761007290185914,0.5748533129340979,18.0,5.0,139,88,Pala 2,107.6
42,45,5.0,12.0,0.18630691817427392,0.46632246396212695,18.0,5.0,99,168,Pala 1,123.8
35,16,5.0,12.0,0.7191643817788894,0.6471426793301092,18.0,5.0,167,86,Pala 2,72.3
12,44,5.0,12.0,0.6685131814678218,0.4662481278433015,18.0,5.0,117,152,Pala 1,54.5
31,18,5.0,12.0,0.7481208001109263,0.6443048407191403,18.0,5.0,47,169,Pala 2,75.0
16,29,5.0,12.0,0.18892855544869447,0.3074040996601579,18.0,5.0,164,166,Pala 1,57.0
40,22,5.0,12.0,0.15759032215646862,0.8384972179114751,18.0,5.0,74,179,Pala 2,84.4
35,14,5.0,12.0,0.23648398592275421,0.7019178934652667,18.0,5.0,141,86,Pala 2,60.1
45,13,5.0,12.0,0.36587170314897566,0.3299756284276918,18.0,5.0,112,96,Pala 2,59.9
18,1,5.0,12.0,0.7936649810358012,0.8306661148234412,18.0,5.0,68,59,Pala 2,36.2
34,38,5.0,12.0,0.73792393747885,0.4873425308531789,18.0,5.0,174,150,Pala 1,113.7
45,48,5.0,12.0,0.9254515922785331,0.17463886473746149,18.0,5.0,90,83,Pala 1,137.0
39,17,5.0,12.0,0.05862955909861545,0.07771246200352666,18.0,5.0,80,61,Pala 2,67.9
27,5,5.0,12.0,0.011556281014185599,0.6996057476372204,18.0,5.0,66,51,Pala 2,38.8
0,31,5.0,12.0,0.6991388297007991,0.8651208042080106,18.0,5.0,96,165,Pala 1,34.3
41,20,5.0,12.0,0.2792874957941657,0.8074419885945436,18.0,5.0,53,138,Pala 2,76.1
17,39,5.0,12.0,0.33407889553381753,0.6556510302221519,18.0,5.0,151,95,Pala 1,64.0
47,27,5.0,12.0,0.5468020259145122,0.14137505560476804,18.0,5.0,78,43,Pala 2,95.4
39,26,5.0,12.0,0.10241312312679851,0.09404407597665354,18.0,5.0,178,162,Pala 2,92.2
32,1,5.0,12.0,0.6426944165480497,0.34502962301172535,18.0,5.0,174,42,Pala 2,30.7
11,32,5.0,12.0,0.3251474462311502,0.8549108903987688,18.0,5.0,138,116,Pala 1,53.0
7,15,5.0,12.0,0.6327151243009916,0.9617362703066642,18.0,5.0,131,153,Pala 1,47.7
23,38,5.0,12.0,0.8340069130733858,0.24136085484707126,18.0,5.0,178,106,Pala 1,84.5
15,21,5.0,12.0,0.17111133333742967,0.76209567058172,18.0,5.0,97,112,Pala 1,56.2
49,42,5.0,12.0,0.9308730929145203,0.5738692169072057,18.0,5.0,73,53,Pala 2,135.4
3,46,5.0,12.0,0.5306881410624438,0.03180736707794274,18.0,5.0,153,64,Pala 1,28.3
37,12,5.0,12.0,0.9229277651739684,0.5429163499329398,18.0,5.0,57,97,Pala 2,59.4
43,1,5.0,12.0,0.20773008220177813,0.8059404029893552,18.0,5.0,65,103,Pala 2,30.4
26,13,5.0,12.0,0.6045626646042376,0.2761227833440265,18.0,5.0,156,63,Pala 2,59.1
8,37,5.0,12.0,0.4038871173236047,0.8973616239704609,18.0,5.0,73,63,Pala 1,47.2
46,40,5.0,12.0,0.7742221911560132,0.2362604068746369,18.0,5.0,79,48,Pala 2,129.3
15,27,5.0,12.0,0.6059089432132964,0.07647313264405431,18.0,5.0,142,32,Pala 1,56.5
11,6,5.0,12.0,0.49451545695831844,0.15993930943956403,18.0,5.0,117,145,Pala 1,48.2
30,17,5.0,12.0,0.9129854064310087,0.8370028687209183,18.0,5.0,167,65,Pala 2,70.8
23,40,5.0,12.0,0.3771170641716802,0.4173059190395283,18.0,5.0,67,33,Pala 1,80.2
13,35,5.0,12.0,0.2199802048981815,0.7969455636216577,18.0,5.0,78,151,Pala 1,54.8
44,40,5.0,12.0,0.6081011868520917,0.5312330609895951,18.0,5.0,101,160,Pala 2,134.8
24,35,5.0,12.0,0.6240284371728138,0.4805591247944314,18.0,5.0,31,157,Pala 1,82.5
33,43,5.0,12.0,0.4390946215718754,0.8069131514924653,18.0,5.0,73,38,Pala 1,106.9
2,3,5.0,12.0,0.4866100436893823,0.4234876117123759,18.0,5.0,64,75,Pala 1,28.4
23,29,5.0,12.0,0.9595534142998999,0.8020327310663683,18.0,5.0,145,43,Pala 1,92.9
41,23,5.0,12.0,0.7326856913968013,0.1006621649634456,18.0,5.0,178,32,Pala 2,81.3
8,19,5.0,12.0,0.110601751482577,0.6363108155392565,18.0,5.0,86,31,Pala 1,40.3
25,45,5.0,12.0,0.21213007087061098,0.7025870565519847,18.0,5.0,120,115,Pala 1,82.9
19,30,5.0,12.0,0.975576634435559,0.8990973961417427,18.0,5.0,52,129,Pala 1,80.1
39,23,5.0,12.0,0.7264655537935313,0.22432391871619495,18.0,5.0,61,167,Pala 2,88.1
9,6,5.0,12.0,0.9150451261446532,0.6042198800928515,18.0,5.0,100,140,Pala 2,46.2
18,25,5.0,12.0,0.30386146398872205,0.43325656368922305,18.0,5.0,46,82,Pala 1,65.8
2,12,5.0,12.0,0.7418668600865923,0.38277165554402903,18.0,5.0,156,178,Pala 1,33.3
23,7,5.0,12.0,0.7140027085235114,0.10671355521195747,18.0,5.0,46,112,Pala 2,48.7
4,4,5.0,12.0,0.2946899854393751,0.13423333059494225,18.0,5.0,77,51,Pala 1,27.2
2,43,5.0,12.0,0.5508163254507054,0.8369884614476463,18.0,5.0,86,49,Pala 1,34.7
26,12,5.0,12.0,0.6274151112702953,0.749753432325562,18.0,5.0,132,129,Pala 2,59.9
15,28,5.0,12.0,0.48113181082746503,0.3823411302911005,18.0,5.0,73,139,Pala 1,60.9
48,19,5.0,12.0,0.8271787066580127,0.8284865813896308,18.0,5.0,151,97,Pala 2,78.7
14,13,5.0,12.0,0.8328690417979895,0.08076618482357845,18.0,5.0,82,125,Pala 1,62.0
34,31,5.0,12.0,0.8506005483015567,0.6247739170331686,18.0,5.0,62,37,Pala 2,109.2
11,49,5.0,12.0,0.8034235690981628,0.8681760527142883,18.0,5.0,85,80,Pala 1,55.6
40,26,5.0,12.0,0.4880834771971446,0.8388642310312494,18.0,5.0,57,80,Pala 2,95.5
43,24,5.0,12.0,0.3814382981490072,0.37278275994185983,18.0,5.0,92,76,Pala 2,87.0
25,3,5.0,12.0,0.8313762837143706,0.7452338530569891,18.0,5.0,36,72,Pala 2,36.3
46,20,5.0,12.0,0.49020145855626684,0.42746814551987755,18.0,5.0,140,166,Pala 2,80.8
33,17,5.0,12.0,0.24637139862798185,0.8401381643899494,18.0,5.0,159,176,Pala 2,68.7
22,38,5.0,12.0,0.5073435323222163,0.530761950155023,18.0,5.0,161,109,Pala 1,78.8
30,14,5.0,12.0,0.14184982191924211,0.7648570491050412,18.0,5.0,37,32,Pala 2,63.5
49,37,5.0,12.0,0.6916294905987989,0.07857158229167172,18.0,5.0,155,175,Pala 2,124.2
19,47,5.0,12.0,0.33592128162390633,0.5900259716088628,18.0,5.0,78,42,Pala 1,71.3
11,23,5.0,12.0,0.2606587984474543,0.5502841774693387,18.0,5.0,58,69,Pala 1,48.1
22,7,5.0,12.0,0.956508746234745,0.6099767217351602,18.0,5.0,111,68,Pala 2,48.0
3,27,5.0,12.0,0.7768809957583076,0.6956416079155902,18.0,5.0,84,87,Pala 1,37.3
22,20,5.0,12.0,0.7870695027239316,0.9181089700341419,18.0,5.0,124,86,Pala 2,81.2
47,15,5.0,12.0,0.6237219692791834,0.785682081776031,18.0,5.0,35,53,Pala 2,66.6
47,15,5.0,12.0,0.8391728105102971,0.2196379914349047,18.0,5.0,141,148,Pala 2,68.3
0,34,5.0,12.0,0.7591624811633813,0.825896269292096,18.0,5.0,134,51,Pala 1,28.8
24,16,5.0,12.0,0.5987737041336165,0.12207967761509564,18.0,5.0,69,80,Pala 2,67.0
1,8,5.0,12.0,0.9611244018517173,0.6221985856750696,18.0,5.0,41,105,Pala 1,33.5
29,34,5.0,12.0,0.19159494968442303,0.8827538082459432,18.0,5.0,93,156,Pala 1,97.1
2,28,5.0,12.0,0.943379718994751,0.10112205421490394,18.0,5.0,75,90,Pala 1,30.2
20,38,5.0,12.0,0.40143816199886495,0.8496926533102606,18.0,5.0,43,78,Pala 1,71.8
24,17,5.0,12.0,0.5283989834014866,0.7986207342302456,18.0,5.0,145,52,Pala 2,74.0
19,11,5.0,12.0,0.12273931954430894,0.5037754338390708,18.0,5.0,66,33,Pala 2,52.7
48,18,5.0,12.0,0.5401074389217909,0.3088976022954041,18.0,5.0,139,105,Pala 2,73.7
21,47,5.0,12.0,0.6112067518581934,0.40543822807154384,18.0,5.0,91,66,Pala 1,78.8
20,21,5.0,12.0,0.997701541808524,0.9686581357002118,18.0,5.0,96,122,Pala 1,80.8
32,48,5.0,12.0,0.9751924110715265,0.20169755615184637,18.0,5.0,109,163,Pala 1,104.5
37,14,5.0,12.0,0.9663972918742872,0.5796042878298953,18.0,5.0,105,165,Pala 2,69.1
14,0,5.0,12.0,0.34838806010205736,0.08324074787868385,18.0,5.0,43,177,Pala 2,29.9
45,1,5.0,12.0,0.9912664987450435,0.2178930641891722,18.0,5.0,127,173,Pala 2,35.8
14,7,5.0,12.0,0.45547815159511085,0.7633163880745206,18.0,5.0,162,170,Pala 2,49.3
45,21,5.0,12.0,0.8518362587619005,0.3025990403605272,18.0,5.0,105,108,Pala 2,83.2
24,24,5.0,12.0,0.216319969018972,0.9857660705627346,18.0,5.0,55,91,Pala 1,83.9
20,1,5.0,12.0,0.5058331796566023,0.50081704309384,18.0,5.0,110,140,Pala 2,29.3
23,8,5.0,12.0,0.9660120961276054,0.5165393253077428,18.0,5.0,137,149,Pala 2,52.3
4,8,5.0,12.0,0.9470313969234275,0.03631473933573526,18.0,5.0,82,82,Pala 1,35.2
5,12,5.0,12.0,0.6837348778214267,0.956526749577266,18.0,5.0,92,151,Pala 1,43.4
48,5,5.0,12.0,0.7978143225530598,0.17423344088441794,18.0,5.0,40,57,Pala 2,42.8
42,29,5.0,12.0,0.1764266966024014,0.5383405988104426,18.0,5.0,62,47,Pala 2,98.9
47,14,5.0,12.0,0.7216585494841574,0.3956746099587316,18.0,5.0,70,36,Pala 2,64.9
43,14,5.0,12.0,0.6180508083353723,0.41558470074460574,18.0,5.0,69,50,Pala 2,62.7
46,49,5.0,12.0,0.09155173575124609,0.6433001660361084,18.0,5.0,33,70,Pala 1,131.7
22,6,5.0,12.0,0.11315900658967626,0.6620886770924774,18.0,5.0,40,137,Pala 2,47.1
3,10,5.0,12.0,0.10844361775126188,0.15428861485809686,18.0,5.0,37,167,Pala 1,19.0
26,39,5.0,12.0,0.7243569348298357,0.4995866531218922,18.0,5.0,178,60,Pala 1,93.0
17,37,5.0,12.0,0.14171520824757244,0.7904774491418569,18.0,5.0,156,71,Pala 1,60.7
20,39,5.0,12.0,0.46773227111447047,0.44328648355222955,18.0,5.0,156,88,Pala 1,77.7
27,1,5.0,12.0,0.35698180587775774,0.16580447082658012,18.0,5.0,34,147,Pala 2,28.6
34,47,5.0,12.0,0.5505041407702178,0.3132169431566907,18.0,5.0,61,133,Pala 1,105.2
21,38,5.0,12.0,0.7064764872194028,0.2123795641050702,18.0,5.0,118,72,Pala 1,75.5
39,9,5.0,12.0,0.684722537221332,0.12581746791483706,18.0,5.0,87,159,Pala 2,49.8
22,43,5.0,12.0,0.5155199159143766,0.37758112743535377,18.0,5.0,101,163,Pala 1,77.4
2,16,5.0,12.0,0.4643348736103855,0.5409362431980751,18.0,5.0,55,106,Pala 1,26.7
39,6,5.0,12.0,0.3978155951222587,0.07275152527663176,18.0,5.0,58,118,Pala 2,42.5
49,39,5.0,12.0,0.8619099483043794,0.6038233722281834,18.0,5.0,111,128,Pala 2,127.5
9,38,5.0,12.0,0.330851804872645,0.9930244401696076,18.0,5.0,36,66,Pala 1,47.6
24,3,5.0,12.0,0.25936582116749485,0.9641249320200836,18.0,5.0,135,147,Pala 2,41.5
48,34,5.0,12.0,0.7433154936552713,0.8291734819991589,18.0,5.0,50,164,Pala 2,117.9
7,46,5.0,12.0,0.35976346169672646,0.266341112802403,18.0,5.0,125,175,Pala 1,38.4
10,35,5.0,12.0,0.8469985997572684,0.022407596479367298,18.0,5.0,39,165,Pala 1,49.4
4,30,5.0,12.0,0.32788871863714475,0.833541702882851,18.0,5.0,91,129,Pala 1,35.1
44,24,5.0,12.0,0.7019448245745882,0.05572023197871323,18.0,5.0,165,84,Pala 2,86.9
36,40,5.0,12.0,0.045109006285336095,0.20562808147077039,18.0,5.0,143,134,Pala 1,105.9
44,12,5.0,12.0,0.38556288011032,0.5444532154467844,18.0,5.0,33,103,Pala 2,60.1
37,17,5.0,12.0,0.3432301749675515,0.17837803914364359,18.0,5.0,169,87,Pala 2,73.5
28,20,5.0,12.0,0.8166787392759234,0.8337883312986419,18.0,5.0,129,133,Pala 2,79.7
4,47,5.0,12.0,0.9670554032283101,0.7771596962598291,18.0,5.0,48,45,Pala 1,40.7
8,0,5.0,12.0,0.4608812766929614,0.7557695057372498,18.0,5.0,140,58,Pala 2,29.5
47,35,5.0,12.0,0.8248362771537581,0.8161276158975765,18.0,5.0,60,37,Pala 2,115.2
1,49,5.0,12.0,0.6996947009573651,0.21970178026461207,18.0,5.0,137,129,Pala 1,30.6
0,7,5.0,12.0,0.9673859876636932,0.7288923761497493,18.0,5.0,55,152,Pala 1,28.3
39,47,5.0,12.0,0.8111085143428247,0.3552815025917647,18.0,5.0,138,81,Pala 1,125.9
29,20,5.0,12.0,0.07747806596373052,0.6668447595683995,18.0,5.0,163,120,Pala 2,76.3
10,42,5.0,12.0,0.7132817223822362,0.12202172863117478,18.0,5.0,58,106,Pala 1,50.9
27,20,5.0,12.0,0.5354997154223736,0.7055865800645149,18.0,5.0,46,135,Pala 2,84.3
43,26,5.0,12.0,0.016436057932327164,0.9721077279007796,18.0,5.0,177,54,Pala 2,90.6
11,18,5.0,12.0,0.2513129587254437,0.04360036531871625,18.0,5.0,139,121,Pala 1,44.3
38,22,5.0,12.0,0.921755245026893,0.09382890116708476,18.0,5.0,103,102,Pala 2,83.3
25,49,5.0,12.0,0.9260613727867529,0.12363676733801388,18.0,5.0,125,150,Pala 1,83.7
12,42,5.0,12.0,0.7988504602006344,0.43056390494130126,18.0,5.0,31,55,Pala 1,59.6
7,34,5.0,12.0,0.9817796032779894,0.2907801849330537,18.0,5.0,66,119,Pala 1,45.3
27,39,5.0,12.0,0.8065452246242049,0.8069201535406937,18.0,5.0,120,115,Pala 1,98.6
29,41,5.0,12.0,0.010204187285245192,0.47378723920096155,18.0,5.0,176,158,Pala 1,90.9
8,47,5.0,12.0,0.2878343403015118,0.4845373426885524,18.0,5.0,70,169,Pala 1,42.9
38,4,5.0,12.0,0.030624182237762865,0.7170381013253537,18.0,5.0,173,59,Pala 2,38.1
30,40,5.0,12.0,0.09410796873755944,0.3619689825357457,18.0,5.0,144,43,Pala 1,92.4
20,7,5.0,12.0,0.21884081695077606,0.3532072474204635,18.0,5.0,93,159,Pala 2,45.4
46,10,5.0,12.0,0.5035585463255224,0.7569263876274804,18.0,5.0,34,160,Pala 2,58.0
33,15,5.0,12.0,0.8475320034620177,0.7800417458367648,18.0,5.0,175,35,Pala 2,69.7
30,38,5.0,12.0,0.861966756157108,0.014398772532819515,18.0,5.0,101,178,Pala 1,100.5
24,46,5.0,12.0,0.6162018585572965,0.143790475840733,18.0,5.0,170,49,Pala 1,81.5
11,23,5.0,12.0,0.928175939066235,0.21309818114847978,18.0,5.0,134,178,Pala 1,57.2
0,20,5.0,12.0,0.5000623265902081,0.3516004687578763,18.0,5.0,103,69,Pala 1,23.2
21,22,5.0,12.0,0.8890360441332016,0.29144808343195305,18.0,5.0,65,144,Pala 1,80.6
39,48,5.0,12.0,0.4540652563320121,0.6685200483882765,18.0,5.0,176,153,Pala 1,123.5
36,37,5.0,12.0,0.2772250074218823,0.8281352338029582,18.0,5.0,122,100,Pala 1,111.0
46,46,5.0,12.0,0.9164129181004277,0.19208698235602417,18.0,5.0,138,62,Pala 2,145.3
0,7,5.0,12.0,0.3879350756788693,0.5629800606019484,18.0,5.0,52,80,Pala 1,23.4
0,6,5.0,12.0,0.5034041088444616,0.367816251081036,18.0,5.0,142,119,Pala 1,19.6
41,1,5.0,12.0,0.3288606325306772,0.5057778750460619,18.0,5.0,40,119,Pala 2,30.4
41,29,5.0,12.0,0.6628376002907298,0.6207578417833939,18.0,5.0,162,146,Pala 2,105.9
20,12,5.0,12.0,0.9950312250060355,0.8935998186820111,18.0,5.0,124,108,Pala 2,61.8
14,22,5.0,12.0,0.025513548864769642,0.19229266782728072,18.0,5.0,42,49,Pala 1,49.0
16,28,5.0,12.0,0.8998480060071015,0.08700658705606035,18.0,5.0,115,48,Pala 1,64.4
21,37,5.0,12.0,0.003926056989265403,0.6272119190453525,18.0,5.0,64,85,Pala 1,66.6
37,36,5.0,12.0,0.3642278811462111,0.3941308487726265,18.0,5.0,112,30,Pala 2,113.6
34,19,5.0,12.0,0.1686068062895143,0.16290269329298857,18.0,5.0,58,66,Pala 2,73.9
44,32,5.0,12.0,0.7573417806725513,0.1170871673548447,18.0,5.0,112,47,Pala 2,106.5
15,28,5.0,12.0,0.05061084075717348,0.5589097868740298,18.0,5.0,109,108,Pala 1,55.3
7,49,5.0,12.0,0.5534849535843279,0.3004705945281956,18.0,5.0,124,163,Pala 1,40.3
46,14,5.0,12.0,0.29492613384531263,0.9974263795859779,18.0,5.0,173,130,Pala 2,64.3
16,22,5.0,12.0,0.13367024886470213,0.405900819330714,18.0,5.0,32,51,Pala 1,55.4
16,41,5.0,12.0,0.7718182121026408,0.21228660876518268,18.0,5.0,151,40,Pala 1,64.4
25,2,5.0,12.0,0.2174168342552567,0.6288490451172778,18.0,5.0,153,101,Pala 2,33.1
12,36,5.0,12.0,0.2236752120549389,0.2442548896905069,18.0,5.0,52,38,Pala 1,42.1
16,28,5.0,12.0,0.275076785137923,0.4940860432311611,18.0,5.0,166,170,Pala 1,65.2
37,44,5.0,12.0,0.5867667638280274,0.4825761837210074,18.0,5.0,62,160,Pala 1,119.8
16,7,5.0,12.0,0.6596659316907483,0.4535576297157372,18.0,5.0,121,164,Pala 2,49.7
47,21,5.0,12.0,0.017602523701344963,0.7960856962695749,18.0,5.0,53,75,Pala 2,79.8
13,28,5.0,12.0,0.2418696361137903,0.2166130014661839,18.0,5.0,136,87,Pala 1,50.9
44,1,5.0,12.0,0.43097084250528284,0.9043073050704701,18.0,5.0,79,57,Pala 2,35.7
5,40,5.0,12.0,0.33197695216123313,0.7913405032135343,18.0,5.0,81,60,Pala 1,39.8
34,48,5.0,12.0,0.884170658510886,0.33312236424332375,18.0,5.0,67,81,Pala 1,116.0
45,49,5.0,12.0,0.7877087308864188,0.18060250628013852,18.0,5.0,73,166,Pala 1,138.3
13,44,5.0,12.0,0.6258902155388275,0.2795350245067413,18.0,5.0,118,120,Pala 1,55.2
46,0,5.0,12.0,0.33804241599703977,0.33263624690907834,18.0,5.0,155,37,Pala 2,27.9
7,43,5.0,12.0,0.7006723448461598,0.5569331688070467,18.0,5.0,85,137,Pala 1,42.6
14,19,5.0,12.0,0.8436380128457944,0.046368168813650135,18.0,5.0,74,115,Pala 1,56.7
26,20,5.0,12.0,0.5948303773589867,0.9143591298520531,18.0,5.0,158,47,Pala 2,81.8
12,36,5.0,12.0,0.7844614668933791,0.09867485666111098,18.0,5.0,116,149,Pala 1,54.8
48,7,5.0,12.0,0.7491049613997478,0.2792733941000348,18.0,5.0,145,78,Pala 2,44.6
30,26,5.0,12.0,0.5717373111603222,0.10928743795296658,18.0,5.0,93,40,Pala 2,94.0
34,46,5.0,12.0,0.31218321682151096,0.25667282652566015,18.0,5.0,165,146,Pala 1,104.2
5,34,5.0,12.0,0.7457821580012718,0.8376738186088084,18.0,5.0,165,159,Pala 1,45.7
4,5,5.0,12.0,0.20679636635760645,0.6151758113832423,18.0,5.0,58,82,Pala 1,30.6
21,44,5.0,12.0,0.7794883464715338,0.22732322508948066,18.0,5.0,42,121,Pala 1,75.8
48,43,5.0,12.0,0.804546692142533,0.8717585297993377,18.0,5.0,158,35,Pala 2,134.6
22,18,5.0,12.0,0.8221448795703731,0.8007120592184848,18.0,5.0,58,129,Pala 2,75.8
24,17,5.0,12.0,0.4729159709784576,0.7536492823215806,18.0,5.0,66,41,Pala 2,68.8
33,0,5.0,12.0,0.19248076777042167,0.8476326983857129,18.0,5.0,30,150,Pala 2,29.9
25,24,5.0,12.0,0.09972360006606873,0.6196496815183151,18.0,5.0,137,156,Pala 1,81.3
46,26,5.0,12.0,0.7433612504879242,0.5014373602112323,18.0,5.0,98,66,Pala 2,95.5
4,6,5.0,12.0,0.8862613845298132,0.3739350261713894,18.0,5.0,146,154,Pala 1,38.3
25,43,5.0,12.0,0.6508383588369067,0.22376402040769838,18.0,5.0,140,37,Pala 1,83.8
19,41,5.0,12.0,0.1441600603883696,0.5574116576468948,18.0,5.0,92,149,Pala 1,68.6
5,28,5.0,12.0,0.934896448517574,0.8894923457140883,18.0,5.0,51,145,Pala 1,45.6
5,30,5.0,12.0,0.9891020145393196,0.593981788992325,18.0,5.0,123,60,Pala 1,41.7
49,43,5.0,12.0,0.43337860993492194,0.9196068617206368,18.0,5.0,40,168,Pala 2,137.8
17,42,5.0,12.0,0.5948252892737712,0.35691736959316356,18.0,5.0,58,174,Pala 1,66.4
3,35,5.0,12.0,0.7772285200016578,0.6951379725274976,18.0,5.0,135,45,Pala 1,37.6
16,18,5.0,12.0,0.7363897900500447,0.6486654724626412,18.0,5.0,32,59,Pala 1,67.0
13,5,5.0,12.0,0.9677871919334492,0.6704338440627419,18.0,5.0,32,68,Pala 2,41.0
13,24,5.0,12.0,0.11488309107878891,0.6450420122407926,18.0,5.0,103,73,Pala 1,52.8
12,30,5.0,12.0,0.5807248661428057,0.22165467493711677,18.0,5.0,43,145,Pala 1,50.6
6,8,5.0,12.0,0.6919314196730921,0.14359089828314897,18.0,5.0,110,66,Pala 1,39.0
43,19,5.0,12.0,0.89009842418767,0.9786282562320586,18.0,5.0,94,178,Pala 2,78.5
14,9,5.0,12.0,0.8741096277181507,0.0452951288425012,18.0,5.0,172,121,Pala 2,54.7
18,36,5.0,12.0,0.97799979356129,0.4677364870282703,18.0,5.0,146,48,Pala 1,74.8
42,26,5.0,12.0,0.512078453937679,0.4250803171418619,18.0,5.0,159,129,Pala 2,95.1
46,12,5.0,12.0,0.8307608668132266,0.36001895821507623,18.0,5.0,111,168,Pala 2,63.1
43,40,5.0,12.0,0.4272817081273277,0.7819838535767095,18.0,5.0,57,176,Pala 2,127.6
34,1,5.0,12.0,0.42231387785603225,0.7453502883125159,18.0,5.0,123,98,Pala 2,34.6
16,49,5.0,12.0,0.253348364472859,0.9052249235299403,18.0,5.0,96,159,Pala 1,64.3
34,20,5.0,12.0,0.8182372870192298,0.3954875261869222,18.0,5.0,32,54,Pala 2,77.1
18,32,5.0,12.0,0.9858151058135156,0.5641795279294597,18.0,5.0,33,144,Pala 1,75.5
19,23,5.0,12.0,0.2563417283472579,0.8923070473421206,18.0,5.0,173,119,Pala 1,71.6
35,43,5.0,12.0,0.05613158802107232,0.9938480628553844,18.0,5.0,121,59,Pala 1,110.1
34,41,5.0,12.0,0.8155424374190073,0.9692943623653549,18.0,5.0,101,46,Pala 1,120.4
31,33,5.0,12.0,0.6202300525347562,0.7178438712687342,18.0,5.0,133,114,Pala 1,107.6
47,8,5.0,12.0,0.9596988005510044,0.1432275578101796,18.0,5.0,45,175,Pala 2,49.2
43,1,5.0,12.0,0.25223921907695224,0.023186011793026595,18.0,5.0,60,140,Pala 2,27.8
39,29,5.0,12.0,0.07102765800128108,0.8252183564029418,18.0,5.0,116,121,Pala 2,100.1
23,21,5.0,12.0,0.49244226086650156,0.8409420244918254,18.0,5.0,159,105,Pala 2,79.2
16,45,5.0,12.0,0.08546602296514749,0.7463609082634696,18.0,5.0,102,69,Pala 1,55.6
6,10,5.0,12.0,0.26179000110270745,0.2799234859992201,18.0,5.0,120,163,Pala 1,32.8
42,42,5.0,12.0,0.12597786081916829,0.6398178595985267,18.0,5.0,83,117,Pala 1,123.7
49,16,5.0,12.0,0.2241321796600787,0.31624844181527423,18.0,5.0,179,174,Pala 2,68.7
0,35,5.0,12.0,0.10614465282139185,0.4506482461009247,18.0,5.0,102,176,Pala 1,17.6
34,12,5.0,12.0,0.9539059994272854,0.3824350849805105,18.0,5.0,157,140,Pala 2,58.0
31,6,5.0,12.0,0.2785627134497355,0.9136400867900556,18.0,5.0,128,84,Pala 2,47.7
35,15,5.0,12.0,0.44389758599256546,0.23415733074387557,18.0,5.0,105,121,Pala 2,62.2
12,32,5.0,12.0,0.8986118076342223,0.5776109045737502,18.0,5.0,178,142,Pala 1,63.5
5,44,5.0,12.0,0.6773215879614743,0.36098152903385916,18.0,5.0,115,37,Pala 1,38.1
13,0,5.0,12.0,0.6180374805617743,0.6630711119142257,18.0,5.0,68,37,Pala 2,27.0
36,10,5.0,12.0,0.7055631903608371,0.564563141177475,18.0,5.0,170,98,Pala 2,55.8
47,5,5.0,12.0,0.8288222571053818,0.9239776813659405,18.0,5.0,74,72,Pala 2,43.4
14,19,5.0,12.0,0.8776692678517609,0.10161215170121318,18.0,5.0,116,127,Pala 1,61.3
46,34,5.0,12.0,0.6426396706650265,0.2206408397567634,18.0,5.0,148,79,Pala 2,115.9
3,43,5.0,12.0,0.8900072746940577,0.7663479638310559,18.0,5.0,46,33,Pala 1,38.4
39,36,5.0,12.0,0.5353975274254769,0.3687868398948434,18.0,5.0,113,137,Pala 1,119.6
15,40,5.0,12.0,0.2772908562684234,0.16578378622872392,18.0,5.0,164,65,Pala 1,54.9
27,25,5.0,12.0,0.8800767088838444,0.5033212592453877,18.0,5.0,161,162,Pala 2,96.2
15,11,5.0,12.0,0.5414728274130871,0.6521420616113862,18.0,5.0,60,48,Pala 2,59.4
3,29,5.0,12.0,0.9061375875672343,0.04482671415349859,18.0,5.0,123,139,Pala 1,31.9
44,27,5.0,12.0,0.04016781395058122,0.2916218893674447,18.0,5.0,124,172,Pala 2,98.9
25,26,5.0,12.0,0.39751575154123553,0.8094225376960429,18.0,5.0,161,43,Pala 1,91.4
27,41,5.0,12.0,0.9478050183624682,0.5202445666101942,18.0,5.0,111,77,Pala 1,100.0
31,18,5.0,12.0,0.24965009275830274,0.03537921517331999,18.0,5.0,113,101,Pala 2,70.6
44,4,5.0,12.0,0.9415362460384926,0.28195100527470085,18.0,5.0,69,133,Pala 2,39.7
1,4,5.0,12.0,0.9539024611292499,0.6391406559794214,18.0,5.0,133,104,Pala 1,32.6
30,40,5.0,12.0,0.882142314225861,0.19935946957802475,18.0,5.0,141,137,Pala 1,101.6
2,26,5.0,12.0,0.5636680450932987,0.8273914062194143,18.0,5.0,76,139,Pala 1,29.9
7,27,5.0,12.0,0.6469394490806385,0.6765759070836642,18.0,5.0,79,111,Pala 1,43.8
23,25,5.0,12.0,0.8696169984498692,0.47137906094779314,18.0,5.0,80,92,Pala 1,85.4
14,26,5.0,12.0,0.7758970823891844,0.9156237810667849,18.0,5.0,67,84,Pala 1,65.4
42,48,5.0,12.0,0.6300938494554116,0.3918007709246617,18.0,5.0,166,61,Pala 1,127.0
30,41,5.0,12.0,0.9822594078707026,0.23507341056408526,18.0,5.0,178,138,Pala 1,103.3
8,20,5.0,12.0,0.6856766363336941,0.6614029925267009,18.0,5.0,38,114,Pala 1,50.4
38,0,5.0,12.0,0.9754819924477611,0.5732951874701485,18.0,5.0,145,141,Pala 2,29.0
44,27,5.0,12.0,0.057388474607090734,0.33524790093122514,18.0,5.0,54,135,Pala 2,95.6
1,47,5.0,12.0,0.13896037074221246,0.34366456132397716,18.0,5.0,142,86,Pala 1,17.7
7,14,5.0,12.0,0.4514588460004906,0.3982103086341018,18.0,5.0,65,73,Pala 1,38.9
6,16,5.0,12.0,0.3848794608843151,0.2911385674793693,18.0,5.0,140,121,Pala 1,34.8
43,25,5.0,12.0,0.7827348413570278,0.7102414063609225,18.0,5.0,107,167,Pala 2,95.1
38,19,5.0,12.0,0.16061402646920375,0.6513584050512053,18.0,5.0,110,141,Pala 2,77.4
41,24,5.0,12.0,0.9760951791114886,0.4407776525463927,18.0,5.0,57,169,Pala 2,90.2
15,12,5.0,12.0,0.315065875260914,0.39785467577923717,18.0,5.0,74,160,Pala 1,50.1
34,32,5.0,12.0,0.4289237077401594,0.3650512693597051,18.0,5.0,134,94,Pala 1,103.2
29,24,5.0,12.0,0.2747450324400229,0.28346832139225353,18.0,5.0,77,130,Pala 1,88.6
9,7,5.0,12.0,0.5793636173265473,0.08569666315705937,18.0,5.0,165,69,Pala 1,45.6
37,4,5.0,12.0,0.058628700422583946,0.26820468552250054,18.0,5.0,171,131,Pala 2,37.0
17,5,5.0,12.0,0.1496775055704488,0.32120134869306505,18.0,5.0,44,59,Pala 2,36.8
49,22,5.0,12.0,0.7457977034187242,0.5476840062653433,18.0,5.0,157,134,Pala 2,87.3
4,29,5.0,12.0,0.1865005834048039,0.7737885090780497,18.0,5.0,92,72,Pala 1,36.2
28,13,5.0,12.0,0.23551445155666284,0.39570214483403165,18.0,5.0,88,120,Pala 2,60.4
38,22,5.0,12.0,0.7929822357248377,0.9447569058520918,18.0,5.0,32,59,Pala 2,86.0
33,10,5.0,12.0,0.0933011783572536,0.8273499634411624,18.0,5.0,68,70,Pala 2,47.1
42,30,5.0,12.0,0.4374738227708409,0.9848018478837451,18.0,5.0,51,73,Pala 2,108.4
44,5,5.0,12.0,0.023063386997226987,0.8762030410414817,18.0,5.0,130,66,Pala 2,39.6
22,10,5.0,12.0,0.34680739931790383,0.6167259493093792,18.0,5.0,156,146,Pala 2,53.0
4,12,5.0,12.0,0.6989814026107545,0.5984792878167189,18.0,5.0,49,163,Pala 1,36.1
29,11,5.0,12.0,0.09010327971722831,0.12952612675421704,18.0,5.0,176,112,Pala 2,54.3
5,1,5.0,12.0,0.8883346267787601,0.7223992488915677,18.0,5.0,170,153,Pala 2,34.3
45,34,5.0,12.0,0.909499042940716,0.6002068575926713,18.0,5.0,120,30,Pala 2,118.4
43,35,5.0,12.0,0.1049903751251351,0.5069321033959847,18.0,5.0,48,39,Pala 2,112.7
3,16,5.0,12.0,0.9907324363757767,0.6932868725572886,18.0,5.0,95,55,Pala 1,35.2
28,27,5.0,12.0,0.2975295533954889,0.4440478428379937,18.0,5.0,160,174,Pala 1,93.4
22,27,5.0,12.0,0.08410167113160605,0.5238596624082862,18.0,5.0,67,93,Pala 1,72.3
5,21,5.0,12.0,0.005067114497262271,0.39835230480325634,18.0,5.0,159,97,Pala 1,29.2
31,37,5.0,12.0,0.4085228957638626,0.7173708933706898,18.0,5.0,66,47,Pala 1,103.1
41,6,5.0,12.0,0.6298099857061177,0.8766109705478882,18.0,5.0,161,112,Pala 2,50.1
17,14,5.0,12.0,0.33217924990331327,0.8408449391326026,18.0,5.0,107,139,Pala 2,65.4
14,31,5.0,12.0,0.8367173654746227,0.7860252720494688,18.0,5.0,74,119,Pala 1,65.3
39,10,5.0,12.0,0.7166062755650501,0.013787704544550916,18.0,5.0,110,49,Pala 2,55.4
31,23,5.0,12.0,0.3501615319680327,0.9118804638774594,18.0,5.0,113,150,Pala 2,85.6
8,2,5.0,12.0,0.7343096666086046,0.27487572072339395,18.0,5.0,153,91,Pala 2,32.3
36,29,5.0,12.0,0.9404877369692498,0.887973942963376,18.0,5.0,122,104,Pala 2,100.8
9,5,5.0,12.0,0.09309599854301709,0.1969681030893765,18.0,5.0,135,54,Pala 2,36.5
19,1,5.0,12.0,0.3061039601576169,0.4396457514247373,18.0,5.0,131,153,Pala 2,30.6
5,13,5.0,12.0,0.4633259391166933,0.7493987943269137,18.0,5.0,121,112,Pala 1,34.1
47,40,5.0,12.0,0.4979901277547686,0.6402789452771726,18.0,5.0,166,125,Pala 2,130.3
2,17,5.0,12.0,0.5421956448860736,0.4159219380294299,18.0,5.0,125,94,Pala 1,29.7
41,43,5.0,12.0,0.30062690653864854,0.6786238567402784,18.0,5.0,109,96,Pala 1,123.2
10,30,5.0,12.0,0.6672596459823491,0.5489495100466395,18.0,5.0,77,87,Pala 1,51.4
42,12,5.0,12.0,0.6450845035298297,0.2757363066355323,18.0,5.0,60,69,Pala 2,55.1
16,25,5.0,12.0,0.5778215062716139,0.6463294454971398,18.0,5.0,30,129,Pala 1,66.6
31,43,5.0,12.0,0.11376172171087662,0.20424708634452338,18.0,5.0,155,165,Pala 1,95.3
3,11,5.0,12.0,0.4769678910959445,0.6939882842591655,18.0,5.0,168,132,Pala 1,33.9
3,17,5.0,12.0,0.3562268874893756,0.0031108776232428026,18.0,5.0,159,91,Pala 1,24.9
16,8,5.0,12.0,0.4910384698381226,0.5487725137617697,18.0,5.0,75,37,Pala 2,49.4
40,48,5.0,12.0,0.921866435515026,0.401067627556141,18.0,5.0,30,54,Pala 1,128.4
18,20,5.0,12.0,0.4805313431584083,0.3031037738019473,18.0,5.0,99,109,Pala 1,70.2
4,47,5.0,12.0,0.013980791839511841,0.5157079672346375,18.0,5.0,95,101,Pala 1,29.5
31,48,5.0,12.0,0.43883673808413093,0.6453116325358881,18.0,5.0,31,92,Pala 1,100.8
21,39,5.0,12.0,0.8206481800493821,0.9653122662134649,18.0,5.0,98,104,Pala 1,82.0
5,42,5.0,12.0,0.7800609232181682,0.8330644898880977,18.0,5.0,42,36,Pala 1,39.2
34,23,5.0,12.0,0.513390073528181,0.7171498830838108,18.0,5.0,176,127,Pala 2,87.0
21,33,5.0,12.0,0.2497690128593153,0.4789669116791464,18.0,5.0,112,114,Pala 1,72.3
0,7,5.0,12.0,0.4650886629145451,0.39214411966435425,18.0,5.0,76,98,Pala 1,24.4
19,43,5.0,12.0,0.5637022194181917,0.032529654585997214,18.0,5.0,158,79,Pala 1,66.1
21,32,5.0,12.0,0.9998714382741338,0.3590969030590482,18.0,5.0,175,151,Pala 1,83.5
47,22,5.0,12.0,0.6441780901693773,0.8483771386726165,18.0,5.0,142,46,Pala 2,83.4
10,12,5.0,12.0,0.6942649300626135,0.38402458197628997,18.0,5.0,61,178,Pala 1,48.4
12,48,5.0,12.0,0.49145414356805195,0.46158499906214645,18.0,5.0,125,35,Pala 1,54.5
41,13,5.0,12.0,0.35448955078252986,0.27183442402490476,18.0,5.0,40,138,Pala 2,62.4
2,13,5.0,12.0,0.812952983647206,0.27413275881336674,18.0,5.0,177,104,Pala 1,27.9
8,15,5.0,12.0,0.4949323243392362,0.061871760891748395,18.0,5.0,37,111,Pala 1,38.7
11,48,5.0,12.0,0.9946901299645251,0.6138039256198008,18.0,5.0,131,67,Pala 1,57.1
22,37,5.0,12.0,0.4571205742680441,0.44806940304534637,18.0,5.0,35,92,Pala 1,76.6
13,38,5.0,12.0,0.06800028364757738,0.6059608074907946,18.0,5.0,31,157,Pala 1,49.3
32,25,5.0,12.0,0.6825781370900827,0.5468869000288528,18.0,5.0,102,169,Pala 2,94.9
17,25,5.0,12.0,0.04664145092581107,0.7988445872971748,18.0,5.0,32,179,Pala 1,59.7
48,0,5.0,12.0,0.2505015968847033,0.7510119123114727,18.0,5.0,95,32,Pala 2,28.1
40,31,5.0,12.0,0.35373825277990334,0.7714538531378794,18.0,5.0,55,176,Pala 2,106.3
8,14,5.0,12.0,0.7394835856213277,0.49923900694167556,18.0,5.0,123,116,Pala 1,50.3
22,20,5.0,12.0,0.4942359264076128,0.3538813513539305,18.0,5.0,131,150,Pala 1,77.9
9,17,5.0,12.0,0.02864593131025661,0.9334365905329528,18.0,5.0,165,162,Pala 1,44.6
18,29,5.0,12.0,0.6168498512759222,0.05426977371655395,18.0,5.0,104,58,Pala 1,66.1
46,12,5.0,12.0,0.41143623742666235,0.15262130785023031,18.0,5.0,118,127,Pala 2,55.9
4,23,5.0,12.0,0.9218345099671071,0.4195990921766397,18.0,5.0,145,137,Pala 1,40.5
46,29,5.0,12.0,0.4995623111402354,0.6139576525680112,18.0,5.0,59,162,Pala 2,101.3
22,1,5.0,12.0,0.708975145939339,0.008200374806721644,18.0,5.0,72,132,Pala 2,29.5
29,18,5.0,12.0,0.21886849232954686,0.719322819311142,18.0,5.0,162,178,Pala 2,74.8
24,46,5.0,12.0,0.7609735645316532,0.5587265427899147,18.0,5.0,49,61,Pala 1,86.1
27,43,5.0,12.0,0.7209553104836723,0.48470275867692525,18.0,5.0,81,162,Pala 1,95.4
33,46,5.0,12.0,0.9040817085413082,0.4234950388278682,18.0,5.0,50,175,Pala 1,107.6
44,24,5.0,12.0,0.033821641719199214,0.5194870317406245,18.0,5.0,160,64,Pala 2,87.4
47,49,5.0,12.0,0.44750069761745115,0.1617857344817476,18.0,5.0,70,131,Pala 1,137.9
46,13,5.0,12.0,0.6791554027396302,0.10871173927698252,18.0,5.0,153,109,Pala 2,60.4
24,5,5.0,12.0,0.09516390008021502,0.28963747875183843,18.0,5.0,137,128,Pala 2,39.7
9,11,5.0,12.0,0.4106040671489124,0.7095047919853247,18.0,5.0,81,117,Pala 1,42.9
13,19,5.0,12.0,0.9421466030661954,0.5882878838354964,18.0,5.0,31,162,Pala 1,64.5
41,22,5.0,12.0,0.43593449089112823,0.48012301761901266,18.0,5.0,73,38,Pala 2,85.6
45,29,5.0,12.0,0.9854047834806314,0.5715209658959604,18.0,5.0,70,161,Pala 2,104.6
29,29,5.0,12.0,0.05683906107981962,0.5592580130393432,18.0,5.0,99,62,Pala 1,87.3
40,37,5.0,12.0,0.7178297761408913,0.30704192548992537,18.0,5.0,36,120,Pala 2,123.3
24,29,5.0,12.0,0.5810162362482695,0.09745594724472584,18.0,5.0,67,179,Pala 1,84.3
13,40,5.0,12.0,0.5005396771321254,0.8967823686630506,18.0,5.0,38,40,Pala 1,53.3
34,29,5.0,12.0,0.9708474014850094,0.5999112626239146,18.0,5.0,82,98,Pala 2,102.6
47,35,5.0,12.0,0.12965040049112864,0.6977479996808517,18.0,5.0,57,167,Pala 2,119.9
33,48,5.0,12.0,0.8959989516809134,0.4639972243669551,18.0,5.0,157,160,Pala 1,110.1
9,33,5.0,12.0,0.6912404111366103,0.7564805799765626,18.0,5.0,48,172,Pala 1,53.2
34,15,5.0,12.0,0.2589960732996327,0.5844972639786672,18.0,5.0,161,152,Pala 2,70.2
10,23,5.0,12.0,0.9016691456322934,0.053801122097190235,18.0,5.0,42,139,Pala 1,51.2
10,13,5.0,12.0,0.42929491786101326,0.8900970353936911,18.0,5.0,40,46,Pala 1,46.8
20,25,5.0,12.0,0.8142273280730709,0.3055361467878869,18.0,5.0,31,177,Pala 1,73.5
20,7,5.0,12.0,0.38883651704739997,0.1378907774213355,18.0,5.0,169,161,Pala 2,47.2
21,13,5.0,12.0,0.850930827433241,0.08804100770431578,18.0,5.0,155,124,Pala 2,61.0
44,30,5.0,12.0,0.6366291184450487,0.7204403138421108,18.0,5.0,85,96,Pala 2,103.0
6,1,5.0,12.0,0.14104663358372715,0.7039683668043598,18.0,5.0,117,57,Pala 2,28.3
16,47,5.0,12.0,0.6496631634695276,0.7001621248132707,18.0,5.0,81,134,Pala 1,66.4
1,3,5.0,12.0,0.19134476270187262,0.915752772681566,18.0,5.0,154,145,Pala 1,22.5
11,0,5.0,12.0,0.4119226278941627,0.3489430219976515,18.0,5.0,161,88,Pala 2,27.3
41,19,5.0,12.0,0.17029558425203373,0.5611330563589232,18.0,5.0,134,103,Pala 2,76.2
17,13,5.0,12.0,0.022016115667118585,0.6194955829943495,18.0,5.0,161,174,Pala 2,59.6
10,39,5.0,12.0,0.2118865394499575,0.9794818285664626,18.0,5.0,81,59,Pala 1,51.6
15,24,5.0,12.0,0.5363720237241257,0.3123461437185918,18.0,5.0,63,81,Pala 1,60.0
48,24,5.0,12.0,0.481560967777346,0.9563311999039404,18.0,5.0,51,48,Pala 2,90.8
17,2,5.0,12.0,0.5014970955360637,0.14873433308238138,18.0,5.0,170,66,Pala 2,30.9
34,4,5.0,12.0,0.2476868784466013,0.764001456027842,18.0,5.0,92,136,Pala 2,41.1
25,37,5.0,12.0,0.6851612006141862,0.6328859000204128,18.0,5.0,44,65,Pala 1,86.0
15,25,5.0,12.0,0.7042632868203458,0.8168960372719875,18.0,5.0,67,97,Pala 1,66.4
5,39,5.0,12.0,0.35796782555966555,0.02868557363984714,18.0,5.0,134,133,Pala 1,31.0
43,37,5.0,12.0,0.8811700884741743,0.07813104293905582,18.0,5.0,84,150,Pala 2,122.8
42,37,5.0,12.0,0.6440232166355478,0.06969577956914585,18.0,5.0,146,73,Pala 2,117.6
46,3,5.0,12.0,0.7130392752586318,0.5929594554972878,18.0,5.0,149,62,Pala 2,36.1
46,6,5.0,12.0,0.2773399179389394,0.602936067575538,18.0,5.0,95,139,Pala 2,43.7
47,29,5.0,12.0,0.0006116351555870425,0.9061048893549762,18.0,5.0,95,119,Pala 2,99.9
41,29,5.0,12.0,0.8653756121021096,0.46760351451844495,18.0,5.0,101,92,Pala 2,103.5
11,18,5.0,12.0,0.8224243845798085,0.06804905500496394,18.0,5.0,104,101,Pala 1,51.9
12,38,5.0,12.0,0.12319188804283021,0.20952940162251543,18.0,5.0,163,109,Pala 1,46.1
3,34,5.0,12.0,0.3741051349563065,0.008073094817842907,18.0,5.0,38,63,Pala 1,23.0
38,39,5.0,12.0,0.6613393083885826,0.776714525128405,18.0,5.0,179,140,Pala 1,127.0
1,32,5.0,12.0,0.6521108572187282,0.8155994368807745,18.0,5.0,118,56,Pala 1,30.0
25,32,5.0,12.0,0.8603503348085565,0.997940416284136,18.0,5.0,60,161,Pala 1,94.5
26,13,5.0,12.0,0.14026816163542855,0.4121944490530943,18.0,5.0,50,135,Pala 2,62.1
26,37,5.0,12.0,0.4299397477851188,0.019298375401592516,18.0,5.0,67,82,Pala 1,84.4
14,9,5.0,12.0,0.09722441792642478,0.23472988149037222,18.0,5.0,81,66,Pala 2,49.9
7,27,5.0,12.0,0.38959524843862814,0.5877688676632958,18.0,5.0,176,129,Pala 1,41.3
6,13,5.0,12.0,0.015107445587704382,0.9619429670527364,18.0,5.0,167,108,Pala 1,38.5
46,35,5.0,12.0,0.898273065110127,0.10357855147079431,18.0,5.0,105,142,Pala 2,118.9
45,37,5.0,12.0,0.5270439968286811,0.12157302016074278,18.0,5.0,112,99,Pala 2,121.0
39,15,5.0,12.0,0.8498022608023537,0.701758985278943,18.0,5.0,108,119,Pala 2,69.0
11,20,5.0,12.0,0.05990470100336376,0.6672070550215495,18.0,5.0,67,149,Pala 1,46.0
12,27,5.0,12.0,0.22745811047292064,0.2505063553118331,18.0,5.0,91,54,Pala 1,50.0
42,32,5.0,12.0,0.2593799952211806,0.813144791014519,18.0,5.0,101,56,Pala 2,104.9
16,5,5.0,12.0,0.38669149463878805,0.1287787554774632,18.0,5.0,131,42,Pala 2,40.2
16,40,5.0,12.0,0.8028663723975461,0.9257418447767598,18.0,5.0,157,116,Pala 1,75.5
35,14,5.0,12.0,0.38655787373149264,0.2010319303324214,18.0,5.0,102,128,Pala 2,62.5
20,43,5.0,12.0,0.204653529646327,0.081352372723005,18.0,5.0,92,117,Pala 1,61.7
7,2,5.0,12.0,0.06499026033876842,0.3395220864738546,18.0,5.0,142,169,Pala 1,32.9
4,42,5.0,12.0,0.07949174835268746,0.18784128853454496,18.0,5.0,112,83,Pala 1,23.1
25,46,5.0,12.0,0.7600472059609774,0.5269412250360329,18.0,5.0,51,49,Pala 1,89.2
15,34,5.0,12.0,0.444802991036633,0.6868465373717261,18.0,5.0,55,175,Pala 1,64.5
35,13,5.0,12.0,0.7261811220000153,0.4909215784782912,18.0,5.0,116,36,Pala 2,61.1
27,1,5.0,12.0,0.6822871217636975,0.6606073318109776,18.0,5.0,159,119,Pala 2,32.3
28,28,5.0,12.0,0.1353624617602578,0.3649205143999844,18.0,5.0,126,123,Pala 1,87.9
46,3,5.0,12.0,0.1428879341922672,0.02792259723863999,18.0,5.0,169,159,Pala 2,34.7
11,25,5.0,12.0,0.7553420154341339,0.9740641242251491,18.0,5.0,102,83,Pala 1,59.5
36,11,5.0,12.0,0.7212682934854172,0.8194135045399954,18.0,5.0,72,37,Pala 2,55.2
29,1,5.0,12.0,0.37803076687431036,0.07341882408462808,18.0,5.0,117,148,Pala 2,30.6
22,16,5.0,12.0,0.07742226333284008,0.4491763961563344,18.0,5.0,126,157,Pala 1,68.9
15,34,5.0,12.0,0.0120980216984522,0.6350190700718746,18.0,5.0,69,92,Pala 1,51.8
13,9,5.0,12.0,0.28815694946174486,0.1905942705726379,18.0,5.0,179,146,Pala 1,52.4
9,47,5.0,12.0,0.009222273587226937,0.5779886113627715,18.0,5.0,48,138,Pala 1,39.9
6,21,5.0,12.0,0.2300726211037034,0.533648618117687,18.0,5.0,49,117,Pala 1,39.1
44,40,5.0,12.0,0.41950074021133854,0.20826518853470477,18.0,5.0,148,98,Pala 2,129.1
36,42,5.0,12.0,0.1214157653119542,0.14121030927745326,18.0,5.0,102,153,Pala 1,105.4
28,20,5.0,12.0,0.10427775783154625,0.7589622896186374,18.0,5.0,111,33,Pala 2,77.8
2,14,5.0,12.0,0.8964374357187366,0.3225864461496337,18.0,5.0,134,135,Pala 1,35.5
14,34,5.0,12.0,0.5854700290228892,0.24404053384224333,18.0,5.0,83,136,Pala 1,53.2
35,47,5.0,12.0,0.9344556867627815,0.7378783528059887,18.0,5.0,111,50,Pala 1,118.6
46,20,5.0,12.0,0.3458261637856792,0.736068692022982,18.0,5.0,69,115,Pala 2,79.4
45,20,5.0,12.0,0.6771449373291631,0.27640165633622915,18.0,5.0,129,70,Pala 2,80.7
18,20,5.0,12.0,0.2046916746217904,0.8725684612518537,18.0,5.0,56,107,Pala 1,64.4
12,43,5.0,12.0,0.6183403172799412,0.6882501650723424,18.0,5.0,170,158,Pala 1,59.9
41,31,5.0,12.0,0.1295857300099844,0.3457642178215381,18.0,5.0,76,80,Pala 2,103.1
20,4,5.0,12.0,0.002080639176285759,0.4274896501846589,18.0,5.0,141,147,Pala 2,40.5
36,38,5.0,12.0,0.931531801409579,0.7267096859306178,18.0,5.0,148,53,Pala 1,122.1
26,8,5.0,12.0,0.5548943761752093,0.21158383289549199,18.0,5.0,88,105,Pala 2,48.3
28,17,5.0,12.0,0.9269406627820395,0.46876079247522406,18.0,5.0,106,113,Pala 2,69.5
19,20,5.0,12.0,0.33383152370207203,0.6535583422580996,18.0,5.0,155,66,Pala 1,68.9
24,7,5.0,12.0,0.3277860691617568,0.5394985480087132,18.0,5.0,36,113,Pala 2,49.1
5,43,5.0,12.0,0.4006550017730317,0.6083283459044933,18.0,5.0,79,95,Pala 1,34.8
35,33,5.0,12.0,0.7060409839581683,0.5462124994767796,18.0,5.0,133,43,Pala 2,107.6
1,9,5.0,12.0,0.5658086341861742,0.1992274437900201,18.0,5.0,95,174,Pala 1,24.4
21,40,5.0,12.0,0.9253549070991179,0.4102053449726214,18.0,5.0,160,117,Pala 1,82.8
31,23,5.0,12.0,0.025440901132439353,0.5319854954775457,18.0,5.0,135,44,Pala 2,85.3
15,39,5.0,12.0,0.7081959379725364,0.7800627423459461,18.0,5.0,36,90,Pala 1,65.9
17,23,5.0,12.0,0.3303276893665543,0.6539042371695426,18.0,5.0,37,127,Pala 1,68.3
4,31,5.0,12.0,0.18023365181846118,0.42659094518593477,18.0,5.0,61,146,Pala 1,28.3
35,32,5.0,12.0,0.510395622520099,0.9743998321591455,18.0,5.0,48,165,Pala 2,111.5
29,37,5.0,12.0,0.505063784179996,0.10779552167972517,18.0,5.0,147,32,Pala 1,93.0
44,43,5.0,12.0,0.1370110286884284,0.20680486855496838,18.0,5.0,169,104,Pala 1,125.1
18,48,5.0,12.0,0.20189605613288986,0.341312610031664,18.0,5.0,86,166,Pala 1,60.8
22,33,5.0,12.0,0.4081646649015549,0.22857207698791016,18.0,5.0,167,44,Pala 1,73.4
33,10,5.0,12.0,0.40881141239231533,0.6254419968060113,18.0,5.0,120,61,Pala 2,52.6
12,30,5.0,12.0,0.3175581396196847,0.03955072933625525,18.0,5.0,50,40,Pala 1,44.2
42,17,5.0,12.0,0.14854515150998093,0.17743678427341592,18.0,5.0,177,160,Pala 2,66.8
28,22,5.0,12.0,0.004373679100979522,0.2933472376586044,18.0,5.0,150,55,Pala 2,80.3
35,21,5.0,12.0,0.9702350624280206,0.6833457750793165,18.0,5.0,161,36,Pala 2,85.0
21,42,5.0,12.0,0.943499229703927,0.875864882581128,18.0,5.0,176,121,Pala 1,89.2
46,17,5.0,12.0,0.4836503791761352,0.7984917705530544,18.0,5.0,58,68,Pala 2,73.9
35,39,5.0,12.0,0.9950517532750057,0.18208093325025487,18.0,5.0,100,33,Pala 1,114.5
8,46,5.0,12.0,0.6736543307822432,0.5654057584410691,18.0,5.0,93,59,Pala 1,51.2
38,40,5.0,12.0,0.06885753760754154,0.030022645344687238,18.0,5.0,168,80,Pala 1,109.4
18,46,5.0,12.0,0.11771819908262737,0.31053677535286117,18.0,5.0,62,65,Pala 1,62.6
37,38,5.0,12.0,0.9161108438696377,0.8059837948283267,18.0,5.0,54,124,Pala 1,121.3
5,19,5.0,12.0,0.6300522021496284,0.45666571374333953,18.0,5.0,55,142,Pala 1,40.5
46,12,5.0,12.0,0.8431836266573511,0.14994132227583457,18.0,5.0,65,146,Pala 2,60.6
14,44,5.0,12.0,0.8982696496338443,0.4385533814883127,18.0,5.0,40,89,Pala 1,61.5
19,0,5.0,12.0,0.4479420112823861,0.19803292546222828,18.0,5.0,59,80,Pala 2,28.3
8,3,5.0,12.0,0.04852595157669304,0.3931914578639628,18.0,5.0,86,44,Pala 2,32.2
31,23,5.0,12.0,0.18828034889732204,0.4878334727478434,18.0,5.0,126,120,Pala 2,89.3
3,35,5.0,12.0,0.0665719473024351,0.3495581125110284,18.0,5.0,167,153,Pala 1,28.1
49,35,5.0,12.0,0.18873984569850732,0.9369689504338609,18.0,5.0,54,113,Pala 2,116.4
17,44,5.0,12.0,0.4105329264558768,0.562530297556382,18.0,5.0,125,33,Pala 1,64.0
4,1,5.0,12.0,0.11819681051498543,0.8428926739468967,18.0,5.0,86,50,Pala 1,31.0
19,27,5.0,12.0,0.16673324780534327,0.7607285470555802,18.0,5.0,152,120,Pala 1,69.5
22,25,5.0,12.0,0.4458217820716792,0.6611663092677765,18.0,5.0,63,98,Pala 1,78.1
10,22,5.0,12.0,0.34017095038848955,0.49688874830258223,18.0,5.0,115,167,Pala 1,49.3
36,14,5.0,12.0,0.467658124188041,0.0021737837815875016,18.0,5.0,83,79,Pala 2,62.9
21,35,5.0,12.0,0.42917202775906205,0.6134676005520838,18.0,5.0,80,39,Pala 1,76.1
3,26,5.0,12.0,0.6444780259798835,0.3559574530024977,18.0,5.0,35,119,Pala 1,29.8
28,5,5.0,12.0,0.9371895488758545,0.11776216680131879,18.0,5.0,83,173,Pala 2,44.5
43,34,5.0,12.0,0.10786433844424248,0.4446262636120777,18.0,5.0,46,96,Pala 2,107.1
33,38,5.0,12.0,0.09926014930919491,0.7355533222833047,18.0,5.0,117,49,Pala 1,102.7
12,37,5.0,12.0,0.852806111090902,0.961677794698704,18.0,5.0,166,140,Pala 1,62.6
41,34,5.0,12.0,0.5063967046524591,0.374104891122082,18.0,5.0,31,98,Pala 2,111.4
8,35,5.0,12.0,0.7664050235684422,0.5427232987049767,18.0,5.0,49,54,Pala 1,46.4
41,9,5.0,12.0,0.21542190360728142,0.851244383363585,18.0,5.0,120,118,Pala 2,53.0
30,29,5.0,12.0,0.8288625731675517,0.3339994199500148,18.0,5.0,35,83,Pala 2,101.0
6,40,5.0,12.0,0.9238466241926959,0.14225724497081538,18.0,5.0,148,41,Pala 1,40.2
3,37,5.0,12.0,0.6354830155464882,0.28188183123268906,18.0,5.0,108,94,Pala 1,31.9
18,28,5.0,12.0,0.10587902147380224,0.899122829808388,18.0,5.0,84,96,Pala 1,68.9
41,42,5.0,12.0,0.8952948141563388,0.15939310846183774,18.0,5.0,77,178,Pala 1,127.1
29,38,5.0,12.0,0.7924877273700713,0.32922106100678206,18.0,5.0,87,162,Pala 1,97.8
30,49,5.0,12.0,0.7508777765144898,0.4646403105003406,18.0,5.0,178,108,Pala 1,104.4
34,3,5.0,12.0,0.03672818890591556,0.84711322349092,18.0,5.0,35,161,Pala 2,32.6
20,4,5.0,12.0,0.7989625252569712,0.9377132836529747,18.0,5.0,59,48,Pala 2,37.8
30,3,5.0,12.0,0.137951010468357,0.42581030963325484,18.0,5.0,65,110,Pala 2,33.9
18,35,5.0,12.0,0.22238617619688839,0.9319540483535156,18.0,5.0,139,84,Pala 1,68.2
30,44,5.0,12.0,0.5771348348692575,0.16145909485775456,18.0,5.0,150,90,Pala 1,99.2
31,15,5.0,12.0,0.26498077291688305,0.1568522918963704,18.0,5.0,32,130,Pala 2,64.5
1,24,5.0,12.0,0.6613482063119197,0.9492508196347978,18.0,5.0,119,176,Pala 1,30.8
9,13,5.0,12.0,0.6080704476990816,0.5096801335283312,18.0,5.0,59,53,Pala 1,49.4
1,10,5.0,12.0,0.10814959801326263,0.18590783535395394,18.0,5.0,144,83,Pala 1,18.9
1,28,5.0,12.0,0.6560145795915063,0.4879903705755618,18.0,5.0,178,178,Pala 1,29.2
23,33,5.0,12.0,0.92395490982493,0.7832111553790515,18.0,5.0,147,110,Pala 1,90.0
16,21,5.0,12.0,0.16110990518583312,0.8269203657235237,18.0,5.0,117,48,Pala 1,63.9
31,13,5.0,12.0,0.5970620209428874,0.8639692566492423,18.0,5.0,33,66,Pala 2,64.6
15,23,5.0,12.0,0.3418653719366941,0.5695709030874185,18.0,5.0,80,57,Pala 1,58.6
15,38,5.0,12.0,0.45961167177360396,0.8669460143678803,18.0,5.0,53,109,Pala 1,67.2
45,25,5.0,12.0,0.2870001790789699,0.5100302088032547,18.0,5.0,75,100,Pala 2,89.1
38,42,5.0,12.0,0.35413063634769526,0.6070599023910773,18.0,5.0,145,178,Pala 1,114.5
30,35,5.0,12.0,0.02891182326655728,0.7587198022716453,18.0,5.0,56,50,Pala 1,89.1
42,38,5.0,12.0,0.9815517379172206,0.4254352927105085,18.0,5.0,124,64,Pala 2,127.8
23,15,5.0,12.0,0.6247999220727483,0.07358148713877477,18.0,5.0,140,139,Pala 2,63.1
0,37,5.0,12.0,0.5007055904938853,0.3501663568576976,18.0,5.0,128,30,Pala 1,22.7
10,31,5.0,12.0,0.3837153495003267,0.6239442167959603,18.0,5.0,145,121,Pala 1,48.0
20,5,5.0,12.0,0.5393745588240276,0.19233236963947686,18.0,5.0,49,120,Pala 2,40.1
3,33,5.0,12.0,0.38010599871580397,0.14838536349964004,18.0,5.0,109,99,Pala 1,30.1
6,7,5.0,12.0,0.3599079274936733,0.2930805445914376,18.0,5.0,124,161,Pala 1,36.4
25,29,5.0,12.0,0.4639465417220131,0.03211146227782136,18.0,5.0,175,30,Pala 1,81.1
46,26,5.0,12.0,0.2759830336711908,0.7434228980869197,18.0,5.0,165,178,Pala 2,92.6
49,6,5.0,12.0,0.18004989996678544,0.2587156021883388,18.0,5.0,43,128,Pala 2,41.7
11,26,5.0,12.0,0.5566058981802935,0.12423839663659952,18.0,5.0,175,121,Pala 1,52.3
30,24,5.0,12.0,0.8427654361503011,0.6991294159634353,18.0,5.0,94,111,Pala 2,91.1
16,45,5.0,12.0,0.1528281777258923,0.8429280125432879,18.0,5.0,49,145,Pala 1,57.9
32,40,5.0,12.0,0.03273434060421865,0.01987559586177845,18.0,5.0,99,154,Pala 1,92.6
10,14,5.0,12.0,0.24681174515403614,0.23359977074122484,18.0,5.0,74,81,Pala 1,40.8
27,24,5.0,12.0,0.9797206434538108,0.9452323248695834,18.0,5.0,30,128,Pala 2,93.6
31,21,5.0,12.0,0.8287580737433393,0.38525413593277524,18.0,5.0,176,82,Pala 2,83.1
0,17,5.0,12.0,0.5958660535285966,0.9385920633819312,18.0,5.0,68,114,Pala 1,25.8
46,11,5.0,12.0,0.9292489152431359,0.2742125383706774,18.0,5.0,148,109,Pala 2,57.1
27,22,5.0,12.0,0.44527911683724464,0.21806763557193198,18.0,5.0,85,85,Pala 2,81.0
41,44,5.0,12.0,0.9832806025751739,0.21410841172799588,18.0,5.0,173,132,Pala 1,132.1
6,38,5.0,12.0,0.29630204511928404,0.08522866042493826,18.0,5.0,36,116,Pala 1,29.4
1,24,5.0,12.0,0.24030574951593908,0.8964322885091256,18.0,5.0,49,62,Pala 1,28.5
41,9,5.0,12.0,0.638048201147011,0.9798350226329011,18.0,5.0,113,52,Pala 2,55.0
23,29,5.0,12.0,0.3781539679503604,0.9545088072716379,18.0,5.0,108,35,Pala 1,90.1
3,9,5.0,12.0,0.6263655419762578,0.852028139827274,18.0,5.0,139,114,Pala 1,37.2
43,33,5.0,12.0,0.3049955183026858,0.8468879076509752,18.0,5.0,30,34,Pala 2,105.6
18,45,5.0,12.0,0.6179182568379911,0.6610854671689876,18.0,5.0,174,106,Pala 1,72.4
25,12,5.0,12.0,0.2757462605850364,0.8262137119506135,18.0,5.0,109,112,Pala 2,61.9
10,28,5.0,12.0,0.05097206881888994,0.20834236434304776,18.0,5.0,56,38,Pala 1,39.6
39,37,5.0,12.0,0.9121359019231834,0.38791263038712853,18.0,5.0,148,32,Pala 2,120.3
49,40,5.0,12.0,0.8832052018734622,0.6408362932947479,18.0,5.0,152,75,Pala 2,127.6
42,44,5.0,12.0,0.9707981492726719,0.8747713325615963,18.0,5.0,53,68,Pala 1,139.3
10,8,5.0,12.0,0.7165271762214047,0.6604694623687837,18.0,5.0,81,42,Pala 2,49.3
44,12,5.0,12.0,0.6827211777353029,0.8390219583342059,18.0,5.0,80,70,Pala 2,61.1
2,36,5.0,12.0,0.5590030700748307,0.47394951584929745,18.0,5.0,86,168,Pala 1,29.1
11,13,5.0,12.0,0.12594241635252268,0.7173037377050443,18.0,5.0,84,70,Pala 1,44.5
2,36,5.0,12.0,0.18923531094927004,0.9799808063750867,18.0,5.0,82,104,Pala 1,26.5
41,8,5.0,12.0,0.2894696886725362,0.15348855712975773,18.0,5.0,118,64,Pala 2,48.0
26,7,5.0,12.0,0.8901563625733944,0.9269206923158899,18.0,5.0,48,96,Pala 2,48.9
48,38,5.0,12.0,0.17296952460307513,0.5223639478419028,18.0,5.0,138,161,Pala 2,122.4
1,39,5.0,12.0,0.9228731744878906,0.643218030730058,18.0,5.0,170,53,Pala 1,31.1
48,2,5.0,12.0,0.5227857330514172,0.8778690069105127,18.0,5.0,58,123,Pala 2,34.6
15,46,5.0,12.0,0.7155696354730722,0.40965417255231695,18.0,5.0,163,125,Pala 1,65.8
1,39,5.0,12.0,0.11024448668056652,0.41869257489005063,18.0,5.0,149,142,Pala 1,16.6
29,32,5.0,12.0,0.2690335487759109,0.5271818363471004,18.0,5.0,158,113,Pala 1,91.8
19,31,5.0,12.0,0.9585186081814263,0.01910208449685058,18.0,5.0,103,85,Pala 1,76.5
37,6,5.0,12.0,0.2661499469297314,0.4966661809433508,18.0,5.0,128,33,Pala 2,41.3
27,18,5.0,12.0,0.2965217203911461,0.2910872649942303,18.0,5.0,35,87,Pala 2,72.3
24,33,5.0,12.0,0.19759738484107947,0.9279541823917814,18.0,5.0,177,91,Pala 1,83.6
31,13,5.0,12.0,0.1290736653068295,0.08773529875303132,18.0,5.0,105,164,Pala 2,58.9
9,49,5.0,12.0,0.23325764145399797,0.4593204620198018,18.0,5.0,96,166,Pala 1,42.8
41,46,5.0,12.0,0.6423268919507984,0.9474681703773609,18.0,5.0,47,51,Pala 1,129.2
39,45,5.0,12.0,0.4553677335035635,0.9010352503184775,18.0,5.0,50,33,Pala 1,126.6
32,18,5.0,12.0,0.5537558363378986,0.7013484423745502,18.0,5.0,48,157,Pala 2,75.5
12,25,5.0,12.0,0.12236482876602428,0.5893610519960747,18.0,5.0,85,64,Pala 1,50.9
40,16,5.0,12.0,0.8021164471629001,0.28073093713284014,18.0,5.0,47,62,Pala 2,66.4
41,27,5.0,12.0,0.784094700579848,0.3669571127524548,18.0,5.0,135,164,Pala 2,98.9
46,18,5.0,12.0,0.02158991114267539,0.09013486475412724,18.0,5.0,82,134,Pala 2,71.6
36,26,5.0,12.0,0.38351509451030497,0.7861082977582377,18.0,5.0,115,150,Pala 2,95.4
15,47,5.0,12.0,0.06877060197114782,0.3238697679038117,18.0,5.0,79,93,Pala 1,49.4
44,18,5.0,12.0,0.7921057794149581,0.6677818990302073,18.0,5.0,156,150,Pala 2,74.7
21,32,5.0,12.0,0.7372696831257044,0.35759477719861343,18.0,5.0,33,47,Pala 1,77.8
19,6,5.0,12.0,0.9019880942931561,0.46433044139626267,18.0,5.0,92,32,Pala 2,46.2
49,28,5.0,12.0,0.2364039589531146,0.555002472376395,18.0,5.0,142,88,Pala 2,99.7
42,42,5.0,12.0,0.4562958831277989,0.8018524083906036,18.0,5.0,85,145,Pala 1,129.5
26,4,5.0,12.0,0.18448787716439774,0.2111563775406804,18.0,5.0,179,68,Pala 2,37.1
40,29,5.0,12.0,0.3712349344741195,0.3987653868298564,18.0,5.0,169,93,Pala 2,99.0
15,48,5.0,12.0,0.522243251566884,0.13008157189181757,18.0,5.0,42,110,Pala 1,58.7
33,42,5.0,12.0,0.053330789838588966,0.0757605049212593,18.0,5.0,134,89,Pala 1,96.7
31,7,5.0,12.0,0.7148704106773852,0.6046743561687918,18.0,5.0,62,134,Pala 2,48.8
25,41,5.0,12.0,0.5432933603710752,0.18909104435890267,18.0,5.0,93,138,Pala 1,82.9
24,11,5.0,12.0,0.8289590172106733,0.059799341926098815,18.0,5.0,112,34,Pala 2,56.2
1,41,5.0,12.0,0.27178050119119723,0.8970979312064055,18.0,5.0,134,75,Pala 1,23.7
11,12,5.0,12.0,0.9033211052692545,0.5343144197853958,18.0,5.0,174,161,Pala 1,56.7
39,25,5.0,12.0,0.9986942530304433,0.13462820740298465,18.0,5.0,63,43,Pala 2,93.5
8,17,5.0,12.0,0.9192984383776744,0.05342612744754971,18.0,5.0,97,40,Pala 1,46.2
11,41,5.0,12.0,0.7778924758331541,0.11986005341365613,18.0,5.0,68,51,Pala 1,53.9
25,48,5.0,12.0,0.8123688028737808,0.4713372403206141,18.0,5.0,158,135,Pala 1,93.0
8,19,5.0,12.0,0.5737442425445864,0.6684652551688978,18.0,5.0,162,34,Pala 1,45.5
9,15,5.0,12.0,0.1901538629126105,0.6412800749860456,18.0,5.0,69,169,Pala 1,41.7
31,36,5.0,12.0,0.6770406851477173,0.1444230862644985,18.0,5.0,92,178,Pala 1,99.5
33,2,5.0,12.0,0.7127530020599315,0.6334889518377088,18.0,5.0,158,108,Pala 2,33.1
47,26,5.0,12.0,0.9853851402679057,0.4048656242175994,18.0,5.0,174,53,Pala 2,95.0
19,14,5.0,12.0,0.5413013162563218,0.46474378429946506,18.0,5.0,123,42,Pala 2,62.9
38,33,5.0,12.0,0.2713690150250564,0.8014304062453171,18.0,5.0,128,125,Pala 2,113.7
1,44,5.0,12.0,0.6836725217395068,0.33249937267963836,18.0,5.0,89,55,Pala 1,28.4
0,21,5.0,12.0,0.9793758196664546,0.14699904716335377,18.0,5.0,158,69,Pala 1,29.6
35,39,5.0,12.0,0.177213908269094,0.8734531335663405,18.0,5.0,161,55,Pala 1,113.5
23,22,5.0,12.0,0.32599791853560267,0.212130575866338,18.0,5.0,166,59,Pala 1,77.7
26,48,5.0,12.0,0.5418809537726811,0.2940298705546427,18.0,5.0,74,93,Pala 1,89.9
1,3,5.0,12.0,0.17021463488200483,0.7065900589026224,18.0,5.0,98,140,Pala 1,23.9
30,40,5.0,12.0,0.022220639519938357,0.6835503170576073,18.0,5.0,43,102,Pala 1,89.9
13,22,5.0,12.0,0.3369831224412506,0.8004000212838287,18.0,5.0,118,117,Pala 1,56.1
1,46,5.0,12.0,0.865370801501058,0.18386664144794107,18.0,5.0,65,153,Pala 1,24.0
28,8,5.0,12.0,0.043468399323714824,0.3522798933142033,18.0,5.0,61,175,Pala 2,45.2
14,23,5.0,12.0,0.42892905901691747,0.12588323895626108,18.0,5.0,102,166,Pala 1,54.8
11,20,5.0,12.0,0.7622007729260825,0.5410391471686042,18.0,5.0,79,157,Pala 1,54.7
36,40,5.0,12.0,0.9531825969108852,0.2925705925387012,18.0,5.0,86,67,Pala 1,117.6
27,45,5.0,12.0,0.9854753990044323,0.6889356410085627,18.0,5.0,146,178,Pala 1,101.7
19,15,5.0,12.0,0.4219693806087417,0.00034436798454107187,18.0,5.0,140,100,Pala 2,63.6
38,24,5.0,12.0,0.9503842943791175,0.05968299845957925,18.0,5.0,118,169,Pala 2,89.9
23,25,5.0,12.0,0.03541897328086374,0.43256030051934335,18.0,5.0,133,65,Pala 1,72.6
20,48,5.0,12.0,0.7459169379985563,0.9581841559755685,18.0,5.0,83,151,Pala 1,81.0
9,44,5.0,12.0,0.6427460346336129,0.8908513873591829,18.0,5.0,82,40,Pala 1,52.2
45,8,5.0,12.0,0.2495218575861523,0.9940090280619832,18.0,5.0,98,157,Pala 2,49.7
13,14,5.0,12.0,0.5073185006796489,0.41683022486404486,18.0,5.0,43,56,Pala 1,51.3
36,38,5.0,12.0,0.1295537377604956,0.04656848627375154,18.0,5.0,34,103,Pala 1,100.6
17,32,5.0,12.0,0.871597150951561,0.3059561420197624,18.0,5.0,147,110,Pala 1,68.7
23,0,5.0,12.0,0.35789808554564795,0.6757708521739515,18.0,5.0,172,136,Pala 2,29.9
13,4,5.0,12.0,0.6260444704657165,0.13516380976741527,18.0,5.0,96,94,Pala 2,38.5
33,8,5.0,12.0,0.15877628628726226,0.29997217876000104,18.0,5.0,30,156,Pala 2,43.9
11,43,5.0,12.0,0.2061648446312071,0.05616616454485868,18.0,5.0,138,63,Pala 1,44.5
21,5,5.0,12.0,0.991956370803152,0.47496703839023424,18.0,5.0,91,93,Pala 2,43.3
5,27,5.0,12.0,0.7530863944413293,0.20892067769508793,18.0,5.0,107,46,Pala 1,35.7
35,44,5.0,12.0,0.9619718697740708,0.09124802689900235,18.0,5.0,86,134,Pala 1,116.8
44,25,5.0,12.0,0.29585116521204413,0.41121580948247904,18.0,5.0,49,118,Pala 2,94.2
35,27,5.0,12.0,0.1645628766198204,0.35122540437415495,18.0,5.0,43,137,Pala 2,97.2
21,39,5.0,12.0,0.5030684634788309,0.5375177369454923,18.0,5.0,64,168,Pala 1,77.3
13,14,5.0,12.0,0.4946682822273434,0.7490386553136391,18.0,5.0,176,177,Pala 1,58.5
15,5,5.0,12.0,0.17494651375798786,0.11256873642650522,18.0,5.0,113,97,Pala 2,39.9
35,26,5.0,12.0,0.7332195695814102,0.7911255902100085,18.0,5.0,71,71,Pala 2,91.4
24,37,5.0,12.0,0.36177753443873406,0.026289979875180114,18.0,5.0,127,174,Pala 1,79.4
31,3,5.0,12.0,0.18636523093051727,0.4431019024958478,18.0,5.0,30,41,Pala 2,31.4
32,10,5.0,12.0,0.3319833945432884,0.587430286885882,18.0,5.0,97,97,Pala 2,52.0
44,20,5.0,12.0,0.5636586996350151,0.9569986731397976,18.0,5.0,133,70,Pala 2,80.7
35,29,5.0,12.0,0.7264709321804432,0.5739230268696497,18.0,5.0,107,171,Pala 2,102.7
19,17,5.0,12.0,0.48189088605748454,0.1587491932713886,18.0,5.0,80,33,Pala 1,67.5
17,34,5.0,12.0,0.5255949898283735,0.5175418053439091,18.0,5.0,61,155,Pala 1,68.3
37,2,5.0,12.0,0.1389459359427484,0.3957839471914162,18.0,5.0,129,106,Pala 2,35.6
2,11,5.0,12.0,0.9146909247082321,0.47935556760024367,18.0,5.0,176,103,Pala 1,33.0
22,26,5.0,12.0,0.9287241979920444,0.19709701465908724,18.0,5.0,68,171,Pala 1,79.5
31,29,5.0,12.0,0.6834265904180037,0.5008270423112718,18.0,5.0,171,38,Pala 2,103.8
44,20,5.0,12.0,0.017631408934024706,0.15003976429087684,18.0,5.0,71,177,Pala 2,77.3
15,37,5.0,12.0,0.537074215903326,0.7440430806908699,18.0,5.0,43,30,Pala 1,63.7
4,20,5.0,12.0,0.6292189720886135,0.5939062602255979,18.0,5.0,145,137,Pala 1,36.4
3,37,5.0,12.0,0.99465422295811,0.0785276915917833,18.0,5.0,168,122,Pala 1,35.0
20,39,5.0,12.0,0.9960669551947968,0.8896144679289798,18.0,5.0,104,101,Pala 1,83.4
39,14,5.0,12.0,0.8576112353255574,0.6163796046156383,18.0,5.0,76,46,Pala 2,61.5
13,17,5.0,12.0,0.06383099202611353,0.31610705512783144,18.0,5.0,133,118,Pala 1,51.0
38,28,5.0,12.0,0.9532763907787299,0.04564239952731031,18.0,5.0,53,49,Pala 2,96.6
30,47,5.0,12.0,0.6126612471519991,0.632226695771633,18.0,5.0,179,88,Pala 1,100.9
13,37,5.0,12.0,0.8008867704791794,0.37344026134833685,18.0,5.0,84,170,Pala 1,56.9
5,20,5.0,12.0,0.40719284968585356,0.9076181048784876,18.0,5.0,99,150,Pala 1,37.6
11,16,5.0,12.0,0.3196694712345898,0.03487783271417455,18.0,5.0,107,106,Pala 1,45.5
15,40,5.0,12.0,0.463244145483808,0.039102435342243336,18.0,5.0,102,79,Pala 1,53.7
16,17,5.0,12.0,0.14687451296882692,0.9492992869069354,18.0,5.0,73,123,Pala 1,61.5
44,36,5.0,12.0,0.35706613875330606,0.9648739456795062,18.0,5.0,118,164,Pala 2,119.7
22,37,5.0,12.0,0.8576174997682786,0.0277422267726386,18.0,5.0,44,84,Pala 1,81.7
13,11,5.0,12.0,0.03795048626088149,0.7160332349413275,18.0,5.0,74,80,Pala 1,48.0
6,10,5.0,12.0,0.15087804682460448,0.22149485232884047,18.0,5.0,151,105,Pala 1,30.1
45,47,5.0,12.0,0.12511615964948553,0.7013927662860725,18.0,5.0,91,159,Pala 1,129.9
31,48,5.0,12.0,0.40307554270022805,0.8687327966579836,18.0,5.0,121,43,Pala 1,102.6
14,19,5.0,12.0,0.9969869008908617,0.10083147886227539,18.0,5.0,42,135,Pala 1,61.8
43,8,5.0,12.0,0.17335793021138268,0.23876641676204202,18.0,5.0,134,174,Pala 2,47.8
16,0,5.0,12.0,0.14548264959926016,0.024077668326494828,18.0,5.0,34,106,Pala 2,28.8
40,2,5.0,12.0,0.9150557297761545,0.043829845444440796,18.0,5.0,112,158,Pala 2,31.4
46,20,5.0,12.0,0.8820505169659657,0.029617858217774184,18.0,5.0,165,148,Pala 2,79.6
43,22,5.0,12.0,0.03224036999655444,0.8006823564264145,18.0,5.0,170,140,Pala 2,85.3
33,8,5.0,12.0,0.751705960179315,0.29829267843077667,18.0,5.0,46,30,Pala 2,49.4
4,18,5.0,12.0,0.6554657014764296,0.4932114395719891,18.0,5.0,61,140,Pala 1,32.6
44,44,5.0,12.0,0.767740809852709,0.7878442635970163,18.0,5.0,34,55,Pala 1,136.5
26,45,5.0,12.0,0.49450245479592214,0.4949436627067181,18.0,5.0,155,145,Pala 1,89.7
22,18,5.0,12.0,0.9913792184482956,0.4291960626245961,18.0,5.0,166,42,Pala 2,73.4
39,22,5.0,12.0,0.04384701871096319,0.01157320648945881,18.0,5.0,136,63,Pala 2,78.3
13,26,5.0,12.0,0.23437158640380573,0.5680395025367562,18.0,5.0,30,91,Pala 1,52.1
14,26,5.0,12.0,0.3965459869736151,0.1247430781370864,18.0,5.0,155,102,Pala 1,54.0
42,38,5.0,12.0,0.44977794156570317,0.7646482407910262,18.0,5.0,61,80,Pala 1,127.6
32,35,5.0,12.0,0.9213674026995187,0.2577377238150196,18.0,5.0,155,70,Pala 1,107.8
30,11,5.0,12.0,0.5600043640772588,0.6741874108086551,18.0,5.0,128,84,Pala 2,52.3
34,26,5.0,12.0,0.04511099552039388,0.6462235278246794,18.0,5.0,142,123,Pala 2,95.0
16,45,5.0,12.0,0.40786296342566186,0.6166756029300201,18.0,5.0,40,164,Pala 1,64.5
27,33,5.0,12.0,0.4164904123690699,0.2669520075371926,18.0,5.0,52,31,Pala 1,86.3
18,32,5.0,12.0,0.9654909384377848,0.26708977717556814,18.0,5.0,148,31,Pala 1,72.5
45,27,5.0,12.0,0.5991970910211082,0.8630480434413299,18.0,5.0,55,83,Pala 2,97.9
22,30,5.0,12.0,0.6356510711589388,0.012807332630426993,18.0,5.0,92,123,Pala 1,74.7
31,31,5.0,12.0,0.7132530312512708,0.18152263345395792,18.0,5.0,98,87,Pala 1,103.3
39,49,5.0,12.0,0.7700393156821232,0.6101709176419851,18.0,5.0,119,90,Pala 1,127.4
12,19,5.0,12.0,0.6350510702024892,0.8170462544031698,18.0,5.0,163,133,Pala 1,55.9
19,39,5.0,12.0,0.2371943511339355,0.35834550867285864,18.0,5.0,80,47,Pala 1,65.3
34,34,5.0,12.0,0.8740459143411642,0.6534434586108001,18.0,5.0,72,171,Pala 1,114.9
4,30,5.0,12.0,0.7321198004106302,0.5571564196202363,18.0,5.0,170,54,Pala 1,39.5
8,30,5.0,12.0,0.7418704850969559,0.0645401044820354,18.0,5.0,54,167,Pala 1,44.9
28,37,5.0,12.0,0.9965567392347492,0.6217501969306781,18.0,5.0,159,129,Pala 1,103.0
5,21,5.0,12.0,0.8025265348633159,0.8139034722724935,18.0,5.0,43,77,Pala 1,41.5
24,44,5.0,12.0,0.8291514031551532,0.9924483202994093,18.0,5.0,174,82,Pala 1,96.4
30,40,5.0,12.0,0.9514055157101584,0.02964007265172286,18.0,5.0,134,166,Pala 1,102.0
21,8,5.0,12.0,0.15113399984889386,0.660058172583868,18.0,5.0,133,168,Pala 2,52.7
1,8,5.0,12.0,0.49772737647806786,0.41454955314796216,18.0,5.0,68,56,Pala 1,24.3
44,14,5.0,12.0,0.5805670235907876,0.009787888706205283,18.0,5.0,77,88,Pala 2,62.7
4,12,5.0,12.0,0.3292757292224576,0.6143609437085114,18.0,5.0,144,170,Pala 1,32.2
26,21,5.0,12.0,0.8394033438945055,0.1224272985556355,18.0,5.0,78,168,Pala 2,83.7
24,15,5.0,12.0,0.7624196216457234,0.3785668501891366,18.0,5.0,56,86,Pala 2,66.3
7,31,5.0,12.0,0.720883074508124,0.2613670924884023,18.0,5.0,74,139,Pala 1,40.2
0,1,5.0,12.0,0.9971494397581668,0.36116340227109933,18.0,5.0,60,135,Pala 1,29.6
19,25,5.0,12.0,0.2593813734083905,0.4926955815009496,18.0,5.0,92,53,Pala 1,64.6
43,13,5.0,12.0,0.7354572516754213,0.3592095324895145,18.0,5.0,141,108,Pala 2,62.7
22,37,5.0,12.0,0.5514044749059006,0.5527318705895392,18.0,5.0,137,113,Pala 1,81.4
31,33,5.0,12.0,0.3129891824938761,0.23864969023285376,18.0,5.0,94,31,Pala 1,92.2
10,7,5.0,12.0,0.16058687072312583,0.6353617674283816,18.0,5.0,40,172,Pala 1,41.2
38,35,5.0,12.0,0.8958838370675472,0.8537630041248534,18.0,5.0,172,77,Pala 2,119.9
46,20,5.0,12.0,0.5954554827078453,0.2240670469152124,18.0,5.0,126,127,Pala 2,81.1
23,45,5.0,12.0,0.8249338376407946,0.5078772158556225,18.0,5.0,141,75,Pala 1,87.9
10,42,5.0,12.0,0.5453449840015449,0.6486897845498887,18.0,5.0,62,124,Pala 1,48.6
28,27,5.0,12.0,0.21997708065401955,0.5646261312134161,18.0,5.0,58,126,Pala 1,88.2
25,45,5.0,12.0,0.33754881310032525,0.36564944619222595,18.0,5.0,40,142,Pala 1,80.8
15,43,5.0,12.0,0.3815388424735465,0.6421997080057483,18.0,5.0,170,50,Pala 1,60.5
34,47,5.0,12.0,0.9729348125037023,0.02824620621007623,18.0,5.0,98,116,Pala 1,113.4
19,5,5.0,12.0,0.0056332783813825005,0.369906231996433,18.0,5.0,50,71,Pala 2,37.4
45,19,5.0,12.0,0.985666023024507,0.5326122146410032,18.0,5.0,32,42,Pala 2,74.5
2,30,5.0,12.0,0.9804616351098306,0.020613158835864676,18.0,5.0,123,74,Pala 1,30.0
0,32,5.0,12.0,0.9961507905301366,0.5076488296842998,18.0,5.0,51,119,Pala 1,25.9
46,43,5.0,12.0,0.4765881789196347,0.6542544607656283,18.0,5.0,91,176,Pala 1,137.6
0,6,5.0,12.0,0.9638089696209996,0.7592076977130451,18.0,5.0,34,164,Pala 1,30.7
16,7,5.0,12.0,0.39559918184982734,0.1133740814094304,18.0,5.0,176,54,Pala 2,44.2
1,8,5.0,12.0,0.02629444066838671,0.9905648748916949,18.0,5.0,38,133,Pala 1,23.9
28,1,5.0,12.0,0.22434718637176454,0.6061677013350956,18.0,5.0,87,100,Pala 2,31.7
19,16,5.0,12.0,0.9452962449373846,0.36319379261233,18.0,5.0,53,148,Pala 2,69.8
5,44,5.0,12.0,0.01376469333539998,0.2490928544567138,18.0,5.0,90,113,Pala 1,29.2
7,36,5.0,12.0,0.545994135422975,0.5728968616834146,18.0,5.0,156,121,Pala 1,46.3
28,41,5.0,12.0,0.07560158889467905,0.8817116471665708,18.0,5.0,77,142,Pala 1,89.8
47,43,5.0,12.0,0.2863965784275785,0.5205653961413648,18.0,5.0,91,98,Pala 2,135.5
32,16,5.0,12.0,0.08809285071188666,0.6614720556049603,18.0,5.0,178,81,Pala 2,65.3
2,37,5.0,12.0,0.8595286211130564,0.3576964395405602,18.0,5.0,67,62,Pala 1,33.8
34,34,5.0,12.0,0.5910707096477058,0.3881522880889726,18.0,5.0,147,82,Pala 1,108.0
4,46,5.0,12.0,0.9021064657183129,0.286175105771892,18.0,5.0,88,67,Pala 1,39.8
26,38,5.0,12.0,0.6883531995402283,0.7056372943682397,18.0,5.0,126,34,Pala 1,95.5
43,29,5.0,12.0,0.9710291312450997,0.35918755341656505,18.0,5.0,46,147,Pala 2,103.6
11,5,5.0,12.0,0.5098776547604066,0.19071640404123924,18.0,5.0,98,60,Pala 2,35.3
19,3,5.0,12.0,0.6387105817628745,0.3694005711662379,18.0,5.0,52,166,Pala 2,36.1
44,36,5.0,12.0,0.5763088198890566,0.8538272078327562,18.0,5.0,132,61,Pala 2,120.3
19,34,5.0,12.0,0.48426042944661274,0.7382520435769234,18.0,5.0,123,34,Pala 1,74.3
8,8,5.0,12.0,0.8459593654230126,0.3346408444635639,18.0,5.0,75,83,Pala 1,46.8
38,5,5.0,12.0,0.6445251356703602,0.9068089648367024,18.0,5.0,58,57,Pala 2,41.6
3,12,5.0,12.0,0.8013122648554728,0.07483263511746696,18.0,5.0,63,41,Pala 1,28.9
18,21,5.0,12.0,0.7863639366024132,0.04975379141364322,18.0,5.0,39,46,Pala 1,64.2
37,27,5.0,12.0,0.1910451606552953,0.12747035478524127,18.0,5.0,49,37,Pala 2,91.2
26,29,5.0,12.0,0.6501635325176437,0.1164547558586031,18.0,5.0,63,47,Pala 1,88.9
44,35,5.0,12.0,0.19964801918133412,0.08783431501234051,18.0,5.0,130,146,Pala 2,115.7
42,1,5.0,12.0,0.5833204782437709,0.6613426119979924,18.0,5.0,170,39,Pala 2,30.4
12,35,5.0,12.0,0.6774346844463005,0.6008423796554239,18.0,5.0,116,68,Pala 1,57.8
12,7,5.0,12.0,0.9972350715875868,0.6476055105817147,18.0,5.0,167,70,Pala 2,45.9
21,44,5.0,12.0,0.030541978149738358,0.68836605416203,18.0,5.0,74,137,Pala 1,69.9
27,41,5.0,12.0,0.09124239411372093,0.7568797524806798,18.0,5.0,157,73,Pala 1,89.8
46,49,5.0,12.0,0.0770266963712315,0.20717692748641037,18.0,5.0,118,72,Pala 1,132.0
44,8,5.0,12.0,0.39836128626674006,0.6223035132347998,18.0,5.0,111,140,Pala 2,49.3
21,0,5.0,12.0,0.8215883614858137,0.5800486593363733,18.0,5.0,148,48,Pala 2,30.4
42,12,5.0,12.0,0.8440563327871357,0.9436600258034737,18.0,5.0,121,50,Pala 2,62.3
18,49,5.0,12.0,0.7369795957211517,0.23236772423964858,18.0,5.0,165,32,Pala 1,72.1
7,14,5.0,12.0,0.8968782418299477,0.058722934374331404,18.0,5.0,34,133,Pala 1,40.5
7,31,5.0,12.0,0.3228599441694525,0.6534950697145432,18.0,5.0,49,85,Pala 1,40.3
41,33,5.0,12.0,0.08815464425229913,0.7401728402367118,18.0,5.0,150,156,Pala 2,110.4
25,42,5.0,12.0,0.058153027989850115,0.28319600580755067,18.0,5.0,87,158,Pala 1,78.8
47,30,5.0,12.0,0.8521327196193863,0.570848430939669,18.0,5.0,177,117,Pala 2,108.1
25,13,5.0,12.0,0.7304362943536913,0.059536065534150584,18.0,5.0,118,65,Pala 2,61.1
22,46,5.0,12.0,0.6986153060111209,0.960044841168289,18.0,5.0,129,35,Pala 1,85.2
42,13,5.0,12.0,0.3396763385456688,0.10992497329916862,18.0,5.0,144,103,Pala 2,59.1
12,47,5.0,12.0,0.3799051886182262,0.06757053615199571,18.0,5.0,103,75,Pala 1,48.4
27,28,5.0,12.0,0.9581135288993192,0.04411015949461905,18.0,5.0,45,49,Pala 2,94.8
8,46,5.0,12.0,0.06380474409793502,0.42727190650335267,18.0,5.0,33,64,Pala 1,34.0
19,18,5.0,12.0,0.7737317369377926,0.09715974345719003,18.0,5.0,39,76,Pala 2,72.4
18,26,5.0,12.0,0.30963332370839314,0.7446482409555752,18.0,5.0,77,65,Pala 1,67.0
47,8,5.0,12.0,0.039054618412556086,0.8988741606264057,18.0,5.0,49,45,Pala 2,47.4
38,36,5.0,12.0,0.742570110742456,0.26021893232485704,18.0,5.0,61,137,Pala 2,120.5
11,36,5.0,12.0,0.3309118856783746,0.6287731192513989,18.0,5.0,89,94,Pala 1,50.0
14,42,5.0,12.0,0.7221475187427966,0.04233844701181777,18.0,5.0,40,92,Pala 1,56.1
30,27,5.0,12.0,0.7076543831181201,0.3865644716927954,18.0,5.0,49,81,Pala 2,95.5
13,23,5.0,12.0,0.5347868754331151,0.29294211342772836,18.0,5.0,52,102,Pala 1,53.5
10,27,5.0,12.0,0.7773731292105488,0.22861909644035883,18.0,5.0,156,89,Pala 1,51.8
25,35,5.0,12.0,0.5810383241712435,0.6447234896286991,18.0,5.0,106,130,Pala 1,88.9
41,17,5.0,12.0,0.2866368528482607,0.1302279463585363,18.0,5.0,64,46,Pala 2,66.7
26,24,5.0,12.0,0.734115301064419,0.8607105232969884,18.0,5.0,174,67,Pala 2,93.4
10,34,5.0,12.0,0.5891398158777236,0.6648359063687347,18.0,5.0,39,58,Pala 1,49.1
37,3,5.0,12.0,0.012727281689920544,0.710735178688058,18.0,5.0,67,60,Pala 2,34.8
33,13,5.0,12.0,0.9016441777703094,0.9353443086576682,18.0,5.0,112,83,Pala 2,61.0
42,38,5.0,12.0,0.5456436183243134,0.9423728715025147,18.0,5.0,61,131,Pala 2,127.0
18,25,5.0,12.0,0.8686272654795317,0.5516523238192358,18.0,5.0,83,55,Pala 1,73.4
5,7,5.0,12.0,0.8827368389822446,0.49537981728598046,18.0,5.0,86,170,Pala 1,43.5
45,23,5.0,12.0,0.4449666567350885,0.3353816082269101,18.0,5.0,136,48,Pala 2,89.5
37,15,5.0,12.0,0.5076599964512309,0.7155716102024683,18.0,5.0,54,140,Pala 2,65.6
48,19,5.0,12.0,0.4157543876756019,0.538208886979813,18.0,5.0,171,56,Pala 2,76.0
41,14,5.0,12.0,0.4494367753080455,0.9328750797401246,18.0,5.0,74,42,Pala 2,62.4
27,6,5.0,12.0,0.8951471589717278,0.23862594871260534,18.0,5.0,147,81,Pala 2,45.7
0,16,5.0,12.0,0.788144013967911,0.31025268625049074,18.0,5.0,67,127,Pala 1,24.4
34,21,5.0,12.0,0.12652567631557798,0.3160904474199687,18.0,5.0,154,48,Pala 2,80.5
39,21,5.0,12.0,0.6103077815400959,0.805998454556707,18.0,5.0,65,112,Pala 2,86.0
7,11,5.0,12.0,0.9959066403863422,0.09904033184215233,18.0,5.0,117,32,Pala 1,44.4
46,17,5.0,12.0,0.5955507012324858,0.4556491209889797,18.0,5.0,153,96,Pala 2,69.5
6,45,5.0,12.0,0.7858716255931055,0.4275807369730473,18.0,5.0,42,55,Pala 1,39.4
10,46,5.0,12.0,0.7690614733811709,0.0731396210137586,18.0,5.0,153,35,Pala 1,51.3
38,14,5.0,12.0,0.35031752587232856,0.41079699854434715,18.0,5.0,44,170,Pala 2,67.1
3,36,5.0,12.0,0.3718493027039589,0.5133779832839813,18.0,5.0,87,56,Pala 1,33.0
24,15,5.0,12.0,0.7240764217904032,0.06510469250491324,18.0,5.0,141,134,Pala 2,64.1
11,4,5.0,12.0,0.4999835316048351,0.5098621284446674,18.0,5.0,88,117,Pala 2,39.4
25,1,5.0,12.0,0.570570709130388,0.9592379046834011,18.0,5.0,81,39,Pala 2,28.8
37,27,5.0,12.0,0.7129057903648376,0.9789143231615323,18.0,5.0,98,45,Pala 2,98.6
45,40,5.0,12.0,0.7775750270390502,0.5316797785898112,18.0,5.0,132,52,Pala 2,131.2
11,26,5.0,12.0,0.27151657773307136,0.515096932602959,18.0,5.0,34,76,Pala 1,49.3
42,30,5.0,12.0,0.14679375943696293,0.28550816641639143,18.0,5.0,72,41,Pala 2,99.5
36,40,5.0,12.0,0.29179464672372524,0.9971154717121016,18.0,5.0,37,106,Pala 1,113.5
45,35,5.0,12.0,0.5075383250920755,0.27422917102522604,18.0,5.0,107,47,Pala 2,113.8
23,46,5.0,12.0,0.3421413172970391,0.45290130043995636,18.0,5.0,122,87,Pala 1,79.8
15,42,5.0,12.0,0.5683627588475938,0.0029340578026765263,18.0,5.0,92,159,Pala 1,59.5
12,0,5.0,12.0,0.053465724125628444,0.3492322909091369,18.0,5.0,61,174,Pala 2,26.7
24,49,5.0,12.0,0.5097504116137672,0.07144030060882389,18.0,5.0,126,116,Pala 1,81.7
3,28,5.0,12.0,0.3679849069377079,0.7438247703851323,18.0,5.0,147,93,Pala 1,30.4
10,0,5.0,12.0,0.5346667548928824,0.5610144530299322,18.0,5.0,53,116,Pala 2,28.2
31,7,5.0,12.0,0.4225333548849768,0.5721718772876565,18.0,5.0,79,83,Pala 2,45.8
48,15,5.0,12.0,0.28422585063754247,0.286511285899703,18.0,5.0,147,107,Pala 2,65.5
6,27,5.0,12.0,0.9041079054576358,0.8148962902529736,18.0,5.0,157,43,Pala 1,48.0
45,21,5.0,12.0,0.1847649884213569,0.003270925331250174,18.0,5.0,141,67,Pala 2,79.5
10,17,5.0,12.0,0.6813655755805597,0.3336011791641921,18.0,5.0,67,134,Pala 1,46.2
27,21,5.0,12.0,0.9246447125824141,0.6594974904588677,18.0,5.0,178,45,Pala 2,80.9
40,40,5.0,12.0,0.5386699596854331,0.907922537416921,18.0,5.0,111,111,Pala 1,128.7
22,11,5.0,12.0,0.8764084885794821,0.23461595692523307,18.0,5.0,99,103,Pala 2,55.3
44,18,5.0,12.0,0.12485147843328437,0.541100051727418,18.0,5.0,98,59,Pala 2,70.3
22,24,5.0,12.0,0.4937887702564081,0.537991420533321,18.0,5.0,175,97,Pala 1,82.4
49,49,5.0,12.0,0.4570252804809394,0.8741743690436998,18.0,5.0,42,100,Pala 1,144.1
27,4,5.0,12.0,0.008118807036994857,0.05051688955984235,18.0,5.0,148,109,Pala 2,36.3
42,33,5.0,12.0,0.4432573413593345,0.4244755610707073,18.0,5.0,131,144,Pala 2,113.2
46,38,5.0,12.0,0.36902975638259783,0.18246567479193154,18.0,5.0,50,66,Pala 2,123.5
25,9,5.0,12.0,0.6697987277746154,0.021532600298598048,18.0,5.0,106,84,Pala 2,52.0
24,46,5.0,12.0,0.9383297785765186,0.14703094052048282,18.0,5.0,111,126,Pala 1,88.4
28,6,5.0,12.0,0.08579108826203652,0.9764706728481991,18.0,5.0,106,128,Pala 2,44.6
18,36,5.0,12.0,0.3274763867146231,0.2148485095202679,18.0,5.0,128,141,Pala 1,65.7
32,46,5.0,12.0,0.4440647373942519,0.9350307733358,18.0,5.0,72,147,Pala 1,106.1
35,14,5.0,12.0,0.4551853780343833,0.20525434263094167,18.0,5.0,151,86,Pala 2,62.0
13,41,5.0,12.0,0.7748097208422537,0.9312952273844844,18.0,5.0,153,126,Pala 1,65.9
13,23,5.0,12.0,0.4433956658334408,0.6546209352003144,18.0,5.0,49,91,Pala 1,53.8
34,25,5.0,12.0,0.027161301453653364,0.11321857750192676,18.0,5.0,84,68,Pala 2,89.6
29,25,5.0,12.0,0.7101040945928313,0.5819151551265778,18.0,5.0,103,103,Pala 2,93.6
27,45,5.0,12.0,0.8848296951456717,0.3185140375402786,18.0,5.0,101,96,Pala 1,97.5
16,25,5.0,12.0,0.5139047125496728,0.3831531559780702,18.0,5.0,75,58,Pala 1,61.9
2,9,5.0,12.0,0.5811085216985054,0.44017095783497306,18.0,5.0,108,60,Pala 1,33.1
15,16,5.0,12.0,0.16293643896904608,0.42270702253033454,18.0,5.0,175,89,Pala 1,53.9
45,13,5.0,12.0,0.22064594467895704,0.6641088904830289,18.0,5.0,44,68,Pala 2,59.4
29,1,5.0,12.0,0.23517023912461177,0.7683680685907631,18.0,5.0,128,30,Pala 2,32.8
28,47,5.0,12.0,0.4307419748812953,0.32917768920112134,18.0,5.0,95,85,Pala 1,92.7
44,12,5.0,12.0,0.9281452208956421,0.9243639616856898,18.0,5.0,170,130,Pala 2,60.9
14,26,5.0,12.0,0.521784766714886,0.9384663140188765,18.0,5.0,138,120,Pala 1,63.0
45,8,5.0,12.0,0.19209764520135264,0.0406904371511434,18.0,5.0,86,178,Pala 2,47.2
24,6,5.0,12.0,0.2660877358689496,0.014908788883018498,18.0,5.0,166,159,Pala 2,46.6
37,47,5.0,12.0,0.38401502972718426,0.425066330151061,18.0,5.0,150,171,Pala 1,114.4
41,9,5.0,12.0,0.6232589756927994,0.5906452509876585,18.0,5.0,128,135,Pala 2,49.3
46,8,5.0,12.0,0.44003315300400536,0.2779047474520616,18.0,5.0,95,160,Pala 2,47.4
37,21,5.0,12.0,0.39244484417692493,0.25941375108577436,18.0,5.0,173,171,Pala 2,80.7
22,22,5.0,12.0,0.5647286003989948,0.6783338297091906,18.0,5.0,139,34,Pala 1,84.0
24,6,5.0,12.0,0.24183499495446548,0.6017042846555698,18.0,5.0,159,110,Pala 2,42.2
41,47,5.0,12.0,0.07890327258458218,0.16714687499310965,18.0,5.0,173,158,Pala 1,116.6
6,8,5.0,12.0,0.024414314822222116,0.8845009632651588,18.0,5.0,101,149,Pala 1,30.9
21,26,5.0,12.0,0.25125916346712707,0.6799760701610699,18.0,5.0,30,72,Pala 1,72.9
16,23,5.0,12.0,0.0915920341444687,0.3625762491690083,18.0,5.0,134,121,Pala 1,59.4
17,28,5.0,12.0,0.3363406385207668,0.68362468999115,18.0,5.0,162,107,Pala 1,67.7
48,16,5.0,12.0,0.7729335403597556,0.11265308676781594,18.0,5.0,50,44,Pala 2,69.7
40,19,5.0,12.0,0.7162943304868383,0.4682561245740561,18.0,5.0,64,75,Pala 2,77.6
9,6,5.0,12.0,0.6109276227880288,0.1689844095595593,18.0,5.0,133,36,Pala 1,47.0
9,42,5.0,12.0,0.8525002438794788,0.04143124612843663,18.0,5.0,83,144,Pala 1,44.8
6,39,5.0,12.0,0.2820676245442767,0.33832627028829976,18.0,5.0,153,36,Pala 1,36.3
47,6,5.0,12.0,0.8850537530299657,0.15073548348078325,18.0,5.0,137,117,Pala 2,46.2
49,27,5.0,12.0,0.39923916966917916,0.6335179569538247,18.0,5.0,73,119,Pala 2,95.9
37,18,5.0,12.0,0.40089331826662655,0.6740678940177103,18.0,5.0,114,48,Pala 2,70.9
26,19,5.0,12.0,0.4053516136255215,0.14869230622660334,18.0,5.0,33,82,Pala 2,77.0
32,43,5.0,12.0,0.09809436624098145,0.024613005603426275,18.0,5.0,152,119,Pala 1,93.9
0,38,5.0,12.0,0.9754904983310557,0.7928105616351604,18.0,5.0,71,45,Pala 1,28.9
43,39,5.0,12.0,0.1385067778251592,0.0020570207285622866,18.0,5.0,53,91,Pala 1,120.5
33,6,5.0,12.0,0.3408857244691845,0.3439130891837887,18.0,5.0,162,94,Pala 2,43.2
3,5,5.0,12.0,0.31930032032675715,0.4945832980456698,18.0,5.0,96,141,Pala 1,30.6
16,24,5.0,12.0,0.07467943281670963,0.8186421885384328,18.0,5.0,40,65,Pala 1,55.3
3,40,5.0,12.0,0.15226013011187667,0.8385586427461407,18.0,5.0,125,53,Pala 1,26.7
42,12,5.0,12.0,0.044858336185385816,0.7249394406104555,18.0,5.0,51,98,Pala 2,58.3
25,38,5.0,12.0,0.29240449356051346,0.24719762253989785,18.0,5.0,168,148,Pala 1,82.5
3,39,5.0,12.0,0.8666569240289065,0.7201869343191708,18.0,5.0,115,158,Pala 1,35.3
0,21,5.0,12.0,0.3394422057373845,0.24653919787694167,18.0,5.0,161,152,Pala 1,18.8
6,48,5.0,12.0,0.12369183206737921,0.21460819173170165,18.0,5.0,167,166,Pala 1,32.3
29,16,5.0,12.0,0.645693868383918,0.5471279542305324,18.0,5.0,48,129,Pala 2,69.6
49,47,5.0,12.0,0.9966009120549105,0.6788544438340626,18.0,5.0,111,44,Pala 2,147.0
8,21,5.0,12.0,0.23232378953192756,0.05305176591168059,18.0,5.0,124,103,Pala 1,36.7
34,33,5.0,12.0,0.27957100537056945,0.06002260112460844,18.0,5.0,46,173,Pala 1,102.7
7,7,5.0,12.0,0.9718470542807885,0.7841706868167898,18.0,5.0,53,65,Pala 2,50.0
23,48,5.0,12.0,0.17877628755048713,0.8594972509654798,18.0,5.0,158,82,Pala 1,81.5
18,44,5.0,12.0,0.5112140674591639,0.604440916341894,18.0,5.0,34,108,Pala 1,67.0
35,17,5.0,12.0,0.2396521330160949,0.42882800970688595,18.0,5.0,82,160,Pala 2,67.1
49,23,5.0,12.0,0.9323518979012438,0.8453164795991859,18.0,5.0,110,176,Pala 2,88.9
42,41,5.0,12.0,0.981521014576294,0.7288170327753302,18.0,5.0,115,70,Pala 2,133.5
26,1,5.0,12.0,0.8146978461200154,0.5795941984312686,18.0,5.0,132,66,Pala 2,35.6
31,1,5.0,12.0,0.31478381581281056,0.3197571219487634,18.0,5.0,109,165,Pala 2,33.5
13,26,5.0,12.0,0.403487475280505,0.19799506165681624,18.0,5.0,34,117,Pala 1,49.3
17,13,5.0,12.0,0.24230568366642136,0.41867303927151567,18.0,5.0,47,43,Pala 2,55.2
27,47,5.0,12.0,0.8907579670089915,0.28682257596021155,18.0,5.0,161,64,Pala 1,94.4
28,38,5.0,12.0,0.9145582776881581,0.33925858773446094,18.0,5.0,138,173,Pala 1,98.7
15,11,5.0,12.0,0.4188706622460472,0.5156310553120325,18.0,5.0,120,100,Pala 2,54.6
34,31,5.0,12.0,0.6565330699030019,0.16909395695160978,18.0,5.0,99,37,Pala 2,102.5
46,27,5.0,12.0,0.16555317977469386,0.8061766800738255,18.0,5.0,168,41,Pala 2,97.4
30,27,5.0,12.0,0.434935900363409,0.14552946171476744,18.0,5.0,110,139,Pala 1,94.5
3,45,5.0,12.0,0.6314991066734976,0.4809936394209524,18.0,5.0,60,109,Pala 1,30.3
36,24,5.0,12.0,0.38540311851801956,0.7459713380804366,18.0,5.0,42,144,Pala 2,94.1
16,3,5.0,12.0,0.3575995256864599,0.48502070768959626,18.0,5.0,52,97,Pala 2,32.2
38,25,5.0,12.0,0.0009989922669426665,0.36102206358863875,18.0,5.0,94,74,Pala 2,86.9
47,35,5.0,12.0,0.8042934637771141,0.47489130582275096,18.0,5.0,59,70,Pala 2,118.1
45,49,5.0,12.0,0.8893376120214482,0.8486706988741405,18.0,5.0,76,90,Pala 1,146.5
25,2,5.0,12.0,0.9694635295458321,0.9904316982839576,18.0,5.0,173,105,Pala 2,36.5
47,0,5.0,12.0,0.7192713850692155,0.6311432892894355,18.0,5.0,160,172,Pala 2,30.5
38,16,5.0,12.0,0.5487923123698846,0.7934440426487007,18.0,5.0,41,128,Pala 2,68.3
40,6,5.0,12.0,0.2692845198087094,0.014488686159288666,18.0,5.0,168,96,Pala 2,42.3
3,47,5.0,12.0,0.9992994759634984,0.8803644095245726,18.0,5.0,45,31,Pala 1,43.2
29,4,5.0,12.0,0.5897528545321056,0.9540497599279182,18.0,5.0,146,151,Pala 2,39.1
29,18,5.0,12.0,0.6811540723304462,0.5751693417575705,18.0,5.0,178,163,Pala 2,74.9
21,38,5.0,12.0,0.6824061619553177,0.7538048620602198,18.0,5.0,138,45,Pala 1,80.3
10,45,5.0,12.0,0.8452517957571815,0.5127447429600749,18.0,5.0,87,52,Pala 1,55.6
1,33,5.0,12.0,0.00967253884691921,0.2862037404555897,18.0,5.0,34,124,Pala 1,14.5
43,34,5.0,12.0,0.22024694043137183,0.8522479719830128,18.0,5.0,170,143,Pala 2,115.8
11,48,5.0,12.0,0.665534000170014,0.5968367119959418,18.0,5.0,110,70,Pala 1,52.5
29,15,5.0,12.0,0.8951457368245678,0.579383083791407,18.0,5.0,169,148,Pala 2,71.0
35,39,5.0,12.0,0.6853387819213562,0.6591322038412064,18.0,5.0,30,151,Pala 1,111.9
17,49,5.0,12.0,0.41349129149368014,0.8560031658288484,18.0,5.0,37,84,Pala 1,70.2
25,46,5.0,12.0,0.3615554958702616,0.7319061257709644,18.0,5.0,173,161,Pala 1,86.4
6,38,5.0,12.0,0.7379480082833204,0.21112419421574524,18.0,5.0,172,139,Pala 1,37.2
0,26,5.0,12.0,0.7412376971371935,0.46682354440731955,18.0,5.0,48,129,Pala 1,26.0
25,40,5.0,12.0,0.6070579925056904,0.9802983319862062,18.0,5.0,60,57,Pala 1,95.3
22,37,5.0,12.0,0.29146702409733705,0.5545607137627746,18.0,5.0,159,57,Pala 1,76.5
25,49,5.0,12.0,0.9251548183905436,0.9382453534707986,18.0,5.0,150,152,Pala 1,96.3
44,49,5.0,12.0,0.5518799421186391,0.813369486313056,18.0,5.0,88,55,Pala 1,132.6
5,24,5.0,12.0,0.7904923562483306,0.6660234418087588,18.0,5.0,60,42,Pala 1,44.5
5,25,5.0,12.0,0.21430826216183163,0.34936520265975524,18.0,5.0,169,100,Pala 1,29.4
43,13,5.0,12.0,0.34404078861472787,0.304319347525439,18.0,5.0,174,83,Pala 2,58.1
7,13,5.0,12.0,0.8745795163873424,0.6434210652975879,18.0,5.0,58,42,Pala 1,45.7
23,13,5.0,12.0,0.050107029939968406,0.4325612408464108,18.0,5.0,133,149,Pala 2,62.0
21,24,5.0,12.0,0.5123153112566621,0.7987536228167271,18.0,5.0,92,88,Pala 1,79.8
18,35,5.0,12.0,0.481705479844009,0.7604567395401959,18.0,5.0,44,33,Pala 1,69.3
36,3,5.0,12.0,0.7512301889080821,0.3121304867385143,18.0,5.0,59,109,Pala 2,34.2
17,46,5.0,12.0,0.2818937705993324,0.702728783061762,18.0,5.0,40,89,Pala 1,64.6
30,14,5.0,12.0,0.21906682185959947,0.49455019009718404,18.0,5.0,42,76,Pala 2,63.7
36,31,5.0,12.0,0.9261328387732337,0.32329210081399706,18.0,5.0,84,106,Pala 2,103.8
29,17,5.0,12.0,0.5717096519584648,0.41296659276464,18.0,5.0,92,34,Pala 2,69.1
41,13,5.0,12.0,0.1046895682836545,0.8953518672122619,18.0,5.0,159,65,Pala 2,54.2
32,0,5.0,12.0,0.19303616221432107,0.3595176921225405,18.0,5.0,36,48,Pala 2,27.6
9,41,5.0,12.0,0.9988260595142483,0.287399273319458,18.0,5.0,179,59,Pala 1,48.2
36,19,5.0,12.0,0.1956089962521924,0.3518072207101378,18.0,5.0,57,140,Pala 2,74.0
11,9,5.0,12.0,0.6104755113536787,0.2146184362086917,18.0,5.0,54,70,Pala 2,48.7
29,9,5.0,12.0,0.4201280789956181,0.5446349873963287,18.0,5.0,109,57,Pala 2,50.5
26,23,5.0,12.0,0.8855990948498353,0.14743643632253223,18.0,5.0,53,60,Pala 2,84.3
38,33,5.0,12.0,0.7551685922953277,0.8174437864369164,18.0,5.0,110,166,Pala 2,108.6
8,27,5.0,12.0,0.5969513962618158,0.2255802472456261,18.0,5.0,154,41,Pala 1,46.2
20,26,5.0,12.0,0.010738981797982494,0.5980550275396457,18.0,5.0,99,169,Pala 1,66.9
11,39,5.0,12.0,0.8797952074934596,0.12502549891989356,18.0,5.0,107,71,Pala 1,53.5
28,0,5.0,12.0,0.44466747083871627,0.9784531482143263,18.0,5.0,119,119,Pala 2,27.2
32,32,5.0,12.0,0.9315776530185765,0.45457545889364714,18.0,5.0,153,45,Pala 1,108.1
42,3,5.0,12.0,0.4955390128542012,0.8221713407588145,18.0,5.0,121,128,Pala 2,40.3
14,6,5.0,12.0,0.6942244891827255,0.7686478356499837,18.0,5.0,140,161,Pala 2,46.4
1,8,5.0,12.0,0.06929264946664215,0.7136930471456788,18.0,5.0,157,144,Pala 1,19.1
38,15,5.0,12.0,0.7451516535267858,0.8273648712046098,18.0,5.0,73,42,Pala 2,68.5
43,4,5.0,12.0,0.3379960313119229,0.10046360865970583,18.0,5.0,86,89,Pala 2,36.8
17,33,5.0,12.0,0.35135901433178085,0.6784971974719621,18.0,5.0,50,57,Pala 1,63.9
2,22,5.0,12.0,0.11865584470938995,0.26582723527378116,18.0,5.0,84,138,Pala 1,20.6
6,42,5.0,12.0,0.14685714864020227,0.7858716640665898,18.0,5.0,138,169,Pala 1,34.6
42,49,5.0,12.0,0.18575905620621014,0.9568687598478888,18.0,5.0,172,121,Pala 1,127.0
17,24,5.0,12.0,0.3282061685714224,0.9014895298426958,18.0,5.0,133,158,Pala 1,66.4
43,12,5.0,12.0,0.8919699127756054,0.1149522224736661,18.0,5.0,160,160,Pala 2,60.4
37,23,5.0,12.0,0.36826023823008047,0.369552420672821,18.0,5.0,158,51,Pala 2,85.2
36,10,5.0,12.0,0.7243627065632184,0.36432275719759977,18.0,5.0,53,114,Pala 2,52.8
32,16,5.0,12.0,0.0827475038898714,0.12229626635953061,18.0,5.0,56,56,Pala 2,65.2
43,36,5.0,12.0,0.5910987992719926,0.09812605334682745,18.0,5.0,166,178,Pala 2,119.1
30,12,5.0,12.0,0.48189123127043954,0.3848901349691817,18.0,5.0,117,170,Pala 2,58.7
10,26,5.0,12.0,0.9779579469545046,0.9920715504965113,18.0,5.0,174,73,Pala 1,63.4
3,19,5.0,12.0,0.846207769878963,0.5689426510662752,18.0,5.0,121,109,Pala 1,35.3
17,32,5.0,12.0,0.45482977243864975,0.6217816286042562,18.0,5.0,68,139,Pala 1,68.2
3,41,5.0,12.0,0.7751427640453388,0.47101891001868235,18.0,5.0,84,53,Pala 1,32.7
48,31,5.0,12.0,0.19303874129377752,0.6623305523040228,18.0,5.0,154,46,Pala 2,105.1
33,7,5.0,12.0,0.5623363273917781,0.9566620807447695,18.0,5.0,74,34,Pala 2,45.3
28,28,5.0,12.0,0.07461905556870818,0.5886979536143918,18.0,5.0,130,67,Pala 1,91.6
23,39,5.0,12.0,0.3480890322516831,0.06503845972119326,18.0,5.0,58,88,Pala 1,73.2
21,18,5.0,12.0,0.2258621816221703,0.4928905691681986,18.0,5.0,98,134,Pala 2,74.3
1,5,5.0,12.0,0.7189098153252109,0.9927512732519512,18.0,5.0,40,125,Pala 1,36.0
43,43,5.0,12.0,0.49009069121436144,0.3874027205942633,18.0,5.0,159,119,Pala 1,126.8
5,38,5.0,12.0,0.7510704788480105,0.5938812372144722,18.0,5.0,167,100,Pala 1,43.7
41,47,5.0,12.0,0.5152954376314456,0.106636763428817,18.0,5.0,132,129,Pala 1,125.6
24,40,5.0,12.0,0.08648444215163853,0.1411804987365669,18.0,5.0,137,84,Pala 1,76.0
20,20,5.0,12.0,0.7353676497325268,0.8746814531539625,18.0,5.0,148,100,Pala 1,81.9
15,21,5.0,12.0,0.8332292639878056,0.30034462825161146,18.0,5.0,116,120,Pala 1,64.0
30,41,5.0,12.0,0.9035312259127926,0.305451273354593,18.0,5.0,141,141,Pala 1,103.8
13,9,5.0,12.0,0.5719919453067082,0.38721299600232817,18.0,5.0,103,117,Pala 2,52.3
38,9,5.0,12.0,0.7535853589994951,0.9664786729045225,18.0,5.0,31,90,Pala 2,53.0
27,28,5.0,12.0,0.7520443368826271,0.08439049603687643,18.0,5.0,46,137,Pala 1,88.8
31,15,5.0,12.0,0.15574975979894434,0.8187641025513349,18.0,5.0,124,63,Pala 2,62.1
27,0,5.0,12.0,0.16422068745957075,0.34155787646598645,18.0,5.0,109,178,Pala 2,24.9
48,16,5.0,12.0,0.07088550580912611,0.8494680259854749,18.0,5.0,53,74,Pala 2,67.7
8,29,5.0,12.0,0.31991363514030147,0.9917556495045424,18.0,5.0,86,158,Pala 1,43.7
44,25,5.0,12.0,0.4735085877410645,0.34866741021174785,18.0,5.0,100,167,Pala 2,91.8
21,45,5.0,12.0,0.9978978527542169,0.12935636621235524,18.0,5.0,112,123,Pala 1,79.0
31,18,5.0,12.0,0.4309933420681695,0.14437549798292826,18.0,5.0,173,57,Pala 2,72.6
4,20,5.0,12.0,0.7262425885073709,0.758740890949186,18.0,5.0,126,135,Pala 1,37.1
22,16,5.0,12.0,0.6933970262725346,0.14492155233813653,18.0,5.0,65,59,Pala 2,69.1
4,45,5.0,12.0,0.20448195025057958,0.2604215685346366,18.0,5.0,74,57,Pala 1,26.4
41,39,5.0,12.0,0.05850715144943641,0.20439834366207976,18.0,5.0,39,60,Pala 1,116.1
31,20,5.0,12.0,0.5460067515335875,0.3556785640309825,18.0,5.0,92,136,Pala 2,83.2
9,40,5.0,12.0,0.7003055923144761,0.07436657514968747,18.0,5.0,72,112,Pala 1,45.1
38,39,5.0,12.0,0.998251790186256,0.856742482407258,18.0,5.0,80,138,Pala 1,128.7
14,44,5.0,12.0,0.35861105228117074,0.8601463118009935,18.0,5.0,136,60,Pala 1,64.1
6,48,5.0,12.0,0.8963645620810967,0.41293289848268977,18.0,5.0,32,70,Pala 1,38.5
28,18,5.0,12.0,0.38193245586918645,0.6120875690234753,18.0,5.0,98,93,Pala 2,74.6
46,6,5.0,12.0,0.6894117084305128,0.6419515709043047,18.0,5.0,108,151,Pala 2,42.0
2,16,5.0,12.0,0.598252930517052,0.7492581153459288,18.0,5.0,65,73,Pala 1,30.7
18,0,5.0,12.0,0.052978793302596916,0.5206900875440511,18.0,5.0,78,145,Pala 2,27.2
9,36,5.0,12.0,0.0783884269702585,0.510336045441686,18.0,5.0,30,168,Pala 1,36.5
27,5,5.0,12.0,0.020764089724460977,0.6313037773282109,18.0,5.0,102,65,Pala 2,38.9
28,25,5.0,12.0,0.3708340845939895,0.7030483956698775,18.0,5.0,145,137,Pala 1,93.7
14,1,5.0,12.0,0.7458010487660107,0.34669037702925176,18.0,5.0,177,61,Pala 2,32.3
34,31,5.0,12.0,0.1727553939907227,0.3303704732688151,18.0,5.0,43,133,Pala 1,100.9
5,47,5.0,12.0,0.6058529683838958,0.2697184040959092,18.0,5.0,151,96,Pala 1,37.9
11,4,5.0,12.0,0.2888277800310779,0.5488465553127485,18.0,5.0,122,121,Pala 2,37.6
46,36,5.0,12.0,0.7969926239790721,0.3601556895557724,18.0,5.0,83,54,Pala 2,119.7
37,30,5.0,12.0,0.7983961490029909,0.5403132677076319,18.0,5.0,78,57,Pala 2,102.9
12,11,5.0,12.0,0.7754145149664236,0.40598476582692156,18.0,5.0,59,176,Pala 1,57.3
28,34,5.0,12.0,0.5248335138013768,0.8367341825526609,18.0,5.0,160,48,Pala 1,96.7
18,29,5.0,12.0,0.2845667100798517,0.07313023974546073,18.0,5.0,41,85,Pala 1,59.2
2,47,5.0,12.0,0.8094440438786346,0.5722105936046746,18.0,5.0,140,175,Pala 1,32.3
7,5,5.0,12.0,0.18610056193924152,0.5756237505871977,18.0,5.0,145,142,Pala 1,40.6
7,14,5.0,12.0,0.289759602028656,0.38371731053869984,18.0,5.0,141,117,Pala 1,39.3
19,14,5.0,12.0,0.18394770616062162,0.4210208945631432,18.0,5.0,133,131,Pala 2,62.5
46,15,5.0,12.0,0.6742101603876477,0.8001313608829286,18.0,5.0,40,155,Pala 2,69.6
3,19,5.0,12.0,0.6862360281158181,0.28067371026033483,18.0,5.0,120,111,Pala 1,30.2
20,12,5.0,12.0,0.652509992786753,0.8714037914261629,18.0,5.0,102,70,Pala 2,59.8
2,43,5.0,12.0,0.4156014668646678,0.8963433041346933,18.0,5.0,45,155,Pala 1,26.7
44,41,5.0,12.0,0.10017100720143324,0.650619304402196,18.0,5.0,43,42,Pala 1,126.2
7,45,5.0,12.0,0.9111695845150212,0.7728577137080984,18.0,5.0,139,128,Pala 1,50.0
22,30,5.0,12.0,0.5077309640122382,0.6129475283544884,18.0,5.0,170,112,Pala 1,80.7
15,33,5.0,12.0,0.4069721949110915,0.5252591137465916,18.0,5.0,148,53,Pala 1,61.3
12,28,5.0,12.0,0.5888248932482932,0.9666777542502296,18.0,5.0,155,126,Pala 1,57.8
2,2,5.0,12.0,0.19279043581910582,0.28265496422746417,18.0,5.0,38,102,Pala 1,21.0
47,8,5.0,12.0,0.1325487791048744,0.15415094664311213,18.0,5.0,78,32,Pala 2,43.7
8,10,5.0,12.0,0.40552522145794356,0.28748536314251527,18.0,5.0,71,32,Pala 1,39.3
13,10,5.0,12.0,0.22722069409991053,0.6146256083794451,18.0,5.0,143,59,Pala 1,51.7
12,24,5.0,12.0,0.24429029453716455,0.18518343810114368,18.0,5.0,106,175,Pala 1,47.3
6,21,5.0,12.0,0.8925114877785294,0.9088140432263141,18.0,5.0,178,95,Pala 1,42.4
14,41,5.0,12.0,0.5307591771858249,0.4110244006653927,18.0,5.0,121,56,Pala 1,57.1
6,45,5.0,12.0,0.4834690643233511,0.8499628782918436,18.0,5.0,149,129,Pala 1,42.6
37,8,5.0,12.0,0.6894795937285974,0.24923654452881672,18.0,5.0,113,134,Pala 2,51.6
33,19,5.0,12.0,0.9515481136767396,0.31316835508274754,18.0,5.0,132,139,Pala 2,80.8
40,20,5.0,12.0,0.11219856447056409,0.059223397172496584,18.0,5.0,100,48,Pala 2,74.1
21,9,5.0,12.0,0.8335345671092572,0.25776769218557394,18.0,5.0,77,45,Pala 2,50.5
23,21,5.0,12.0,0.5840191798678459,0.4903138189633014,18.0,5.0,108,55,Pala 2,79.7
48,28,5.0,12.0,0.14616535381183726,0.9461369177232423,18.0,5.0,106,43,Pala 2,95.1
36,8,5.0,12.0,0.29714931868899164,0.3889029738914982,18.0,5.0,72,76,Pala 2,48.0
43,4,5.0,12.0,0.4823614164647395,0.6397438794833459,18.0,5.0,37,175,Pala 2,41.4
0,39,5.0,12.0,0.691177144577423,0.42771011746878795,18.0,5.0,92,140,Pala 1,24.7
9,10,5.0,12.0,0.24260701695345221,0.046791850767941234,18.0,5.0,149,176,Pala 1,36.2
42,0,5.0,12.0,0.5348788154675899,0.5035326258967027,18.0,5.0,92,59,Pala 2,30.6
15,41,5.0,12.0,0.6846716274158617,0.06591364670392086,18.0,5.0,35,134,Pala 1,57.1
45,0,5.0,12.0,0.4487407508475062,0.883699924597536,18.0,5.0,103,178,Pala 2,31.5
7,38,5.0,12.0,0.8630259611201758,0.753036961950914,18.0,5.0,81,178,Pala 1,48.4
48,45,5.0,12.0,0.8694591028404044,0.3786514712523662,18.0,5.0,50,77,Pala 2,143.5
24,4,5.0,12.0,0.47069121764044575,0.6402186661912898,18.0,5.0,171,71,Pala 2,40.3
49,48,5.0,12.0,0.9729257104088996,0.1120281553133321,18.0,5.0,145,70,Pala 2,144.8
11,21,5.0,12.0,0.07558509240544731,0.7025549869626508,18.0,5.0,87,125,Pala 1,45.9
24,25,5.0,12.0,0.003362378322936621,0.8227324089914695,18.0,5.0,85,123,Pala 1,74.9
16,5,5.0,12.0,0.38066826380391905,0.8217456485382345,18.0,5.0,112,117,Pala 2,44.0
25,31,5.0,12.0,0.6010970613725093,0.28427754769065583,18.0,5.0,38,30,Pala 1,84.8
45,47,5.0,12.0,0.6292001574496608,0.26374619527682663,18.0,5.0,162,83,Pala 1,139.6
47,10,5.0,12.0,0.4764457362938286,0.5213976879026785,18.0,5.0,110,145,Pala 2,57.5
13,9,5.0,12.0,0.12488331324064617,0.9677721619298484,18.0,5.0,123,64,Pala 1,53.0
40,46,5.0,12.0,0.17049752178789424,0.9205229776060853,18.0,5.0,164,173,Pala 1,123.1
35,38,5.0,12.0,0.8521479838520092,0.3596384817559818,18.0,5.0,163,34,Pala 1,115.9
22,33,5.0,12.0,0.8679111317392613,0.7798295061830441,18.0,5.0,81,138,Pala 1,87.5
42,30,5.0,12.0,0.6738985378607202,0.9213177640914574,18.0,5.0,135,66,Pala 2,103.0
5,11,5.0,12.0,0.6642179722788824,0.260926465717605,18.0,5.0,84,148,Pala 1,35.5
46,43,5.0,12.0,0.5976821280278075,0.8302956496029398,18.0,5.0,43,136,Pala 2,138.9
4,15,5.0,12.0,0.20292588570198822,0.26789562690917657,18.0,5.0,158,142,Pala 1,28.3
42,37,5.0,12.0,0.4282507002599032,0.34328212588721063,18.0,5.0,78,96,Pala 2,124.8
24,2,5.0,12.0,0.6958946514633787,0.19882069085075416,18.0,5.0,169,67,Pala 2,33.7
17,1,5.0,12.0,0.5372522720033387,0.5070797990727135,18.0,5.0,162,159,Pala 2,29.7
12,4,5.0,12.0,0.01858033405509918,0.8433108942612412,18.0,5.0,99,177,Pala 2,40.3
42,10,5.0,12.0,0.9535568067200983,0.5280521374355123,18.0,5.0,145,115,Pala 2,56.7
13,24,5.0,12.0,0.8448160525721434,0.12344000969309754,18.0,5.0,148,40,Pala 1,58.5
27,34,5.0,12.0,0.26054501410973785,0.25177593222717,18.0,5.0,168,148,Pala 1,88.2
17,34,5.0,12.0,0.6164589351662961,0.5628618672813389,18.0,5.0,108,111,Pala 1,69.9
27,21,5.0,12.0,0.9232393837281877,0.5831874555705602,18.0,5.0,79,64,Pala 2,78.8
26,36,5.0,12.0,0.09601101211365137,0.5769059035448698,18.0,5.0,154,74,Pala 1,85.1
31,21,5.0,12.0,0.5030294807967006,0.07700349250621596,18.0,5.0,84,178,Pala 2,78.9
46,10,5.0,12.0,0.4562430258462945,0.7536958926347542,18.0,5.0,121,177,Pala 2,57.8
8,31,5.0,12.0,0.4102050052835323,0.9094281989890066,18.0,5.0,32,38,Pala 1,44.4
39,34,5.0,12.0,0.835588608892925,0.5105189477298999,18.0,5.0,149,124,Pala 2,115.9
31,30,5.0,12.0,0.38064614669745733,0.7188292867718629,18.0,5.0,173,166,Pala 2,103.2
19,44,5.0,12.0,0.06366333324100759,0.9140154920365512,18.0,5.0,110,30,Pala 1,70.0
27,7,5.0,12.0,0.06583774216430249,0.6426227549480159,18.0,5.0,48,32,Pala 2,44.0
32,19,5.0,12.0,0.042744606524608986,0.6743257244310511,18.0,5.0,161,169,Pala 2,78.9
3,41,5.0,12.0,0.40914542187403724,0.7214044133839546,18.0,5.0,88,123,Pala 1,31.4
45,33,5.0,12.0,0.71840627769836,0.26050245145406514,18.0,5.0,118,173,Pala 2,111.1
33,3,5.0,12.0,0.20372246193051546,0.5826778747168274,18.0,5.0,169,117,Pala 2,34.1
47,17,5.0,12.0,0.6464685204315495,0.8421751145444563,18.0,5.0,92,56,Pala 2,75.0
2,3,5.0,12.0,0.6870884721037042,0.2961627302607507,18.0,5.0,56,58,Pala 1,25.0
25,19,5.0,12.0,0.25520212401559794,0.8971704995968602,18.0,5.0,154,156,Pala 2,79.2
7,8,5.0,12.0,0.6005576560606293,0.620381949765632,18.0,5.0,51,149,Pala 1,42.4
5,15,5.0,12.0,0.6848683400268474,0.4231748514330562,18.0,5.0,99,134,Pala 1,38.3
15,25,5.0,12.0,0.4666136228021257,0.623182961400293,18.0,5.0,48,107,Pala 1,62.0
23,37,5.0,12.0,0.33671659728009506,0.40185990568907637,18.0,5.0,130,98,Pala 1,79.3
47,24,5.0,12.0,0.6191515515743273,0.8380356018481746,18.0,5.0,168,136,Pala 2,87.5
38,3,5.0,12.0,0.9778470873280569,0.4823185800675971,18.0,5.0,149,131,Pala 2,34.0
29,40,5.0,12.0,0.4268414093689781,0.9012133597543367,18.0,5.0,117,35,Pala 1,101.8
44,44,5.0,12.0,0.39173509628512104,0.5098080808478265,18.0,5.0,66,69,Pala 1,130.7
12,40,5.0,12.0,0.46426690242611335,0.6603683896373872,18.0,5.0,33,62,Pala 1,50.6
4,37,5.0,12.0,0.07621839344504822,0.9977444210068506,18.0,5.0,111,166,Pala 1,31.3
24,18,5.0,12.0,0.55316327967139,0.14696584100854115,18.0,5.0,44,96,Pala 2,73.9
19,13,5.0,12.0,0.3286973872172636,0.7367291487334057,18.0,5.0,169,51,Pala 2,59.9
17,20,5.0,12.0,0.12142212233126248,0.13887222791593357,18.0,5.0,97,101,Pala 1,58.7
46,14,5.0,12.0,0.46625674111737336,0.8388663657643962,18.0,5.0,97,107,Pala 2,65.6
17,2,5.0,12.0,0.0033839865739774266,0.5964533811620116,18.0,5.0,134,123,Pala 2,31.3
1,36,5.0,12.0,0.40178524516275893,0.9381595606064592,18.0,5.0,88,145,Pala 1,30.4
9,49,5.0,12.0,0.1057352679264505,0.8659566019448683,18.0,5.0,87,165,Pala 1,43.4
44,45,5.0,12.0,0.02429270339978029,0.07487203746882343,18.0,5.0,149,176,Pala 1,127.1
49,15,5.0,12.0,0.8244750462445021,0.1373025416788609,18.0,5.0,158,138,Pala 2,67.8
46,13,5.0,12.0,0.9162488032826348,0.6011709286068252,18.0,5.0,85,163,Pala 2,64.8
11,8,5.0,12.0,0.20767464835910665,0.5183146399420748,18.0,5.0,33,63,Pala 1,44.6
46,46,5.0,12.0,0.5392982638342613,0.16856513061344458,18.0,5.0,58,103,Pala 1,136.7
12,6,5.0,12.0,0.27795815713098493,0.1293592282716498,18.0,5.0,46,124,Pala 2,40.5
49,13,5.0,12.0,0.4935774386721822,0.5639907834416131,18.0,5.0,80,168,Pala 2,61.4
46,5,5.0,12.0,0.43663132089416024,0.04892154797499948,18.0,5.0,53,72,Pala 2,40.1
10,20,5.0,12.0,0.26905105508048566,0.873735302953439,18.0,5.0,73,64,Pala 1,47.5
18,14,5.0,12.0,0.7003935796352977,0.8070829198026205,18.0,5.0,145,168,Pala 2,66.2
34,7,5.0,12.0,0.12649095932025423,0.7853699717110894,18.0,5.0,86,119,Pala 2,44.9
38,33,5.0,12.0,0.05307278217136713,0.015997147040741067,18.0,5.0,61,94,Pala 1,104.6
25,39,5.0,12.0,0.7676754330372791,0.047640943412737946,18.0,5.0,173,77,Pala 1,85.3
45,0,5.0,12.0,0.6659300312206798,0.5498391211507286,18.0,5.0,137,68,Pala 2,28.3
13,31,5.0,12.0,0.49852612414639796,0.9944256888941777,18.0,5.0,71,133,Pala 1,57.9
44,48,5.0,12.0,0.46778977047254156,0.34231620097135174,18.0,5.0,151,130,Pala 1,133.0
43,4,5.0,12.0,0.4974113794914262,0.34437481640534395,18.0,5.0,63,61,Pala 2,35.7
23,29,5.0,12.0,0.4370240760986729,0.13427796686198334,18.0,5.0,173,152,Pala 1,79.7
40,21,5.0,12.0,0.39289229583117913,0.6743358037395014,18.0,5.0,114,123,Pala 2,82.6
0,19,5.0,12.0,0.4996906028861203,0.6466766889940057,18.0,5.0,170,153,Pala 1,29.1
42,15,5.0,12.0,0.5285151711597604,0.10132241637915906,18.0,5.0,151,152,Pala 2,68.3
21,6,5.0,12.0,0.6919023140836209,0.46741228706835114,18.0,5.0,149,111,Pala 2,43.5
22,6,5.0,12.0,0.7112071607340226,0.6670749088219743,18.0,5.0,111,137,Pala 2,46.3
18,49,5.0,12.0,0.3776290801401446,0.49351613632192703,18.0,5.0,149,96,Pala 1,66.8
17,49,5.0,12.0,0.41354052274348874,0.6743635818647555,18.0,5.0,134,41,Pala 1,66.8
11,1,5.0,12.0,0.373697169736223,0.8162703974314898,18.0,5.0,111,49,Pala 2,29.8
27,46,5.0,12.0,0.5365357736257104,0.6858154331217676,18.0,5.0,121,79,Pala 1,95.3
27,13,5.0,12.0,0.4533535379141953,0.6161142358305238,18.0,5.0,69,165,Pala 2,61.3
32,30,5.0,12.0,0.8895964631361936,0.8535902569444932,18.0,5.0,165,155,Pala 2,103.7
18,49,5.0,12.0,0.6963612669164726,0.9005885678697881,18.0,5.0,83,170,Pala 1,72.7
27,40,5.0,12.0,0.8986563837544456,0.3888864371758042,18.0,5.0,118,71,Pala 1,96.8
48,13,5.0,12.0,0.7091369915594256,0.17324988772388594,18.0,5.0,164,107,Pala 2,64.3
36,4,5.0,12.0,0.9709921485238141,0.8178604040080506,18.0,5.0,31,108,Pala 2,39.2
25,10,5.0,12.0,0.6357367782552691,0.21375310729948316,18.0,5.0,126,55,Pala 2,57.8
34,39,5.0,12.0,0.9635501381630547,0.9289506697490857,18.0,5.0,85,139,Pala 1,119.5
33,4,5.0,12.0,0.15816989040942608,0.02287794522190345,18.0,5.0,133,67,Pala 2,32.1
34,28,5.0,12.0,0.05247768082940385,0.9212711826193035,18.0,5.0,153,126,Pala 2,98.9
39,10,5.0,12.0,0.5791251852038592,0.5891829926120628,18.0,5.0,154,167,Pala 2,52.7
15,4,5.0,12.0,0.9834932057997748,0.7747421165128814,18.0,5.0,107,40,Pala 2,42.6
37,48,5.0,12.0,0.4176052473023968,0.3984925870644045,18.0,5.0,37,160,Pala 1,115.4
12,31,5.0,12.0,0.2120433621929596,0.9917162919088801,18.0,5.0,113,152,Pala 1,57.3
22,35,5.0,12.0,0.521541449193514,0.22755142756629043,18.0,5.0,111,52,Pala 1,73.9
21,14,5.0,12.0,0.6487986245788886,0.26434366263817477,18.0,5.0,117,91,Pala 2,61.1
15,18,5.0,12.0,0.31517869551588895,0.051432444037472935,18.0,5.0,96,70,Pala 1,58.8
27,21,5.0,12.0,0.7147693584992595,0.9404733630614383,18.0,5.0,146,150,Pala 2,84.9
47,33,5.0,12.0,0.9751145070457258,0.4560293035986761,18.0,5.0,107,122,Pala 2,110.6
34,16,5.0,12.0,0.8969631217106169,0.6748524147193492,18.0,5.0,96,33,Pala 2,70.0
44,11,5.0,12.0,0.29158537351219527,0.6874407274628407,18.0,5.0,71,160,Pala 2,57.1
45,24,5.0,12.0,0.3267236831445983,0.8745020922826776,18.0,5.0,93,80,Pala 2,91.0
7,16,5.0,12.0,0.3715412244495886,0.6649252506464093,18.0,5.0,157,136,Pala 1,42.0
43,9,5.0,12.0,0.39455277839364533,0.5620211823041872,18.0,5.0,102,101,Pala 2,49.4
21,27,5.0,12.0,0.10031949919327943,0.7103185241910436,18.0,5.0,119,99,Pala 1,74.6
20,17,5.0,12.0,0.7619628388892893,0.7509707990031265,18.0,5.0,36,98,Pala 2,73.5
25,17,5.0,12.0,0.36533926361070046,0.18592794624848197,18.0,5.0,36,37,Pala 2,70.1
39,44,5.0,12.0,0.8798199767054522,0.109667038976753,18.0,5.0,151,152,Pala 1,123.6
20,31,5.0,12.0,0.9269406231201087,0.07484885048556311,18.0,5.0,145,165,Pala 1,76.0
24,13,5.0,12.0,0.02443130930768811,0.37405349452253667,18.0,5.0,42,176,Pala 2,62.5
40,15,5.0,12.0,0.9885030699282062,0.4980002398377452,18.0,5.0,49,141,Pala 2,70.7
0,49,5.0,12.0,0.7100227315001846,0.6156498982898608,18.0,5.0,82,101,Pala 1,26.5
5,17,5.0,12.0,0.5203922259929623,0.9580345196896101,18.0,5.0,115,37,Pala 1,42.3
22,15,5.0,12.0,0.3895276083725533,0.33078782020700626,18.0,5.0,126,101,Pala 2,65.2
22,16,5.0,12.0,0.5185181326097129,0.7608740520772744,18.0,5.0,90,36,Pala 2,69.6
42,6,5.0,12.0,0.32462472397844444,0.5313576195948849,18.0,5.0,154,75,Pala 2,43.2
42,11,5.0,12.0,0.6226878136965482,0.22008993208691685,18.0,5.0,131,179,Pala 2,58.6
22,33,5.0,12.0,0.09298027644479123,0.6153054291287591,18.0,5.0,145,110,Pala 1,73.2
31,9,5.0,12.0,0.6211226029118102,0.9671761782897036,18.0,5.0,119,34,Pala 2,51.1
29,4,5.0,12.0,0.2753448501384441,0.1243082992512724,18.0,5.0,125,172,Pala 2,38.4
12,20,5.0,12.0,0.017634829052346368,0.507279764549229,18.0,5.0,90,112,Pala 1,47.3
42,2,5.0,12.0,0.5527057661628776,0.051608354150528224,18.0,5.0,85,73,Pala 2,35.7
17,18,5.0,12.0,0.5784477558526964,0.3212162988963623,18.0,5.0,123,169,Pala 1,64.1
22,44,5.0,12.0,0.426569004711536,0.6206026775939912,18.0,5.0,69,93,Pala 1,79.9
14,43,5.0,12.0,0.07228623255031685,0.8410569360307546,18.0,5.0,110,52,Pala 1,56.2
32,34,5.0,12.0,0.8933429528041915,0.730328421726071,18.0,5.0,92,79,Pala 1,108.2
20,5,5.0,12.0,0.6114308072278889,0.4628567782154739,18.0,5.0,161,154,Pala 2,44.3
38,13,5.0,12.0,0.11571329956896959,0.9092227571041466,18.0,5.0,124,65,Pala 2,61.3
22,3,5.0,12.0,0.5109305765941476,0.30271466502377065,18.0,5.0,91,168,Pala 2,36.2
26,44,5.0,12.0,0.49725431594847147,0.7539834102251664,18.0,5.0,175,115,Pala 1,93.4
44,17,5.0,12.0,0.06040186879292697,0.47400902174766246,18.0,5.0,39,85,Pala 2,71.5
43,28,5.0,12.0,0.6068597036029475,0.8986357546727757,18.0,5.0,65,98,Pala 2,100.8
17,34,5.0,12.0,0.8083263989215644,0.7974328216537602,18.0,5.0,159,66,Pala 1,73.5
23,37,5.0,12.0,0.7490080542484782,0.9014696613070952,18.0,5.0,89,167,Pala 1,87.7
46,15,5.0,12.0,0.20296941416418335,0.21424784894207338,18.0,5.0,102,71,Pala 2,63.6
39,19,5.0,12.0,0.8622925295542114,0.668150432116208,18.0,5.0,96,123,Pala 2,81.3
41,23,5.0,12.0,0.3425421656593509,0.73846340808164,18.0,5.0,110,51,Pala 2,82.8
6,34,5.0,12.0,0.9465083782919413,0.7424142652825937,18.0,5.0,106,85,Pala 1,47.0
49,43,5.0,12.0,0.07174796422571372,0.5040004504673375,18.0,5.0,97,143,Pala 2,135.8
47,18,5.0,12.0,0.48620868851984267,0.01125052234795254,18.0,5.0,111,151,Pala 2,69.8
19,3,5.0,12.0,0.5971243771775492,0.2614307838690749,18.0,5.0,85,107,Pala 2,34.4
26,32,5.0,12.0,0.24765009847460473,0.3233008750043811,18.0,5.0,128,168,Pala 1,85.3
5,1,5.0,12.0,0.7713801887202277,0.8520366172817615,18.0,5.0,43,164,Pala 2,36.3
26,12,5.0,12.0,0.626895679810717,0.8408858171042203,18.0,5.0,173,125,Pala 2,61.4
8,44,5.0,12.0,0.018109437287955554,0.10468010403778327,18.0,5.0,105,111,Pala 1,31.4
44,29,5.0,12.0,0.6083685906962358,0.9498358817712576,18.0,5.0,104,63,Pala 2,104.0
30,33,5.0,12.0,0.4914782344184464,0.18245748665149097,18.0,5.0,95,92,Pala 1,96.2
20,29,5.0,12.0,0.19602920170350768,0.4143594513009211,18.0,5.0,62,31,Pala 1,66.1
25,23,5.0,12.0,0.9957482270595296,0.2151569661107554,18.0,5.0,42,164,Pala 2,85.3
39,47,5.0,12.0,0.897162194827615,0.8603324688293574,18.0,5.0,59,72,Pala 1,126.9
47,43,5.0,12.0,0.2925076950290635,0.7494020318593119,18.0,5.0,55,124,Pala 1,134.2
44,32,5.0,12.0,0.5410709207986163,0.35352880688780397,18.0,5.0,143,47,Pala 2,109.5
12,40,5.0,12.0,0.31650213991029075,0.6818786260260554,18.0,5.0,42,177,Pala 1,47.1
48,48,5.0,12.0,0.7754957516360781,0.18436688417154234,18.0,5.0,97,36,Pala 1,146.6
22,9,5.0,12.0,0.9303314331964551,0.3822970923760016,18.0,5.0,152,81,Pala 2,56.5
19,17,5.0,12.0,0.35882860691438356,0.3771075883381082,18.0,5.0,62,66,Pala 1,64.3
36,18,5.0,12.0,0.8055842491436275,0.2379366817213978,18.0,5.0,172,127,Pala 2,73.2
27,6,5.0,12.0,0.49840754271320487,0.8763120495828826,18.0,5.0,174,75,Pala 2,40.8
16,18,5.0,12.0,0.3965785613115773,0.6788457354791262,18.0,5.0,35,132,Pala 1,62.7
27,23,5.0,12.0,0.9384218520987698,0.2799393105637993,18.0,5.0,34,71,Pala 2,86.7
40,14,5.0,12.0,0.5104046887190314,0.2421207606290373,18.0,5.0,83,89,Pala 2,62.2
1,40,5.0,12.0,0.4674105002574649,0.017953470999239052,18.0,5.0,173,157,Pala 1,20.3
24,41,5.0,12.0,0.672434401962343,0.34658225379235463,18.0,5.0,154,133,Pala 1,87.9
49,22,5.0,12.0,0.26123420101828443,0.5267712833153182,18.0,5.0,34,109,Pala 2,84.7
40,3,5.0,12.0,0.32479287078831576,0.2777109419083764,18.0,5.0,154,107,Pala 2,34.0
5,37,5.0,12.0,0.9320458362386227,0.70045827642977,18.0,5.0,105,153,Pala 1,40.0
10,3,5.0,12.0,0.6785298454369424,0.41174952901126627,18.0,5.0,79,61,Pala 2,34.2
37,4,5.0,12.0,0.8266371477710056,0.31631783701066785,18.0,5.0,110,55,Pala 2,38.6
5,40,5.0,12.0,0.27111176193542963,0.9390576587903312,18.0,5.0,142,59,Pala 1,38.1
44,43,5.0,12.0,0.543790189929872,0.26280087728813906,18.0,5.0,49,132,Pala 1,128.0
10,22,5.0,12.0,0.9713962669894982,0.39825762009665633,18.0,5.0,154,166,Pala 1,56.8
13,39,5.0,12.0,0.3187038990282176,0.3822907885207719,18.0,5.0,64,61,Pala 1,50.9
1,36,5.0,12.0,0.16047647631704187,0.24119834567124832,18.0,5.0,96,82,Pala 1,19.7
39,10,5.0,12.0,0.510886008224664,0.2174767398104167,18.0,5.0,167,164,Pala 2,51.7
2,10,5.0,12.0,0.3878210887248762,0.3023800188134036,18.0,5.0,70,110,Pala 1,21.7
34,12,5.0,12.0,0.15957723278671354,0.8642361699311809,18.0,5.0,163,178,Pala 2,59.8
32,13,5.0,12.0,0.888551382703368,0.7670828872292905,18.0,5.0,45,105,Pala 2,67.1
23,7,5.0,12.0,0.9907239105537778,0.6809995141600522,18.0,5.0,53,98,Pala 2,50.9
18,24,5.0,12.0,0.5685821806899978,0.45710299264249343,18.0,5.0,89,47,Pala 1,65.8
17,17,5.0,12.0,0.774676768373454,0.5077539846326035,18.0,5.0,150,66,Pala 2,68.1
48,43,5.0,12.0,0.8590383695462995,0.26713884549346034,18.0,5.0,103,164,Pala 2,140.8
23,43,5.0,12.0,0.7009820060218269,0.07431591383591762,18.0,5.0,168,90,Pala 1,82.9
44,17,5.0,12.0,0.04415604911173121,0.33104055672048227,18.0,5.0,32,160,Pala 2,70.4
34,9,5.0,12.0,0.15763423171681779,0.49558375599236615,18.0,5.0,149,30,Pala 2,48.6
0,6,5.0,12.0,0.07098919115138647,0.057313046519332445,18.0,5.0,48,89,Pala 1,12.1
35,49,5.0,12.0,0.00987960664205656,0.08823330205710644,18.0,5.0,69,163,Pala 1,103.7
24,43,5.0,12.0,0.30599640875723655,0.26302523288456725,18.0,5.0,82,153,Pala 1,78.0
44,13,5.0,12.0,0.39235596048155974,0.3670803735927616,18.0,5.0,96,100,Pala 2,56.9
48,14,5.0,12.0,0.24102973233592573,0.3933168111187052,18.0,5.0,115,120,Pala 2,60.9
42,15,5.0,12.0,0.06460464808632094,0.11788606628800513,18.0,5.0,118,60,Pala 2,65.2
33,1,5.0,12.0,0.5298630908366776,0.2258213545347888,18.0,5.0,177,37,Pala 2,32.9
24,29,5.0,12.0,0.27331931995714165,0.2616472520636087,18.0,5.0,160,148,Pala 1,77.9
15,29,5.0,12.0,0.7960371548635623,0.0676348762012462,18.0,5.0,115,172,Pala 1,60.4
33,17,5.0,12.0,0.008052621625281198,0.3260997005896973,18.0,5.0,137,36,Pala 2,66.9
28,30,5.0,12.0,0.8425270512876103,0.07222157275550722,18.0,5.0,150,164,Pala 1,93.4
18,43,5.0,12.0,0.954753678945957,0.7034578431096701,18.0,5.0,175,164,Pala 1,79.9
22,47,5.0,12.0,0.7161350631535696,0.38604776655731043,18.0,5.0,113,49,Pala 1,81.4
18,12,5.0,12.0,0.7336440652625665,0.3267523893783747,18.0,5.0,75,100,Pala 2,58.6
24,19,5.0,12.0,0.9335623116027332,0.1265221715036069,18.0,5.0,34,171,Pala 2,78.7
15,48,5.0,12.0,0.20907128530034913,0.2265036554448958,18.0,5.0,136,147,Pala 1,54.2
8,49,5.0,12.0,0.9945655682085767,0.2327052089391236,18.0,5.0,152,172,Pala 1,49.9
0,34,5.0,12.0,0.7734812033785419,0.985204214873303,18.0,5.0,102,167,Pala 1,29.5
41,22,5.0,12.0,0.7265707083277937,0.8353493795084933,18.0,5.0,110,154,Pala 2,83.7
18,41,5.0,12.0,0.36109057899529273,0.015262291633431624,18.0,5.0,86,94,Pala 1,60.3
32,32,5.0,12.0,0.5457774854056106,0.6168365907684797,18.0,5.0,62,127,Pala 1,103.3
33,37,5.0,12.0,0.653917788273347,0.25591009642192375,18.0,5.0,126,32,Pala 1,104.6
15,34,5.0,12.0,0.6203428613172159,0.10437692881958427,18.0,5.0,65,160,Pala 1,57.9
43,35,5.0,12.0,0.7049846384775807,0.7055997631197547,18.0,5.0,122,104,Pala 2,118.5
39,19,5.0,12.0,0.08238173907841062,0.13160554946834924,18.0,5.0,51,97,Pala 2,75.3
17,2,5.0,12.0,0.3556484328316968,0.4437407795297357,18.0,5.0,111,45,Pala 2,29.5
33,7,5.0,12.0,0.43400001659547716,0.6321651648399242,18.0,5.0,46,46,Pala 2,42.6
24,39,5.0,12.0,0.26062929787496647,0.5544947561549887,18.0,5.0,73,168,Pala 1,80.1
44,31,5.0,12.0,0.17262727026922375,0.9776290983027429,18.0,5.0,51,129,Pala 2,105.6
5,28,5.0,12.0,0.1389274799128628,0.7857426131225226,18.0,5.0,158,61,Pala 1,36.4
20,6,5.0,12.0,0.3663833922565851,0.7741933761274897,18.0,5.0,59,150,Pala 2,47.1
5,1,5.0,12.0,0.49344170056256587,0.35559539408103125,18.0,5.0,98,147,Pala 2,32.1
31,20,5.0,12.0,0.0629764401466607,0.008395492084141698,18.0,5.0,118,141,Pala 2,76.1
40,5,5.0,12.0,0.9464580945905495,0.7344109296706883,18.0,5.0,40,127,Pala 2,42.8
47,27,5.0,12.0,0.7652433228607584,0.9997320842956724,18.0,5.0,80,34,Pala 2,99.2
42,47,5.0,12.0,0.7308517731854666,0.4058791077436156,18.0,5.0,92,118,Pala 1,132.1
38,41,5.0,12.0,0.17286052498872695,0.9855184989571174,18.0,5.0,115,121,Pala 1,118.5
30,35,5.0,12.0,0.603800768012189,0.14170810953434643,18.0,5.0,152,175,Pala 1,99.9
41,31,5.0,12.0,0.5297249468086674,0.2965123516367174,18.0,5.0,63,32,Pala 2,106.1
9,44,5.0,12.0,0.9824688457866938,0.17072693174247067,18.0,5.0,150,57,Pala 1,51.3
29,41,5.0,12.0,0.747671770080158,0.4751759729268158,18.0,5.0,107,63,Pala 1,101.4
17,45,5.0,12.0,0.5757618837162312,0.7969814015072204,18.0,5.0,152,115,Pala 1,72.1
23,8,5.0,12.0,0.8508126664701222,0.3406616915379539,18.0,5.0,49,179,Pala 2,48.1
8,10,5.0,12.0,0.15509427086070948,0.9062289371518715,18.0,5.0,46,146,Pala 1,39.8
30,22,5.0,12.0,0.015216529690977199,0.5448304133297851,18.0,5.0,63,59,Pala 2,84.7
14,49,5.0,12.0,0.6902333334145232,0.46542441374187726,18.0,5.0,128,77,Pala 1,63.5
3,10,5.0,12.0,0.09831146023723747,0.7870358421952763,18.0,5.0,176,94,Pala 1,27.9
39,48,5.0,12.0,0.1154336399835092,0.10144349704178457,18.0,5.0,145,176,Pala 1,114.7
8,1,5.0,12.0,0.7446807264245305,0.7737524712106747,18.0,5.0,143,70,Pala 2,32.5
44,2,5.0,12.0,0.2705348441339891,0.2429520001728267,18.0,5.0,126,122,Pala 2,29.7
8,10,5.0,12.0,0.6286312155688929,0.28081254718323756,18.0,5.0,155,126,Pala 1,43.8
25,49,5.0,12.0,0.9174069260927484,0.5994537733200799,18.0,5.0,149,110,Pala 1,93.1
3,34,5.0,12.0,0.3164745316378583,0.9019344250462051,18.0,5.0,95,131,Pala 1,33.0
16,14,5.0,12.0,0.2171441578399188,0.5784069497708648,18.0,5.0,101,70,Pala 1,57.0
15,42,5.0,12.0,0.10656288374105172,0.648949348794487,18.0,5.0,122,152,Pala 1,58.5
14,10,5.0,12.0,0.13046236141972611,0.7765945896052742,18.0,5.0,80,62,Pala 2,51.1
34,30,5.0,12.0,0.06222269537884273,0.25932475899248675,18.0,5.0,153,111,Pala 1,100.9
4,27,5.0,12.0,0.08764237882974013,0.8272336728041425,18.0,5.0,124,174,Pala 1,32.5
4,27,5.0,12.0,0.43200458880915393,0.41796014906714973,18.0,5.0,59,113,Pala 1,29.8
19,31,5.0,12.0,0.32086504502396973,0.1756556934911625,18.0,5.0,128,119,Pala 1,66.8
14,24,5.0,12.0,0.706560814322998,0.35011807946112494,18.0,5.0,140,100,Pala 1,57.0
17,19,5.0,12.0,0.8702416582470018,0.24613111171822533,18.0,5.0,142,134,Pala 1,68.7
46,27,5.0,12.0,0.7847732031423843,0.22871360513564587,18.0,5.0,67,86,Pala 2,96.1
1,24,5.0,12.0,0.5306372566656522,0.28256319871916613,18.0,5.0,46,49,Pala 1,19.5
28,10,5.0,12.0,0.10244211623265342,0.1809308147420895,18.0,5.0,103,104,Pala 2,55.9
12,18,5.0,12.0,0.7097672839415535,0.6677017570826429,18.0,5.0,158,67,Pala 1,57.2
3,27,5.0,12.0,0.36282872472687355,0.5799917570351172,18.0,5.0,47,56,Pala 1,29.8
41,0,5.0,12.0,0.08565039391541018,0.6484418929834285,18.0,5.0,176,166,Pala 2,24.7
44,4,5.0,12.0,0.8424664072126257,0.34372472382816044,18.0,5.0,154,142,Pala 2,42.0
9,9,5.0,12.0,0.33821651718250556,0.7697334025740443,18.0,5.0,79,43,Pala 1,45.1
30,41,5.0,12.0,0.21824883251157134,0.12960874095416475,18.0,5.0,149,66,Pala 1,95.0
40,45,5.0,12.0,0.8714520646188432,0.5711367094613602,18.0,5.0,125,121,Pala 1,128.7
7,33,5.0,12.0,0.9021338684470049,0.2754529722464739,18.0,5.0,83,83,Pala 1,44.5
2,35,5.0,12.0,0.33897083719155985,0.5276099006976114,18.0,5.0,60,154,Pala 1,25.1
47,1,5.0,12.0,0.35480141928137343,0.32363717524023916,18.0,5.0,126,152,Pala 2,31.8
45,17,5.0,12.0,0.5796285275831441,0.7905117650912953,18.0,5.0,75,60,Pala 2,68.8
8,12,5.0,12.0,0.7334414938106582,0.8912718388380946,18.0,5.0,64,127,Pala 1,49.8
29,4,5.0,12.0,0.06314920190686346,0.7425812233716312,18.0,5.0,78,152,Pala 2,37.8
10,19,5.0,12.0,0.5933436571884717,0.1755837128492468,18.0,5.0,110,174,Pala 1,45.4
34,1,5.0,12.0,0.9528200617835816,0.2748668983883623,18.0,5.0,58,142,Pala 2,36.0
36,10,5.0,12.0,0.2620938971799537,0.9193580655184158,18.0,5.0,163,114,Pala 2,56.4
41,29,5.0,12.0,0.9088272140969338,0.4372201276582013,18.0,5.0,30,119,Pala 2,104.3
12,31,5.0,12.0,0.9501683407630936,0.9411804093492668,18.0,5.0,56,121,Pala 1,62.9
35,31,5.0,12.0,0.26915364097108974,0.3924516888622668,18.0,5.0,169,157,Pala 2,105.2
12,49,5.0,12.0,0.7542018658853505,0.9517746605906637,18.0,5.0,33,51,Pala 1,59.2
11,37,5.0,12.0,0.23877500831956,0.925738987733331,18.0,5.0,109,32,Pala 1,51.8
36,27,5.0,12.0,0.7376111617321327,0.6605268899866162,18.0,5.0,157,121,Pala 2,99.1
9,9,5.0,12.0,0.7974199712888259,0.00882704846150284,18.0,5.0,40,92,Pala 1,45.4
8,21,5.0,12.0,0.24720570371064943,0.4003346819759369,18.0,5.0,81,95,Pala 1,41.2
6,16,5.0,12.0,0.715869543583235,0.9112351296955958,18.0,5.0,113,75,Pala 1,46.8
1,21,5.0,12.0,0.8121045388640898,0.8851102891081147,18.0,5.0,101,165,Pala 1,36.8
22,42,5.0,12.0,0.35857887210691175,0.18738780009611367,18.0,5.0,133,68,Pala 1,73.8
38,18,5.0,12.0,0.16770277598972694,0.3991824959691026,18.0,5.0,119,123,Pala 2,70.1
39,16,5.0,12.0,0.09196456731751357,0.8355099278794716,18.0,5.0,126,76,Pala 2,67.7
38,23,5.0,12.0,0.5753817036099419,0.5778778532500544,18.0,5.0,154,97,Pala 2,89.9
20,35,5.0,12.0,0.9780981193157132,0.8472992334462006,18.0,5.0,100,86,Pala 1,82.0
22,31,5.0,12.0,0.8229503200222161,0.826567384448563,18.0,5.0,83,116,Pala 1,85.8
28,45,5.0,12.0,0.4358396389345528,0.907482006952483,18.0,5.0,75,91,Pala 1,93.0
13,35,5.0,12.0,0.5366209028549586,0.1172205881945817,18.0,5.0,157,68,Pala 1,57.0
25,27,5.0,12.0,0.27952788541181894,0.14521514145351566,18.0,5.0,178,143,Pala 1,81.5
4,13,5.0,12.0,0.16306586736006357,0.08280902896905251,18.0,5.0,63,151,Pala 1,25.2
30,35,5.0,12.0,0.48208115823227327,0.9352688410954316,18.0,5.0,151,164,Pala 1,103.3
24,5,5.0,12.0,0.4635015661671852,0.47516238437789315,18.0,5.0,116,124,Pala 2,38.8
30,8,5.0,12.0,0.5219299528037602,0.06432528348244815,18.0,5.0,164,35,Pala 2,47.3
49,20,5.0,12.0,0.9528045855639408,0.32152990251404123,18.0,5.0,119,152,Pala 2,81.9
19,11,5.0,12.0,0.6038953001447722,0.35141264112996684,18.0,5.0,81,112,Pala 2,56.3
43,29,5.0,12.0,0.6057718366223738,0.8095598234767573,18.0,5.0,78,48,Pala 2,99.8
16,30,5.0,12.0,0.12802476286107678,0.7354768921709229,18.0,5.0,148,48,Pala 1,61.6
44,39,5.0,12.0,0.9964888661768204,0.689387049562569,18.0,5.0,110,63,Pala 2,128.4
1,3,5.0,12.0,0.7728449442346685,0.021863552591378732,18.0,5.0,124,170,Pala 1,23.1
24,30,5.0,12.0,0.8772033440940048,0.9106957964263788,18.0,5.0,118,54,Pala 1,94.2
12,26,5.0,12.0,0.4143004118309941,0.21555526691574156,18.0,5.0,66,126,Pala 1,49.4
38,24,5.0,12.0,0.5021280957856249,0.6290614046926778,18.0,5.0,172,85,Pala 2,88.7
27,4,5.0,12.0,0.5220838091622765,0.06181904301141916,18.0,5.0,31,50,Pala 2,40.1
41,5,5.0,12.0,0.19409453928960518,0.0815260918720545,18.0,5.0,168,63,Pala 2,40.4
5,4,5.0,12.0,0.6894891563269572,0.009577296130122148,18.0,5.0,125,139,Pala 1,36.2
2,26,5.0,12.0,0.9029767236174566,0.5659276445453306,18.0,5.0,46,54,Pala 1,36.4
34,7,5.0,12.0,0.163705818138419,0.6293796696169047,18.0,5.0,149,111,Pala 2,44.5
17,8,5.0,12.0,0.0863182734861645,0.050462303233228756,18.0,5.0,61,136,Pala 2,46.7
10,14,5.0,12.0,0.7382189055403422,0.2904848847640389,18.0,5.0,48,40,Pala 1,51.0
19,35,5.0,12.0,0.27320183167298207,0.8514544141780167,18.0,5.0,33,48,Pala 1,68.8
4,40,5.0,12.0,0.6238625416173293,0.10130836682291411,18.0,5.0,54,159,Pala 1,31.7
18,6,5.0,12.0,0.6957583379921807,0.21654716455333123,18.0,5.0,50,59,Pala 2,43.1
21,31,5.0,12.0,0.3219107635818218,0.42439120847242706,18.0,5.0,122,138,Pala 1,71.4
18,7,5.0,12.0,0.8151445974257844,0.842274102633116,18.0,5.0,118,67,Pala 2,42.0
46,46,5.0,12.0,0.5499889821142169,0.25484905447520423,18.0,5.0,142,44,Pala 1,142.4
15,14,5.0,12.0,0.8689994079518027,0.9971370153633421,18.0,5.0,127,104,Pala 2,67.9
23,36,5.0,12.0,0.7632935525589475,0.35526181313852834,18.0,5.0,171,89,Pala 1,82.4
40,18,5.0,12.0,0.8685756320374538,0.3864486584836231,18.0,5.0,179,161,Pala 2,73.4
3,38,5.0,12.0,0.02016138211789409,0.12210620423079432,18.0,5.0,77,112,Pala 1,21.2
14,5,5.0,12.0,0.24350626073859472,0.6801979008565308,18.0,5.0,80,43,Pala 2,40.0
24,18,5.0,12.0,0.09000794044593863,0.2434651827844816,18.0,5.0,40,143,Pala 2,73.1
43,27,5.0,12.0,0.44208301718934917,0.6288675952950463,18.0,5.0,43,110,Pala 2,94.7
34,16,5.0,12.0,0.8899601216153182,0.22315772840292658,18.0,5.0,36,37,Pala 2,68.0
13,41,5.0,12.0,0.4675402622668692,0.38787226722646795,18.0,5.0,69,106,Pala 1,55.1
48,18,5.0,12.0,0.8497130445803941,0.8566720919544175,18.0,5.0,110,122,Pala 2,76.0
18,30,5.0,12.0,0.3271782380193179,0.73890591147407,18.0,5.0,152,140,Pala 1,67.6
37,10,5.0,12.0,0.3395700728052524,0.15459089994372344,18.0,5.0,115,168,Pala 2,53.9
35,14,5.0,12.0,0.8955617303268776,0.6077081673741014,18.0,5.0,73,109,Pala 2,62.3
6,9,5.0,12.0,0.42581714651170155,0.6286406516738093,18.0,5.0,34,79,Pala 1,34.6
29,42,5.0,12.0,0.7897654877946664,0.09056847350186104,18.0,5.0,133,116,Pala 1,99.7
18,22,5.0,12.0,0.23664354788190134,0.4658056543359358,18.0,5.0,57,105,Pala 1,63.3
48,2,5.0,12.0,0.9488008296776355,0.2606683956676079,18.0,5.0,150,67,Pala 2,35.6
24,2,5.0,12.0,0.5745782465305711,0.46713014276348297,18.0,5.0,178,124,Pala 2,34.9
15,17,5.0,12.0,0.7593235685784019,0.777070991322875,18.0,5.0,125,154,Pala 1,68.5
46,24,5.0,12.0,0.0895156997948855,0.1582595598103197,18.0,5.0,78,94,Pala 2,86.1
39,42,5.0,12.0,0.4926642258305287,0.12330420558804378,18.0,5.0,86,119,Pala 1,118.2
7,19,5.0,12.0,0.9010384977340232,0.26931649510577294,18.0,5.0,114,46,Pala 1,43.3
17,28,5.0,12.0,0.8770386290433045,0.9522754503465832,18.0,5.0,130,129,Pala 1,76.0
27,21,5.0,12.0,0.04681395723422754,0.7478242111849663,18.0,5.0,67,174,Pala 2,81.7
15,49,5.0,12.0,0.3036984691289467,0.019455862814546587,18.0,5.0,159,56,Pala 1,54.2
18,14,5.0,12.0,0.4433200064790801,0.40100484248337664,18.0,5.0,160,118,Pala 2,65.0
41,38,5.0,12.0,0.17226481435578822,0.2573979790803852,18.0,5.0,103,54,Pala 2,117.3
16,9,5.0,12.0,0.7299983109899704,0.6381445683721739,18.0,5.0,64,131,Pala 2,55.1
44,20,5.0,12.0,0.18451199559871156,0.4592924535341931,18.0,5.0,154,125,Pala 2,74.3
12,28,5.0,12.0,0.3466396943698862,0.9644985248639408,18.0,5.0,114,87,Pala 1,58.0
6,31,5.0,12.0,0.6632806368578182,0.21897845098423818,18.0,5.0,87,153,Pala 1,35.6
26,9,5.0,12.0,0.48208934452447993,0.5878564159989407,18.0,5.0,63,30,Pala 2,48.6
9,12,5.0,12.0,0.7385710386348938,0.7002100149902226,18.0,5.0,54,170,Pala 1,52.8
33,46,5.0,12.0,0.9612079012228597,0.8255644893453816,18.0,5.0,61,50,Pala 1,111.9
35,22,5.0,12.0,0.1165466877151975,0.4069710304280071,18.0,5.0,139,30,Pala 2,78.3
24,49,5.0,12.0,0.7095677163980609,0.6869219076574815,18.0,5.0,130,90,Pala 1,86.4
5,22,5.0,12.0,0.23034415563211452,0.3032014713842828,18.0,5.0,179,32,Pala 1,31.3
23,30,5.0,12.0,0.41447672740756925,0.4354760923618203,18.0,5.0,156,111,Pala 1,81.1
17,3,5.0,12.0,0.032862725795139824,0.8956271312033992,18.0,5.0,118,54,Pala 2,32.7
22,48,5.0,12.0,0.13590738229269894,0.9499076093309543,18.0,5.0,138,47,Pala 1,80.2
5,2,5.0,12.0,0.3197772890488997,0.7188173469272647,18.0,5.0,129,57,Pala 2,33.5
28,20,5.0,12.0,0.34198580528798495,0.374351890776185,18.0,5.0,50,33,Pala 2,77.1
24,1,5.0,12.0,0.8995852164620958,0.820057789974664,18.0,5.0,50,148,Pala 2,34.3
16,3,5.0,12.0,0.7418129092665151,0.025867081725420182,18.0,5.0,146,145,Pala 2,38.0
45,0,5.0,12.0,0.9721829681870411,0.10274591053942106,18.0,5.0,176,178,Pala 2,31.6
23,14,5.0,12.0,0.5990715103352405,0.6613737363753611,18.0,5.0,43,99,Pala 2,63.8
10,32,5.0,12.0,0.24171373209131797,0.29124857527005743,18.0,5.0,53,50,Pala 1,46.3
25,5,5.0,12.0,0.32765502992164286,0.9513862184004778,18.0,5.0,49,123,Pala 2,46.1
33,6,5.0,12.0,0.3198359232919671,0.43606061209230473,18.0,5.0,94,177,Pala 2,44.7
27,18,5.0,12.0,0.3264943276632516,0.429364820389177,18.0,5.0,81,155,Pala 2,74.1
2,43,5.0,12.0,0.6729641731118157,0.6780795101909313,18.0,5.0,130,150,Pala 1,32.7
10,0,5.0,12.0,0.5308079280904162,0.7675685623061896,18.0,5.0,133,157,Pala 2,33.0
37,38,5.0,12.0,0.3854241780866443,0.4755587381251365,18.0,5.0,124,60,Pala 1,112.4
13,18,5.0,12.0,0.1490897687287166,0.21400090171172415,18.0,5.0,121,129,Pala 1,50.0
25,44,5.0,12.0,0.022139162942145907,0.7733086427256216,18.0,5.0,39,98,Pala 1,81.4
47,25,5.0,12.0,0.2188346775876926,0.3203512748736276,18.0,5.0,99,46,Pala 2,91.2
20,43,5.0,12.0,0.10747140396868127,0.1751107692938576,18.0,5.0,44,177,Pala 1,63.8
38,11,5.0,12.0,0.7854450308522394,0.6316401899250133,18.0,5.0,39,74,Pala 2,54.7
29,21,5.0,12.0,0.11249795781388539,0.0904536669903504,18.0,5.0,178,140,Pala 2,79.5
7,12,5.0,12.0,0.7242282373068362,0.9713526750860549,18.0,5.0,48,79,Pala 1,43.7
19,27,5.0,12.0,0.38565868977608264,0.632397264412137,18.0,5.0,97,149,Pala 1,70.0
47,13,5.0,12.0,0.07337838974377597,0.9858955209217558,18.0,5.0,51,127,Pala 2,60.7
31,21,5.0,12.0,0.8127300494315858,0.33889342347863605,18.0,5.0,92,145,Pala 2,84.9
21,29,5.0,12.0,0.5796305702366134,0.9712051611903979,18.0,5.0,67,152,Pala 1,82.9
6,43,5.0,12.0,0.23576151286357305,0.14556224772862358,18.0,5.0,44,58,Pala 1,25.1
8,19,5.0,12.0,0.8946811743326679,0.04069477234702845,18.0,5.0,99,179,Pala 1,44.5
44,43,5.0,12.0,0.04525831387055146,0.03298406045460256,18.0,5.0,143,32,Pala 1,125.8
0,26,5.0,12.0,0.2018196081977629,0.4648703705992271,18.0,5.0,73,35,Pala 1,19.3
28,37,5.0,12.0,0.752046927805861,0.08300419747859478,18.0,5.0,133,105,Pala 1,91.3
7,41,5.0,12.0,0.7093779303098892,0.5121678841676017,18.0,5.0,53,34,Pala 1,42.8
3,40,5.0,12.0,0.28927169372447803,0.3275005035089005,18.0,5.0,115,32,Pala 1,25.3
34,33,5.0,12.0,0.062024875352783115,0.3356289924741156,18.0,5.0,123,33,Pala 1,100.8
2,38,5.0,12.0,0.8580780722249438,0.6356089965451698,18.0,5.0,161,34,Pala 1,37.5
44,40,5.0,12.0,0.3136976380699026,0.16309800615162018,18.0,5.0,35,86,Pala 1,125.5
39,43,5.0,12.0,0.19571341492826522,0.766553370339731,18.0,5.0,67,128,Pala 1,121.0
6,36,5.0,12.0,0.5160618223609771,0.5820309197786347,18.0,5.0,55,112,Pala 1,35.7
26,0,5.0,12.0,0.9102271992824473,0.9149446288475109,18.0,5.0,176,84,Pala 2,33.8
0,14,5.0,12.0,0.043546577843375345,0.3648406537675234,18.0,5.0,31,52,Pala 1,15.7
26,31,5.0,12.0,0.7658040880308877,0.9827149920671255,18.0,5.0,97,164,Pala 1,96.8
15,7,5.0,12.0,0.5724732279387089,0.5758276467140232,18.0,5.0,98,67,Pala 2,44.1
37,32,5.0,12.0,0.42544911655181694,0.9734019561875338,18.0,5.0,76,138,Pala 2,106.4
6,17,5.0,12.0,0.74408044410506,0.02706065404711533,18.0,5.0,128,114,Pala 1,35.6
43,44,5.0,12.0,0.9658244244416323,0.727976322412388,18.0,5.0,93,66,Pala 1,135.0
22,28,5.0,12.0,0.22920621116269102,0.8166215242927363,18.0,5.0,109,163,Pala 1,77.0
40,31,5.0,12.0,0.14364736507211961,0.053173286676487574,18.0,5.0,169,167,Pala 2,105.6
10,32,5.0,12.0,0.912881745222697,0.5789696640162457,18.0,5.0,102,145,Pala 1,57.0
41,4,5.0,12.0,0.6689530774573037,0.8019422935894484,18.0,5.0,168,135,Pala 2,36.5
32,17,5.0,12.0,0.437986021561966,0.5610387252230727,18.0,5.0,37,86,Pala 2,69.4
49,47,5.0,12.0,0.5732595702642831,0.06381359040546664,18.0,5.0,89,121,Pala 1,143.5
35,9,5.0,12.0,0.745613905176244,0.6934472408983114,18.0,5.0,161,45,Pala 2,55.6
36,35,5.0,12.0,0.7730318987057172,0.06059691467330863,18.0,5.0,121,143,Pala 1,115.0
40,32,5.0,12.0,0.9198941808189646,0.8174688950164385,18.0,5.0,147,88,Pala 2,110.3
16,22,5.0,12.0,0.42684278889562266,0.043034183306694396,18.0,5.0,155,32,Pala 1,57.6
34,39,5.0,12.0,0.293410910019395,0.1373973810103708,18.0,5.0,148,146,Pala 1,101.7
47,4,5.0,12.0,0.6396642667898419,0.2751075905232685,18.0,5.0,112,48,Pala 2,34.0
4,33,5.0,12.0,0.41572789927953036,0.6333647922608,18.0,5.0,114,126,Pala 1,38.7
47,23,5.0,12.0,0.5945984539489779,0.976359099631306,18.0,5.0,133,165,Pala 2,88.3
31,16,5.0,12.0,0.4199857984559502,0.11782285261993442,18.0,5.0,143,48,Pala 2,68.6
2,30,5.0,12.0,0.15299578667817448,0.14270766921391842,18.0,5.0,44,65,Pala 1,18.6
46,6,5.0,12.0,0.4694267516589584,0.3688703967009803,18.0,5.0,80,141,Pala 2,43.2
34,16,5.0,12.0,0.6909178219410328,0.8362191377553202,18.0,5.0,79,89,Pala 2,67.9
13,27,5.0,12.0,0.7992838076676498,0.46723095275081417,18.0,5.0,140,63,Pala 1,59.5
47,37,5.0,12.0,0.49332627679654684,0.32161060025582167,18.0,5.0,84,71,Pala 2,117.5
30,21,5.0,12.0,0.16523789021040092,0.5612038322088613,18.0,5.0,41,71,Pala 2,79.7
30,14,5.0,12.0,0.4146877096494316,0.26052319744575003,18.0,5.0,162,117,Pala 2,63.4
16,36,5.0,12.0,0.7862939288416982,0.40115990724752093,18.0,5.0,108,51,Pala 1,64.5
23,14,5.0,12.0,0.41285927061707284,0.3326051492320419,18.0,5.0,119,116,Pala 2,62.4
22,49,5.0,12.0,0.6965307936042223,0.8041410224146459,18.0,5.0,38,70,Pala 1,81.1
17,49,5.0,12.0,0.5072136816780898,0.9242557264380008,18.0,5.0,133,53,Pala 1,69.9
49,24,5.0,12.0,0.2412231251093967,0.7595721921569119,18.0,5.0,133,80,Pala 2,88.7
13,20,5.0,12.0,0.7961505080230743,0.4390835760299835,18.0,5.0,170,62,Pala 1,64.1
49,37,5.0,12.0,0.08421345407068703,0.5043349774966638,18.0,5.0,73,57,Pala 2,123.4
14,1,5.0,12.0,0.5248902827551506,0.12507369392943568,18.0,5.0,126,119,Pala 2,30.4
14,26,5.0,12.0,0.20889103424340494,0.7468647111345378,18.0,5.0,127,111,Pala 1,55.0
5,48,5.0,12.0,0.06706562854137565,0.5964756793950441,18.0,5.0,148,151,Pala 1,30.5
26,31,5.0,12.0,0.5029339370832488,0.9024399961374364,18.0,5.0,97,108,Pala 1,87.9
14,20,5.0,12.0,0.4995621559349236,0.2006111435751532,18.0,5.0,82,131,Pala 1,49.9
49,3,5.0,12.0,0.7069009016757208,0.7597261219326121,18.0,5.0,138,51,Pala 2,37.4
35,43,5.0,12.0,0.7447506930519049,0.6846716617191897,18.0,5.0,30,47,Pala 1,115.2
7,18,5.0,12.0,0.7277914886928968,0.2658455338097522,18.0,5.0,40,31,Pala 1,41.3
14,1,5.0,12.0,0.40955873291675504,0.6673786395408251,18.0,5.0,166,123,Pala 2,30.8
2,25,5.0,12.0,0.6316897872265625,0.9243733805766495,18.0,5.0,67,118,Pala 1,32.5
46,33,5.0,12.0,0.5769452426439603,0.9184359876671189,18.0,5.0,170,68,Pala 2,113.5
12,13,5.0,12.0,0.4215617561169196,0.7196265745161413,18.0,5.0,162,46,Pala 1,53.5
40,14,5.0,12.0,0.5972126941859932,0.0480731125340601,18.0,5.0,54,45,Pala 2,62.3
33,19,5.0,12.0,0.9472478767062625,0.8722643373201615,18.0,5.0,155,160,Pala 2,81.8
23,33,5.0,12.0,0.19289374368137735,0.6577786070045399,18.0,5.0,39,71,Pala 1,80.8
39,35,5.0,12.0,0.9057720957855263,0.31043425318273443,18.0,5.0,162,92,Pala 2,117.2
31,18,5.0,12.0,0.053455513983198366,0.1872503617056993,18.0,5.0,51,58,Pala 2,69.1
31,8,5.0,12.0,0.30838921290166066,0.11620386299731711,18.0,5.0,71,159,Pala 2,49.1
29,6,5.0,12.0,0.28814524861152824,0.05023689925776098,18.0,5.0,130,136,Pala 2,41.1
48,29,5.0,12.0,0.6263651078809057,0.7541032479507565,18.0,5.0,177,133,Pala 2,100.6
12,12,5.0,12.0,0.13122495177729032,0.23584299894327532,18.0,5.0,57,43,Pala 1,45.7
0,26,5.0,12.0,0.8823476118397537,0.02425293604325507,18.0,5.0,50,41,Pala 1,23.6
33,43,5.0,12.0,0.8285514084650413,0.3972706518419893,18.0,5.0,168,53,Pala 1,108.3
14,34,5.0,12.0,0.6520658196852778,0.4826070805923389,18.0,5.0,98,57,Pala 1,62.4
43,12,5.0,12.0,0.45841383179219775,0.1692302309001269,18.0,5.0,66,175,Pala 2,61.5
13,14,5.0,12.0,0.9329560421420784,0.04404833616254977,18.0,5.0,146,130,Pala 1,57.5
28,45,5.0,12.0,0.8307465547205559,0.18912548309806887,18.0,5.0,62,163,Pala 1,93.6
33,8,5.0,12.0,0.4993151480812449,0.6791027618365744,18.0,5.0,74,59,Pala 2,48.5
17,44,5.0,12.0,0.7018733544543112,0.0822436772512064,18.0,5.0,165,63,Pala 1,65.6
6,22,5.0,12.0,0.5669299521796846,0.5550370305569938,18.0,5.0,145,104,Pala 1,38.7
28,35,5.0,12.0,0.5879422383882645,0.14641198790816667,18.0,5.0,163,45,Pala 1,94.6
30,39,5.0,12.0,0.33097606943747127,0.19568917358041937,18.0,5.0,172,56,Pala 1,95.1
24,2,5.0,12.0,0.46208460462489676,0.3930778832666987,18.0,5.0,172,141,Pala 2,33.3
37,33,5.0,12.0,0.0781214307897442,0.10082533605373134,18.0,5.0,166,78,Pala 1,106.0
13,18,5.0,12.0,0.3573486916645925,0.17320350278221286,18.0,5.0,90,166,Pala 1,48.4
7,27,5.0,12.0,0.695828515362152,0.34895241145135414,18.0,5.0,85,55,Pala 1,37.4
26,22,5.0,12.0,0.9532160305061863,0.32966900549836686,18.0,5.0,162,35,Pala 2,84.4
1,39,5.0,12.0,0.9630641127630203,0.7492714856757319,18.0,5.0,155,164,Pala 1,35.6
16,48,5.0,12.0,0.5557228691248917,0.07478230512642436,18.0,5.0,155,42,Pala 1,64.3
36,44,5.0,12.0,0.6066222518095821,0.8604507356663434,18.0,5.0,152,39,Pala 1,118.8
13,6,5.0,12.0,0.1857211855009675,0.8162321707394549,18.0,5.0,64,72,Pala 2,41.7
24,40,5.0,12.0,0.6953081080935307,0.7659916396919384,18.0,5.0,39,139,Pala 1,87.2
29,11,5.0,12.0,0.07065879267438624,0.3093723624631325,18.0,5.0,120,141,Pala 2,57.5
28,13,5.0,12.0,0.28468568579944453,0.8228817855407875,18.0,5.0,50,130,Pala 2,64.8
19,45,5.0,12.0,0.6683633472854422,0.1828020802892808,18.0,5.0,169,47,Pala 1,71.0
20,14,5.0,12.0,0.3103101315434893,0.12440920585502824,18.0,5.0,38,40,Pala 2,66.1
21,2,5.0,12.0,0.04984687411445432,0.044956333489487355,18.0,5.0,173,39,Pala 2,32.0
34,14,5.0,12.0,0.8318704093509638,0.9393103630055759,18.0,5.0,149,82,Pala 2,66.8
36,23,5.0,12.0,0.31033000713456305,0.3080108977052737,18.0,5.0,156,83,Pala 2,86.6
15,45,5.0,12.0,0.06310522485867842,0.9176178801779059,18.0,5.0,52,35,Pala 1,55.0
49,7,5.0,12.0,0.07478816450286518,0.2726135615193297,18.0,5.0,68,135,Pala 2,45.9
48,4,5.0,12.0,0.2517587987887536,0.9075659593363495,18.0,5.0,157,168,Pala 2,40.9
42,3,5.0,12.0,0.17801594722152625,0.9039290528460883,18.0,5.0,51,62,Pala 2,35.8
16,13,5.0,12.0,0.7743001177801508,0.9236760450107129,18.0,5.0,84,98,Pala 2,62.3
15,15,5.0,12.0,0.32168404666703443,0.49615343928419375,18.0,5.0,103,125,Pala 1,58.1
1,19,5.0,12.0,0.8046957850398325,0.865946286798892,18.0,5.0,76,117,Pala 1,34.2
3,23,5.0,12.0,0.1738459978231528,0.9507658961673202,18.0,5.0,56,84,Pala 1,28.7
20,5,5.0,12.0,0.4928791795440838,0.3246169418971795,18.0,5.0,157,80,Pala 2,37.8
38,30,5.0,12.0,0.6880371335531288,0.4188744056825551,18.0,5.0,77,54,Pala 2,101.5
33,5,5.0,12.0,0.6519908538658549,0.719240187335744,18.0,5.0,178,134,Pala 2,44.0
29,34,5.0,12.0,0.6011294099302688,0.3003598217233009,18.0,5.0,44,52,Pala 1,91.9
5,14,5.0,12.0,0.9248216019311698,0.753809308912659,18.0,5.0,110,75,Pala 1,45.3
16,28,5.0,12.0,0.22852514770674437,0.07389214521353393,18.0,5.0,147,170,Pala 1,56.5
38,2,5.0,12.0,0.4937192044621054,0.5234983842885422,18.0,5.0,74,174,Pala 2,35.5
24,10,5.0,12.0,0.8839925500724087,0.1223134840837452,18.0,5.0,48,43,Pala 2,55.6
4,2,5.0,12.0,0.07789376559515704,0.29332347643667644,18.0,5.0,84,134,Pala 1,25.0
4,27,5.0,12.0,0.055888268253075246,0.258625392486472,18.0,5.0,115,151,Pala 1,24.6
19,9,5.0,12.0,0.2333022875582914,0.8389320735626661,18.0,5.0,134,62,Pala 2,48.9
15,49,5.0,12.0,0.6330212195380185,0.19351725540619746,18.0,5.0,107,149,Pala 1,63.2
40,32,5.0,12.0,0.2598796264498069,0.8084479201591189,18.0,5.0,155,60,Pala 2,106.0
36,47,5.0,12.0,0.19023988380879897,0.793960345907922,18.0,5.0,89,52,Pala 1,110.1
39,15,5.0,12.0,0.4588023153582921,0.4988830555572299,18.0,5.0,105,144,Pala 2,65.8
8,9,5.0,12.0,0.6135980687694115,0.23384325559612962,18.0,5.0,120,83,Pala 1,45.0
4,32,5.0,12.0,0.2485577070167404,0.22689633995622271,18.0,5.0,145,113,Pala 1,29.2
41,35,5.0,12.0,0.30069118672374207,0.4649246471158478,18.0,5.0,53,85,Pala 2,113.9
1,2,5.0,12.0,0.6135593048115139,0.00880900739351631,18.0,5.0,155,121,Pala 1,21.8
8,4,5.0,12.0,0.9457384219894527,0.5313507546113662,18.0,5.0,143,37,Pala 2,40.6
42,11,5.0,12.0,0.6747417274380882,0.9527795257670554,18.0,5.0,129,179,Pala 2,60.2
35,43,5.0,12.0,0.78290414358456,0.1547068818625965,18.0,5.0,101,91,Pala 1,112.0
21,12,5.0,12.0,0.3668100947554688,0.5733456214756034,18.0,5.0,143,83,Pala 2,58.1
21,23,5.0,12.0,0.27225435938446607,0.9617786886444568,18.0,5.0,122,148,Pala 1,82.0
21,43,5.0,12.0,0.45426774320262253,0.8605221394916002,18.0,5.0,101,137,Pala 1,76.1
33,31,5.0,12.0,0.8071328287116737,0.8503801163813403,18.0,5.0,121,117,Pala 2,112.4
28,15,5.0,12.0,0.4562996417905558,0.821849930396189,18.0,5.0,126,44,Pala 2,65.9
37,31,5.0,12.0,0.846725408789861,0.3090236060561856,18.0,5.0,40,143,Pala 2,105.8
45,44,5.0,12.0,0.9887719806951271,0.8906168312668122,18.0,5.0,71,34,Pala 2,143.0
32,36,5.0,12.0,0.07202666573033634,0.9413403512331711,18.0,5.0,155,46,Pala 1,102.3
17,35,5.0,12.0,0.04541015608370369,0.4957924232990394,18.0,5.0,51,121,Pala 1,57.8
6,20,5.0,12.0,0.14958970291336182,0.35457104725945876,18.0,5.0,159,146,Pala 1,30.3
0,46,5.0,12.0,0.3843696757343462,0.4142290156058561,18.0,5.0,173,160,Pala 1,24.0
32,11,5.0,12.0,0.1310422091454324,0.3342064418312656,18.0,5.0,168,176,Pala 2,55.2
0,20,5.0,12.0,0.870664477618756,0.21241844202454008,18.0,5.0,125,131,Pala 1,27.5
23,20,5.0,12.0,0.023146251027063802,0.6184484702528894,18.0,5.0,98,178,Pala 1,68.9
3,42,5.0,12.0,0.3157927163358225,0.5625968862453229,18.0,5.0,129,130,Pala 1,28.8
3,5,5.0,12.0,0.18469462949420534,0.4625850710392756,18.0,5.0,91,80,Pala 1,23.9
17,8,5.0,12.0,0.9315393301575323,0.09584538668483178,18.0,5.0,48,83,Pala 2,48.4
26,0,5.0,12.0,0.6694810048900279,0.7968929647059998,18.0,5.0,89,168,Pala 2,36.0
42,11,5.0,12.0,0.9120302564513745,0.1749335627507892,18.0,5.0,175,119,Pala 2,62.6
31,13,5.0,12.0,0.9723287103103934,0.11456204339604814,18.0,5.0,124,142,Pala 2,64.6
32,5,5.0,12.0,0.4970982436773692,0.6230713954829474,18.0,5.0,130,65,Pala 2,39.1
27,0,5.0,12.0,0.23431910804802625,0.3986443612377232,18.0,5.0,110,119,Pala 2,26.9
41,21,5.0,12.0,0.1937287861965893,0.05980847535232947,18.0,5.0,47,149,Pala 2,77.2
40,33,5.0,12.0,0.22291886168584052,0.3555683549610582,18.0,5.0,114,120,Pala 2,110.6
35,10,5.0,12.0,0.7085933076220029,0.7717803522849628,18.0,5.0,158,127,Pala 2,58.7
5,2,5.0,12.0,0.040445728123000735,0.6152492052170976,18.0,5.0,171,89,Pala 1,30.3
15,41,5.0,12.0,0.051361073032714866,0.3627860229869968,18.0,5.0,88,119,Pala 1,53.4
33,5,5.0,12.0,0.60814294238315,0.19180479163458808,18.0,5.0,139,51,Pala 2,41.9
22,5,5.0,12.0,0.6420571467374065,0.6317956208047733,18.0,5.0,148,53,Pala 2,42.3
49,19,5.0,12.0,0.66526292432246,0.8875553009463553,18.0,5.0,149,169,Pala 2,79.1
41,20,5.0,12.0,0.37188050458859123,0.6462727180159138,18.0,5.0,105,104,Pala 2,85.1
23,1,5.0,12.0,0.8059448887141532,0.8129038546502242,18.0,5.0,172,89,Pala 2,34.1
48,25,5.0,12.0,0.5336245877266176,0.521527838554371,18.0,5.0,49,178,Pala 2,92.4
12,30,5.0,12.0,0.10546563000941944,0.7179711067410288,18.0,5.0,63,109,Pala 1,47.7
17,25,5.0,12.0,0.7970993070673452,0.8962267737783524,18.0,5.0,87,36,Pala 1,78.0
12,31,5.0,12.0,0.9530677862704583,0.7731789782586551,18.0,5.0,89,82,Pala 1,64.2
48,9,5.0,12.0,0.06003631300235868,0.9098539533981457,18.0,5.0,137,53,Pala 2,50.9
36,22,5.0,12.0,0.3913513387005799,0.43113960211605984,18.0,5.0,170,82,Pala 2,83.5
42,5,5.0,12.0,0.48751604483474764,0.9042202551270566,18.0,5.0,122,42,Pala 2,39.2
38,22,5.0,12.0,0.14647076007831694,0.6215672344817076,18.0,5.0,96,107,Pala 2,84.1
41,27,5.0,12.0,0.8677089477828771,0.8700487660816937,18.0,5.0,118,124,Pala 2,101.1
16,48,5.0,12.0,0.284149644890044,0.0393765304378354,18.0,5.0,69,101,Pala 1,57.0
14,29,5.0,12.0,0.7830085399381601,0.6578523819135361,18.0,5.0,76,30,Pala 1,62.7
17,13,5.0,12.0,0.670994482028316,0.8479750788778987,18.0,5.0,117,133,Pala 2,65.3
22,36,5.0,12.0,0.5980458224670234,0.17420203364319975,18.0,5.0,168,144,Pala 1,75.4
29,31,5.0,12.0,0.1921428486965544,0.6617869334649231,18.0,5.0,49,110,Pala 1,92.3
33,48,5.0,12.0,0.2207035205509057,0.8249547142166315,18.0,5.0,177,70,Pala 1,108.6
3,33,5.0,12.0,0.04734840474656932,0.28794936963263706,18.0,5.0,85,42,Pala 1,22.6
2,40,5.0,12.0,0.24071242978226637,0.40524632790639203,18.0,5.0,129,56,Pala 1,22.9
6,43,5.0,12.0,0.3454436094605141,0.5695177184992194,18.0,5.0,142,152,Pala 1,36.1
17,21,5.0,12.0,0.8331453038624254,0.5191676888845621,18.0,5.0,117,69,Pala 1,70.5
41,30,5.0,12.0,0.3663926667148053,0.039189393037135645,18.0,5.0,133,105,Pala 2,102.0
6,6,5.0,12.0,0.7546217827656064,0.09867209808541344,18.0,5.0,54,81,Pala 1,39.4
39,40,5.0,12.0,0.43944228129548757,0.10046657930436131,18.0,5.0,62,109,Pala 1,113.7
5,20,5.0,12.0,0.7848683119938884,0.262267905499175,18.0,5.0,132,63,Pala 1,38.2
21,15,5.0,12.0,0.9762716004370399,0.24586411280244924,18.0,5.0,108,163,Pala 2,71.8
0,19,5.0,12.0,0.23984155805758012,0.7422223837867996,18.0,5.0,158,77,Pala 1,22.7
3,42,5.0,12.0,0.8623416119638762,0.5727443860161445,18.0,5.0,45,175,Pala 1,38.1
45,43,5.0,12.0,0.6218240863057747,0.7639760846452411,18.0,5.0,114,110,Pala 2,137.8
48,46,5.0,12.0,0.8172942615886548,0.06989605741087013,18.0,5.0,88,36,Pala 2,145.6
49,49,5.0,12.0,0.6515859022678052,0.48521423747160064,18.0,5.0,154,35,Pala 1,144.9
42,18,5.0,12.0,0.42394950727415015,0.32377557926526945,18.0,5.0,160,82,Pala 2,75.2
28,47,5.0,12.0,0.22807493944179036,0.8499393107557464,18.0,5.0,172,30,Pala 1,91.9
20,31,5.0,12.0,0.07003522533116502,0.7077891569099033,18.0,5.0,61,58,Pala 1,70.7
25,14,5.0,12.0,0.535518364460717,0.8692584708267963,18.0,5.0,140,121,Pala 2,67.6
13,4,5.0,12.0,0.9903260945268656,0.04642712240606006,18.0,5.0,129,132,Pala 2,42.6
8,10,5.0,12.0,0.7380418050142062,0.7208234895666005,18.0,5.0,132,152,Pala 1,46.9
46,14,5.0,12.0,0.3273455413990166,0.540008352159578,18.0,5.0,145,131,Pala 2,61.0
11,28,5.0,12.0,0.8272048000867352,0.8250000290155658,18.0,5.0,147,127,Pala 1,62.2
41,49,5.0,12.0,0.7689840001764066,0.507160590925821,18.0,5.0,148,88,Pala 1,131.0
5,44,5.0,12.0,0.2816357933534568,0.540209077901909,18.0,5.0,165,170,Pala 1,33.4
19,3,5.0,12.0,0.014307489794234685,0.05176738094206512,18.0,5.0,36,74,Pala 2,36.0
23,48,5.0,12.0,0.1181626385339496,0.6685228650359667,18.0,5.0,161,151,Pala 1,78.3
26,35,5.0,12.0,0.8773061903120576,0.27313987560505004,18.0,5.0,39,52,Pala 1,87.0
37,47,5.0,12.0,0.8365630353048717,0.01969392217882049,18.0,5.0,89,61,Pala 1,116.6
7,22,5.0,12.0,0.29520900087836244,0.06643716250603005,18.0,5.0,54,101,Pala 1,36.9
0,14,5.0,12.0,0.2851954262844204,0.9572856089660257,18.0,5.0,71,140,Pala 1,23.2
48,45,5.0,12.0,0.7928649871024711,0.34607728957984696,18.0,5.0,76,104,Pala 1,142.0
48,43,5.0,12.0,0.9377374698954221,0.868075628621159,18.0,5.0,125,170,Pala 2,142.8
23,2,5.0,12.0,0.7791372567975999,0.9596772340692559,18.0,5.0,143,82,Pala 2,38.4
46,31,5.0,12.0,0.6055786770307615,0.9432671888373227,18.0,5.0,61,49,Pala 2,109.0
6,9,5.0,12.0,0.24267135033180454,0.8817252406994202,18.0,5.0,103,158,Pala 1,38.3
18,39,5.0,12.0,0.5257479140952607,0.8948439124613009,18.0,5.0,45,86,Pala 1,72.4
21,37,5.0,12.0,0.23351185859326462,0.2890080443409515,18.0,5.0,173,95,Pala 1,70.4
34,21,5.0,12.0,0.8080114200967736,0.1514698902603583,18.0,5.0,123,168,Pala 2,81.7
29,13,5.0,12.0,0.3869610795177373,0.6392625620879236,18.0,5.0,34,75,Pala 2,57.4
28,16,5.0,12.0,0.8336972169940262,0.48810559186882385,18.0,5.0,36,59,Pala 2,71.0
21,20,5.0,12.0,0.3816092179827253,0.09874671869517104,18.0,5.0,37,36,Pala 1,71.5
10,47,5.0,12.0,0.8241494051998913,0.6775413160224109,18.0,5.0,62,124,Pala 1,55.6
19,14,5.0,12.0,0.33331781516524195,0.5628600074847734,18.0,5.0,91,72,Pala 2,60.0
28,14,5.0,12.0,0.44013270461766985,0.8630674008104391,18.0,5.0,145,108,Pala 2,66.0
40,0,5.0,12.0,0.6154884193426575,0.6091837956883986,18.0,5.0,158,65,Pala 2,25.3
41,23,5.0,12.0,0.07028761402991868,0.5739461797217537,18.0,5.0,120,158,Pala 2,84.5
33,11,5.0,12.0,0.9482070618154644,0.4407517233326279,18.0,5.0,177,36,Pala 2,56.2
0,9,5.0,12.0,0.5736057861238032,0.4627870698888703,18.0,5.0,84,73,Pala 1,25.6
30,45,5.0,12.0,0.5078200146908023,0.9543812269791161,18.0,5.0,107,90,Pala 1,106.7
29,41,5.0,12.0,0.8393939711199121,0.13844600940023932,18.0,5.0,35,55,Pala 1,97.2
47,41,5.0,12.0,0.8657627298968276,0.44621881858218715,18.0,5.0,81,136,Pala 2,133.8
17,30,5.0,12.0,0.522260404529016,0.6558272339268428,18.0,5.0,31,136,Pala 1,66.9
16,10,5.0,12.0,0.9272623257936373,0.4330106455903996,18.0,5.0,68,150,Pala 2,57.1
37,15,5.0,12.0,0.06473776607648063,0.28321562704075776,18.0,5.0,150,30,Pala 2,59.9
13,8,5.0,12.0,0.11322579225121754,0.28735737076285484,18.0,5.0,61,92,Pala 2,46.1
22,46,5.0,12.0,0.5967882300144401,0.23365604625771574,18.0,5.0,145,44,Pala 1,78.2
24,13,5.0,12.0,0.3540658617935837,0.34390320058308965,18.0,5.0,121,84,Pala 2,60.0
14,18,5.0,12.0,0.46422516618919885,0.871674775583567,18.0,5.0,61,86,Pala 1,62.5
45,30,5.0,12.0,0.32807921789716654,0.5052245503229952,18.0,5.0,122,146,Pala 2,100.0
21,8,5.0,12.0,0.4047253114449356,0.24023872807781843,18.0,5.0,160,49,Pala 2,48.0
2,35,5.0,12.0,0.8226463471462995,0.3845267170265324,18.0,5.0,91,179,Pala 1,33.3
18,38,5.0,12.0,0.5934761998543047,0.10583041207856803,18.0,5.0,42,118,Pala 1,68.3
43,25,5.0,12.0,0.9973445492834982,0.904035739738738,18.0,5.0,99,146,Pala 2,90.6
33,7,5.0,12.0,0.7868791978209629,0.408197832091432,18.0,5.0,50,148,Pala 2,46.1
34,23,5.0,12.0,0.27366625410182666,0.9803912045930757,18.0,5.0,43,176,Pala 2,86.9
49,7,5.0,12.0,0.2643451177266962,0.34753877326251925,18.0,5.0,118,112,Pala 2,44.1
0,18,5.0,12.0,0.3358982701170071,0.8363560472271211,18.0,5.0,100,45,Pala 1,23.4
20,46,5.0,12.0,0.8432594806477427,0.2563853132914532,18.0,5.0,136,83,Pala 1,76.8
28,47,5.0,12.0,0.027287650650565598,0.07615289337760223,18.0,5.0,179,124,Pala 1,82.8
5,29,5.0,12.0,0.23018127887125772,0.0317333616738007,18.0,5.0,157,108,Pala 1,32.9
36,21,5.0,12.0,0.904918420344267,0.6061684266447835,18.0,5.0,61,65,Pala 2,81.8
0,8,5.0,12.0,0.639896436083252,0.3115736716735894,18.0,5.0,61,156,Pala 1,25.4
0,43,5.0,12.0,0.22684709550105642,0.44351988047582835,18.0,5.0,110,119,Pala 1,20.3
26,47,5.0,12.0,0.21914496823258034,0.8186470356007953,18.0,5.0,131,123,Pala 1,90.8
20,3,5.0,12.0,0.8626181017594305,0.24810808569480214,18.0,5.0,114,118,Pala 2,34.8
15,36,5.0,12.0,0.8937575082770465,0.30865247673491325,18.0,5.0,72,161,Pala 1,64.2
43,7,5.0,12.0,0.2561310909621153,0.8453361850586673,18.0,5.0,160,41,Pala 2,45.3
39,0,5.0,12.0,0.42051035807653225,0.4927622733435041,18.0,5.0,74,90,Pala 2,31.8
25,27,5.0,12.0,0.8345957386283172,0.8276651670524876,18.0,5.0,75,176,Pala 1,94.6
15,5,5.0,12.0,0.7710074386098854,0.3744760034663164,18.0,5.0,144,148,Pala 2,44.3
27,46,5.0,12.0,0.8139161065660845,0.3983699808271085,18.0,5.0,133,38,Pala 1,96.2
0,35,5.0,12.0,0.5183981907879688,0.16713836177825625,18.0,5.0,42,54,Pala 1,23.0
35,10,5.0,12.0,0.9115490483051731,0.9163458535949663,18.0,5.0,81,83,Pala 2,58.9
9,4,5.0,12.0,0.32595154395443526,0.8967836940126095,18.0,5.0,38,141,Pala 2,40.2
42,49,5.0,12.0,0.15667213434751803,0.9842170145647735,18.0,5.0,98,70,Pala 1,131.0
16,23,5.0,12.0,0.7087323325648648,0.40244712716971154,18.0,5.0,72,79,Pala 1,67.0
22,46,5.0,12.0,0.5393544160068964,0.8186149417586421,18.0,5.0,36,146,Pala 1,80.6
6,17,5.0,12.0,0.854585768809481,0.4149537316721186,18.0,5.0,73,164,Pala 1,42.8
43,19,5.0,12.0,0.08115924912471495,0.45429878892097275,18.0,5.0,131,56,Pala 2,68.8
6,27,5.0,12.0,0.8436924034380668,0.8299993935948246,18.0,5.0,97,140,Pala 1,45.2
43,12,5.0,12.0,0.2932946532088222,0.17736677088639974,18.0,5.0,151,84,Pala 2,59.3
14,4,5.0,12.0,0.654855667168183,0.22031093446175232,18.0,5.0,106,136,Pala 2,36.0
33,29,5.0,12.0,0.04012878907825579,0.31472824039581504,18.0,5.0,73,163,Pala 1,95.0
45,0,5.0,12.0,0.6095812963036007,0.7881790325000575,18.0,5.0,69,35,Pala 2,28.5
44,21,5.0,12.0,0.717271689187336,0.37265154936808276,18.0,5.0,91,47,Pala 2,81.9
3,17,5.0,12.0,0.3687502145056203,0.35816820828076157,18.0,5.0,176,81,Pala 1,30.3
13,45,5.0,12.0,0.21541070526214023,0.9988163452552418,18.0,5.0,78,173,Pala 1,56.5
13,4,5.0,12.0,0.537630676603545,0.38380614309947947,18.0,5.0,106,110,Pala 2,35.4
15,30,5.0,12.0,0.8331908044356465,0.247770536315587,18.0,5.0,70,162,Pala 1,64.9
6,5,5.0,12.0,0.3235473582966508,0.6232136782009433,18.0,5.0,52,174,Pala 1,35.4
31,26,5.0,12.0,0.25246929752127956,0.8018799519550008,18.0,5.0,72,45,Pala 2,94.7
18,24,5.0,12.0,0.2789353086376877,0.06960783372315926,18.0,5.0,134,50,Pala 1,61.8
1,28,5.0,12.0,0.9491321529166644,0.618892231138475,18.0,5.0,142,68,Pala 1,34.8
9,27,5.0,12.0,0.35927691576455967,0.035735455880224753,18.0,5.0,139,66,Pala 1,40.7
49,15,5.0,12.0,0.003604239888287175,0.5263323509795179,18.0,5.0,167,82,Pala 2,62.7
16,11,5.0,12.0,0.7816812079596197,0.2569915637578092,18.0,5.0,134,103,Pala 2,58.9
36,19,5.0,12.0,0.6992747953353902,0.3066416976731857,18.0,5.0,89,61,Pala 2,74.2
11,17,5.0,12.0,0.12856826460296888,0.4670959639823826,18.0,5.0,158,54,Pala 1,47.1
5,33,5.0,12.0,0.9849042491349125,0.927107460745587,18.0,5.0,169,93,Pala 1,45.3
21,22,5.0,12.0,0.6080622853051112,0.7106673065878765,18.0,5.0,122,132,Pala 1,81.4
31,44,5.0,12.0,0.5007794909406015,0.9368455962844964,18.0,5.0,104,131,Pala 1,106.4
40,26,5.0,12.0,0.38221926762289105,0.6599710045586776,18.0,5.0,174,67,Pala 2,90.2
19,48,5.0,12.0,0.8986727555636379,0.007107747087859662,18.0,5.0,87,121,Pala 1,73.6
0,16,5.0,12.0,0.24396348141856328,0.2655851973476776,18.0,5.0,67,108,Pala 1,20.4
46,47,5.0,12.0,0.28576890021990187,0.9057725777203739,18.0,5.0,35,165,Pala 1,137.6
5,20,5.0,12.0,0.1224108066865669,0.6434455209677448,18.0,5.0,167,30,Pala 1,33.5
18,49,5.0,12.0,0.75911909558426,0.9816472365702749,18.0,5.0,55,88,Pala 1,76.3
17,39,5.0,12.0,0.5955492804058533,0.1559640192182956,18.0,5.0,87,64,Pala 1,64.4
5,30,5.0,12.0,0.6090661692544983,0.2967478331065194,18.0,5.0,46,45,Pala 1,33.6
44,2,5.0,12.0,0.21847043101946362,0.3623676595170363,18.0,5.0,82,171,Pala 2,30.5
32,16,5.0,12.0,0.6511683891270839,0.32655781816731055,18.0,5.0,34,34,Pala 2,67.9
22,49,5.0,12.0,0.765458447246864,0.2519915301498806,18.0,5.0,96,109,Pala 1,81.6
22,25,5.0,12.0,0.35788853072568927,0.44346571575677785,18.0,5.0,136,50,Pala 1,76.6
25,22,5.0,12.0,0.8013471439617122,0.6422981233693712,18.0,5.0,177,87,Pala 2,84.6
12,5,5.0,12.0,0.34879058853202094,0.31125692288669604,18.0,5.0,96,86,Pala 2,41.7
6,27,5.0,12.0,0.7581384615092877,0.07969992331425568,18.0,5.0,160,168,Pala 1,41.0
14,7,5.0,12.0,0.03373010745771898,0.7085325268931634,18.0,5.0,166,100,Pala 2,42.3
43,44,5.0,12.0,0.5511646014736526,0.45901655578126865,18.0,5.0,168,150,Pala 1,130.9
26,7,5.0,12.0,0.9695265606398866,0.5564823060900632,18.0,5.0,142,165,Pala 2,49.9
25,18,5.0,12.0,0.9812446006823907,0.4554006571639151,18.0,5.0,170,171,Pala 2,74.8
32,37,5.0,12.0,0.2817525783417406,0.8903575034549103,18.0,5.0,165,137,Pala 1,105.0
14,28,5.0,12.0,0.44139909108035547,0.55874499716638,18.0,5.0,51,67,Pala 1,58.2
35,22,5.0,12.0,0.06297790798663305,0.9232768398517497,18.0,5.0,67,108,Pala 2,83.1
44,46,5.0,12.0,0.8733413076045997,0.5105753415560003,18.0,5.0,56,79,Pala 1,138.3
26,31,5.0,12.0,0.5685721531402141,0.29258816224028183,18.0,5.0,55,118,Pala 1,86.9
4,9,5.0,12.0,0.385100678940517,0.3554425871761966,18.0,5.0,52,93,Pala 1,30.0
1,26,5.0,12.0,0.11277055848915307,0.5221292935847855,18.0,5.0,149,154,Pala 1,19.9
32,48,5.0,12.0,0.9467672854968892,0.5299894378050086,18.0,5.0,132,159,Pala 1,111.6
15,0,5.0,12.0,0.5302190478209937,0.6873377015489488,18.0,5.0,94,171,Pala 2,31.1
22,38,5.0,12.0,0.2829279290829039,0.22449487218663078,18.0,5.0,103,169,Pala 1,73.5
37,28,5.0,12.0,0.3502151301315095,0.6588428999655017,18.0,5.0,76,110,Pala 2,102.7
15,44,5.0,12.0,0.2706971809221477,0.7785880083807523,18.0,5.0,90,107,Pala 1,60.2
13,2,5.0,12.0,0.6018098088569807,0.6765919894669901,18.0,5.0,161,39,Pala 2,36.5
28,46,5.0,12.0,0.9299635757805099,0.48182810981759083,18.0,5.0,33,73,Pala 1,98.7
25,36,5.0,12.0,0.8566938033265644,0.991680651116834,18.0,5.0,58,69,Pala 1,97.3
34,30,5.0,12.0,0.4603808754259775,0.4048131591292162,18.0,5.0,102,138,Pala 2,106.4
14,10,5.0,12.0,0.8264993623010078,0.10659061457982921,18.0,5.0,108,99,Pala 2,56.8
2,21,5.0,12.0,0.42310548127632985,0.821504215407343,18.0,5.0,73,60,Pala 1,30.3
22,17,5.0,12.0,0.252307140758638,0.2122012188804182,18.0,5.0,32,66,Pala 2,70.8
28,34,5.0,12.0,0.9834151152664279,0.7132855729024421,18.0,5.0,108,138,Pala 1,103.0
33,5,5.0,12.0,0.30388756797082184,0.1789762827151259,18.0,5.0,150,126,Pala 2,37.9
32,2,5.0,12.0,0.3237242309869084,0.01687739085793938,18.0,5.0,168,100,Pala 2,34.0
40,4,5.0,12.0,0.9896928677865222,0.15979860378902566,18.0,5.0,163,67,Pala 2,37.6
40,8,5.0,12.0,0.1339274931656549,0.3769886965758219,18.0,5.0,76,37,Pala 2,46.6
22,27,5.0,12.0,0.7605339880096951,0.10661824712979828,18.0,5.0,36,63,Pala 1,75.5
6,18,5.0,12.0,0.9358127584827265,0.19767908423568203,18.0,5.0,144,174,Pala 1,44.9
2,27,5.0,12.0,0.5117949942754186,0.764626277684393,18.0,5.0,139,46,Pala 1,29.9
31,26,5.0,12.0,0.0025217617028200356,0.7698836079771307,18.0,5.0,97,123,Pala 2,94.6
30,12,5.0,12.0,0.37505894411310625,0.8174882271909767,18.0,5.0,30,111,Pala 2,64.4
17,37,5.0,12.0,0.11156899238482709,0.8411552365475925,18.0,5.0,106,82,Pala 1,62.7
42,42,5.0,12.0,0.41618766093369575,0.4204358946137554,18.0,5.0,72,172,Pala 1,125.1
6,20,5.0,12.0,0.7900267616422847,0.8675496606935285,18.0,5.0,47,93,Pala 1,44.7
40,26,5.0,12.0,0.4387115488838005,0.5259368750140431,18.0,5.0,116,138,Pala 2,95.3
0,45,5.0,12.0,0.43192512134592254,0.47059711693600814,18.0,5.0,102,86,Pala 1,20.6
13,5,5.0,12.0,0.5567894769188466,0.7185363289957758,18.0,5.0,136,177,Pala 2,43.0
31,37,5.0,12.0,0.5816905847476802,0.2138184113599072,18.0,5.0,35,90,Pala 1,100.5
5,48,5.0,12.0,0.8562963087989713,0.789497376827472,18.0,5.0,173,54,Pala 1,41.5
38,10,5.0,12.0,0.3083554392289515,0.42946582656620325,18.0,5.0,158,107,Pala 2,51.7
9,46,5.0,12.0,0.821671264368016,0.12729541400376043,18.0,5.0,51,56,Pala 1,46.9
6,40,5.0,12.0,0.5659337486920473,0.11931191351696757,18.0,5.0,75,128,Pala 1,34.8
25,16,5.0,12.0,0.30052954971714696,0.16490674384670012,18.0,5.0,178,57,Pala 2,67.2
33,38,5.0,12.0,0.2951260440060771,0.8905727342437824,18.0,5.0,80,163,Pala 1,105.1
29,6,5.0,12.0,0.3611375171057245,0.9909378222590475,18.0,5.0,157,70,Pala 2,46.3
35,29,5.0,12.0,0.6226932426199755,0.35697379920128347,18.0,5.0,124,88,Pala 2,105.0
20,20,5.0,12.0,0.23081173135994915,0.2921438522052976,18.0,5.0,67,107,Pala 1,68.2
16,0,5.0,12.0,0.9203335616722674,0.2187709725943373,18.0,5.0,73,78,Pala 2,28.3
32,24,5.0,12.0,0.5749125841779004,0.8238164771672455,18.0,5.0,120,137,Pala 2,89.1
9,31,5.0,12.0,0.9200157769960068,0.2092074824188761,18.0,5.0,71,129,Pala 1,48.9
46,7,5.0,12.0,0.0464043585791547,0.9240901299302697,18.0,5.0,89,34,Pala 2,43.6
41,4,5.0,12.0,0.3426113704614734,0.6673503789712827,18.0,5.0,155,40,Pala 2,35.8
11,29,5.0,12.0,0.022807660687623077,0.8971277916691947,18.0,5.0,86,115,Pala 1,48.8
15,7,5.0,12.0,0.2722518150979698,0.5540098543941463,18.0,5.0,106,69,Pala 2,43.9
40,48,5.0,12.0,0.8620064722685882,0.6906798621824968,18.0,5.0,125,143,Pala 1,130.4
31,18,5.0,12.0,0.03660971584220085,0.6194581006577077,18.0,5.0,36,99,Pala 2,76.8
14,43,5.0,12.0,0.43614709991574485,0.8311954563237969,18.0,5.0,80,99,Pala 1,64.6
26,29,5.0,12.0,0.11756707047322779,0.8358608111858811,18.0,5.0,140,139,Pala 1,88.5
27,14,5.0,12.0,0.41684065926036773,0.5897929998451251,18.0,5.0,61,49,Pala 2,66.8
16,35,5.0,12.0,0.8388515842643773,0.6325076493297723,18.0,5.0,36,161,Pala 1,70.0
45,43,5.0,12.0,0.6230710334025191,0.92187592049783,18.0,5.0,105,42,Pala 2,135.7
49,26,5.0,12.0,0.7367563453314232,0.9298664839649694,18.0,5.0,172,78,Pala 2,96.1
1,12,5.0,12.0,0.349104115449581,0.6642497838951816,18.0,5.0,88,105,Pala 1,22.1
35,13,5.0,12.0,0.9443976950101415,0.007754278173163542,18.0,5.0,142,38,Pala 2,58.6
49,36,5.0,12.0,0.7092620937795001,0.104411214753941,18.0,5.0,114,88,Pala 2,121.0
6,47,5.0,12.0,0.4217988192845309,0.8579425317744162,18.0,5.0,169,145,Pala 1,41.2
12,29,5.0,12.0,0.4264648002270549,0.0847141163708015,18.0,5.0,106,32,Pala 1,49.7
14,38,5.0,12.0,0.9186841779432976,0.21351918085506638,18.0,5.0,68,40,Pala 1,65.7
24,46,5.0,12.0,0.5764046934353918,0.2305466802216518,18.0,5.0,92,34,Pala 1,81.0
22,12,5.0,12.0,0.7063792099030417,0.6002347697799049,18.0,5.0,159,142,Pala 2,57.2
21,15,5.0,12.0,0.41703522451317077,0.5766327978837642,18.0,5.0,58,111,Pala 2,68.9
25,43,5.0,12.0,0.2236927647647141,0.2894175234204003,18.0,5.0,90,154,Pala 1,79.0
32,6,5.0,12.0,0.7235592919944186,0.20761136556844284,18.0,5.0,58,163,Pala 2,48.3
10,47,5.0,12.0,0.6078237721413878,0.7645320298574758,18.0,5.0,67,115,Pala 1,52.3
9,26,5.0,12.0,0.5013428804247794,0.9354561556059762,18.0,5.0,36,71,Pala 1,48.0
24,44,5.0,12.0,0.6240209399944638,0.0528056799164387,18.0,5.0,59,72,Pala 1,83.2
36,34,5.0,12.0,0.20828558606423364,0.13318046270486283,18.0,5.0,144,171,Pala 1,105.7
47,14,5.0,12.0,0.7939387065319563,0.6421639887057075,18.0,5.0,33,54,Pala 2,64.5
42,27,5.0,12.0,0.9481628050203058,0.8044414516714257,18.0,5.0,34,47,Pala 2,99.4
37,34,5.0,12.0,0.8911031441677028,0.7911886687763996,18.0,5.0,75,135,Pala 2,118.1
40,6,5.0,12.0,0.32143574530701713,0.7196831530826893,18.0,5.0,104,30,Pala 2,45.3
44,49,5.0,12.0,0.4060057732820759,0.887427954498092,18.0,5.0,159,44,Pala 1,135.9
23,45,5.0,12.0,0.8084022997975612,0.21734887957081284,18.0,5.0,134,63,Pala 1,77.7
39,49,5.0,12.0,0.5951171308246038,0.10729094649194715,18.0,5.0,83,31,Pala 1,120.5
45,45,5.0,12.0,0.5479144436766492,0.6153629700913683,18.0,5.0,137,139,Pala 1,135.6
32,19,5.0,12.0,0.9266419675334452,0.8222758915234324,18.0,5.0,88,80,Pala 2,76.5
16,31,5.0,12.0,0.5360249609770508,0.5820435784805732,18.0,5.0,62,75,Pala 1,64.0
23,37,5.0,12.0,0.5149386795873099,0.9629974874589062,18.0,5.0,51,170,Pala 1,85.0
36,39,5.0,12.0,0.04201859126635965,0.7955644613917894,18.0,5.0,76,126,Pala 1,111.8
1,31,5.0,12.0,0.06941695859013763,0.7007918009092609,18.0,5.0,163,135,Pala 1,24.0
31,25,5.0,12.0,0.007420307880650179,0.06025729087173359,18.0,5.0,53,43,Pala 2,87.8
23,38,5.0,12.0,0.9132442257836336,0.1077422387316821,18.0,5.0,146,46,Pala 1,86.0
8,19,5.0,12.0,0.40838666001770063,0.7848376325911943,18.0,5.0,155,151,Pala 1,46.5
3,17,5.0,12.0,0.46856137613341253,0.19823792557702935,18.0,5.0,80,173,Pala 1,26.6
16,49,5.0,12.0,0.845386947592462,0.028835176078990554,18.0,5.0,147,136,Pala 1,66.6
16,14,5.0,12.0,0.6092463103757779,0.9107606857469649,18.0,5.0,70,41,Pala 1,67.6
49,21,5.0,12.0,0.6095015963905811,0.8908053737012341,18.0,5.0,96,160,Pala 2,84.2
47,21,5.0,12.0,0.29653442935481245,0.21848382723149185,18.0,5.0,118,104,Pala 2,79.9
29,20,5.0,12.0,0.8339083739245192,0.7802062580729546,18.0,5.0,121,72,Pala 2,80.4
39,1,5.0,12.0,0.1658299760394938,0.04797966121165509,18.0,5.0,150,162,Pala 2,29.1
10,39,5.0,12.0,0.0531495921729479,0.2850580038232631,18.0,5.0,110,56,Pala 1,38.9
20,42,5.0,12.0,0.1916033575185323,0.6236669082566249,18.0,5.0,159,156,Pala 1,69.4
20,17,5.0,12.0,0.2677372187745647,0.7631789961583855,18.0,5.0,120,85,Pala 1,67.8
17,22,5.0,12.0,0.28231105785420674,0.010399188788189573,18.0,5.0,129,133,Pala 1,59.5
28,12,5.0,12.0,0.6705135986187676,0.32620861327374406,18.0,5.0,107,109,Pala 2,61.9
23,40,5.0,12.0,0.21782458732864352,0.214345560063674,18.0,5.0,72,97,Pala 1,72.4
9,8,5.0,12.0,0.6766583044949845,0.9987804057487236,18.0,5.0,152,120,Pala 1,54.4
44,48,5.0,12.0,0.09113217323379974,0.670982232385235,18.0,5.0,61,44,Pala 1,131.3
16,6,5.0,12.0,0.14720246109790902,0.4056714528797438,18.0,5.0,169,176,Pala 2,42.8
17,40,5.0,12.0,0.508821448490995,0.07565260198068502,18.0,5.0,52,55,Pala 1,60.5
41,0,5.0,12.0,0.9218958025766426,0.5986702575069638,18.0,5.0,173,39,Pala 2,32.8
47,1,5.0,12.0,0.859567588811114,0.6417014709360642,18.0,5.0,31,127,Pala 2,32.5
19,3,5.0,12.0,0.9687534424428031,0.8164059275031351,18.0,5.0,36,131,Pala 2,37.7
36,13,5.0,12.0,0.6504790652781709,0.2885768529193635,18.0,5.0,50,165,Pala 2,61.6
44,31,5.0,12.0,0.675814866416092,0.9814280804800964,18.0,5.0,124,109,Pala 2,106.7
17,35,5.0,12.0,0.625022998931492,0.4394657393139495,18.0,5.0,155,61,Pala 1,68.1
16,1,5.0,12.0,0.6228189228581973,0.29594375465949363,18.0,5.0,150,50,Pala 2,31.6
8,39,5.0,12.0,0.14712034506758465,0.34844933400145783,18.0,5.0,54,125,Pala 1,33.5
13,49,5.0,12.0,0.5437389561639286,0.5195860529671238,18.0,5.0,64,74,Pala 1,56.8
48,13,5.0,12.0,0.38606793345172574,0.9367015645071273,18.0,5.0,164,41,Pala 2,63.4
28,19,5.0,12.0,0.44253721577729344,0.7351587979194005,18.0,5.0,61,132,Pala 2,77.2
30,24,5.0,12.0,0.5236005730592374,0.5771096494637823,18.0,5.0,82,103,Pala 2,90.3
3,41,5.0,12.0,0.1283961718022516,0.1628103879798618,18.0,5.0,98,99,Pala 1,22.3
17,48,5.0,12.0,0.35948773385211985,0.14935331089087167,18.0,5.0,54,66,Pala 1,60.3
19,7,5.0,12.0,0.06344956087660358,0.502196913813564,18.0,5.0,124,141,Pala 2,42.2
46,27,5.0,12.0,0.9796681304223991,0.7287087046016492,18.0,5.0,115,160,Pala 2,100.5
42,45,5.0,12.0,0.11852802882012614,0.7510121727551101,18.0,5.0,131,98,Pala 1,124.3
43,20,5.0,12.0,0.2585247385449545,0.2259143838762584,18.0,5.0,106,127,Pala 2,72.6
8,22,5.0,12.0,0.8912929267033972,0.10009951284725327,18.0,5.0,159,62,Pala 1,44.5
12,31,5.0,12.0,0.4827100462391418,0.38446098925378946,18.0,5.0,115,65,Pala 1,54.2
14,7,5.0,12.0,0.1356372015206303,0.9181725432440743,18.0,5.0,90,32,Pala 2,42.7
26,30,5.0,12.0,0.3842305380393489,0.5453672526693822,18.0,5.0,166,160,Pala 1,85.8
14,36,5.0,12.0,0.11586799419138583,0.3200997668317743,18.0,5.0,80,135,Pala 1,51.8
27,15,5.0,12.0,0.20021599708450177,0.32363766833912166,18.0,5.0,31,57,Pala 2,63.4
36,39,5.0,12.0,0.05202984694984503,0.13208704522218495,18.0,5.0,61,166,Pala 1,102.2
18,41,5.0,12.0,0.4382274945490999,0.473223736106158,18.0,5.0,109,55,Pala 1,67.7
25,26,5.0,12.0,0.8066361217252598,0.7913626785148384,18.0,5.0,126,39,Pala 1,93.5
25,39,5.0,12.0,0.5859691786998955,0.9685586915273413,18.0,5.0,104,138,Pala 1,88.5
24,40,5.0,12.0,0.6063453054846117,0.5015949999579754,18.0,5.0,37,91,Pala 1,82.1
25,17,5.0,12.0,0.20058403008324033,0.16721491584268844,18.0,5.0,114,125,Pala 2,72.2
25,34,5.0,12.0,0.3438938432523665,0.6829503998028645,18.0,5.0,150,175,Pala 1,86.0
45,48,5.0,12.0,0.845242103840832,0.7567913427452954,18.0,5.0,49,115,Pala 1,144.0
27,14,5.0,12.0,0.08785618432651454,0.0716997494231022,18.0,5.0,178,174,Pala 2,59.6
48,26,5.0,12.0,0.8579306536685337,0.8501391296312288,18.0,5.0,36,78,Pala 2,94.4
17,16,5.0,12.0,0.48369002626478563,0.8293223899958574,18.0,5.0,150,34,Pala 2,69.5
31,39,5.0,12.0,0.8371474313251173,0.47254105403911795,18.0,5.0,151,102,Pala 1,102.6
2,1,5.0,12.0,0.31800641939440033,0.5604225186158683,18.0,5.0,166,73,Pala 2,28.3
1,48,5.0,12.0,0.3388429515830208,0.7134080637109191,18.0,5.0,115,150,Pala 1,25.7
32,49,5.0,12.0,0.7516048683231428,0.6767481250628593,18.0,5.0,159,36,Pala 1,113.5
41,30,5.0,12.0,0.7849961733922202,0.016535978193209067,18.0,5.0,176,49,Pala 2,104.1
18,36,5.0,12.0,0.22964467799014676,0.12243530384848578,18.0,5.0,89,137,Pala 1,63.1
16,40,5.0,12.0,0.9728713248219055,0.1625905557812457,18.0,5.0,98,176,Pala 1,62.5
43,40,5.0,12.0,0.08449010424482895,0.7556758890720988,18.0,5.0,74,93,Pala 1,124.0
32,33,5.0,12.0,0.06850296310213089,0.44008356289238004,18.0,5.0,91,72,Pala 1,95.5
11,33,5.0,12.0,0.5955042152861028,0.5455026263868251,18.0,5.0,167,73,Pala 1,56.7
48,2,5.0,12.0,0.7227407677716214,0.7726874368954841,18.0,5.0,152,46,Pala 2,37.5
2,16,5.0,12.0,0.9608861292249739,0.3409822690640908,18.0,5.0,55,68,Pala 1,32.6
42,13,5.0,12.0,0.40494578079886157,0.7488902273187731,18.0,5.0,47,128,Pala 2,61.0
48,13,5.0,12.0,0.025291408989633113,0.44229927462955965,18.0,5.0,88,68,Pala 2,59.1
25,45,5.0,12.0,0.602896339446407,0.3771801877742066,18.0,5.0,178,68,Pala 1,86.9
34,37,5.0,12.0,0.28969602059877186,0.3330372640547401,18.0,5.0,75,45,Pala 1,103.1
7,34,5.0,12.0,0.43294712119540224,0.9649448154923829,18.0,5.0,41,82,Pala 1,42.4
35,0,5.0,12.0,0.48846948224993525,0.7719734107089788,18.0,5.0,142,135,Pala 2,32.2
6,47,5.0,12.0,0.06451261073803383,0.020195940773529375,18.0,5.0,84,39,Pala 1,25.8
45,28,5.0,12.0,0.4859817845641028,0.9574154865182017,18.0,5.0,39,31,Pala 2,99.7
45,3,5.0,12.0,0.42631966680431477,0.7754396297266734,18.0,5.0,64,170,Pala 2,37.6
35,32,5.0,12.0,0.7125442652865932,0.14917471445425556,18.0,5.0,109,31,Pala 2,110.0
15,16,5.0,12.0,0.6456659112123446,0.07633812541131713,18.0,5.0,35,43,Pala 1,55.2
23,27,5.0,12.0,0.18521571815056104,0.3081940936594534,18.0,5.0,156,80,Pala 1,77.6
0,49,5.0,12.0,0.20613891821039698,0.6241815293460617,18.0,5.0,97,137,Pala 1,20.7
48,25,5.0,12.0,0.25100617877437326,0.6165466891494674,18.0,5.0,38,78,Pala 2,89.8
24,7,5.0,12.0,0.17895044029717733,0.27585012514922047,18.0,5.0,100,58,Pala 2,43.4
9,33,5.0,12.0,0.6572131996684671,0.4456749786574178,18.0,5.0,163,140,Pala 1,51.5
15,17,5.0,12.0,0.9944301792002705,0.21189015571373548,18.0,5.0,73,153,Pala 1,66.5
15,30,5.0,12.0,0.6521083405159366,0.05057868516673747,18.0,5.0,93,93,Pala 1,56.4
7,26,5.0,12.0,0.6066815461912912,0.5169704674268787,18.0,5.0,96,52,Pala 1,42.3
28,15,5.0,12.0,0.40992793335107247,0.3469911342520381,18.0,5.0,73,52,Pala 2,69.0
38,9,5.0,12.0,0.3125802588597607,0.54288243229793,18.0,5.0,145,45,Pala 2,50.1
27,39,5.0,12.0,0.9110737569064792,0.9465073224704517,18.0,5.0,171,73,Pala 1,104.6
5,11,5.0,12.0,0.969001874142153,0.1433703116953211,18.0,5.0,166,89,Pala 1,42.9
15,21,5.0,12.0,0.4967761755877278,0.001962018310955327,18.0,5.0,86,138,Pala 1,55.6
19,15,5.0,12.0,0.29020049550655747,0.07687821328212519,18.0,5.0,86,94,Pala 1,62.2
15,11,5.0,12.0,0.7701222076697677,0.462708296101629,18.0,5.0,172,176,Pala 2,58.9
6,10,5.0,12.0,0.13245679086687845,0.7069320298023235,18.0,5.0,36,126,Pala 1,32.7
40,19,5.0,12.0,0.7655882376436816,0.580763603317189,18.0,5.0,177,127,Pala 2,77.6
13,0,5.0,12.0,0.8189483743113387,0.494894607373747,18.0,5.0,48,158,Pala 2,29.2
42,26,5.0,12.0,0.12490394462716736,0.3539631310924124,18.0,5.0,163,41,Pala 2,90.4
25,2,5.0,12.0,0.9768614687965638,0.309974171531501,18.0,5.0,68,116,Pala 2,35.0
25,11,5.0,12.0,0.9855122903884784,0.3762861751049801,18.0,5.0,100,118,Pala 2,59.5
13,29,5.0,12.0,0.9367194793273512,0.6116349540090713,18.0,5.0,54,117,Pala 1,63.2
6,8,5.0,12.0,0.4960348094062643,0.1677539558655362,18.0,5.0,131,167,Pala 1,35.9
32,36,5.0,12.0,0.24607414227682844,0.7713620830546257,18.0,5.0,40,159,Pala 1,103.5
25,0,5.0,12.0,0.582009280881913,0.5752532400931103,18.0,5.0,60,161,Pala 2,34.0
44,41,5.0,12.0,0.4199338384714357,0.26915637761142763,18.0,5.0,147,139,Pala 2,131.4
19,48,5.0,12.0,0.2059486447171971,0.5011529628112837,18.0,5.0,143,70,Pala 1,66.7
2,3,5.0,12.0,0.4236764096178476,0.9627786876851664,18.0,5.0,169,67,Pala 1,30.7
3,14,5.0,12.0,0.6638898356775905,0.020491529145194032,18.0,5.0,38,85,Pala 1,31.6
25,26,5.0,12.0,0.07091331078599106,0.19952264090122918,18.0,5.0,170,53,Pala 1,81.3
10,7,5.0,12.0,0.3334180014460165,0.448380239903278,18.0,5.0,49,122,Pala 1,41.7
1,22,5.0,12.0,0.017794890012825193,0.6384397217798281,18.0,5.0,88,57,Pala 1,19.5
13,14,5.0,12.0,0.7494955054616756,0.2122282662854852,18.0,5.0,114,91,Pala 1,55.3
43,26,5.0,12.0,0.6406912676167008,0.9314039483761962,18.0,5.0,179,172,Pala 2,97.3
29,30,5.0,12.0,0.06267213470196586,0.6425720124246421,18.0,5.0,94,39,Pala 1,91.0
48,38,5.0,12.0,0.9647375596019678,0.8774319489564305,18.0,5.0,89,157,Pala 2,128.0
11,46,5.0,12.0,0.022621557127100678,0.3293179302503185,18.0,5.0,154,58,Pala 1,42.3
25,7,5.0,12.0,0.5899606464760886,0.8289539343066296,18.0,5.0,70,92,Pala 2,48.0
43,29,5.0,12.0,0.7763674617990558,0.37821921689944626,18.0,5.0,110,116,Pala 2,103.2
32,41,5.0,12.0,0.787896313044723,0.25275177246120495,18.0,5.0,33,175,Pala 1,101.7
12,17,5.0,12.0,0.034285135593203786,0.911655339163793,18.0,5.0,99,36,Pala 1,52.3
13,3,5.0,12.0,0.9064151326404393,0.09221847567885455,18.0,5.0,112,166,Pala 2,40.0
23,46,5.0,12.0,0.9184516719271222,0.9428887960564042,18.0,5.0,123,49,Pala 1,92.2
33,42,5.0,12.0,0.5613903731543727,0.4585152058676055,18.0,5.0,92,146,Pala 1,109.8
43,21,5.0,12.0,0.4820831988871461,0.9926254734858617,18.0,5.0,37,121,Pala 2,85.9
25,2,5.0,12.0,0.04486746306259981,0.5395946537350288,18.0,5.0,149,79,Pala 2,31.6
20,14,5.0,12.0,0.5619541425098686,0.7574881720823031,18.0,5.0,114,96,Pala 2,62.3
27,34,5.0,12.0,0.40937908177023075,0.007071016338003999,18.0,5.0,120,138,Pala 1,85.9
47,46,5.0,12.0,0.7728064074086561,0.49666681996016515,18.0,5.0,145,174,Pala 1,143.7
35,37,5.0,12.0,0.40388356688608784,0.7374534716181153,18.0,5.0,135,128,Pala 1,114.0
39,32,5.0,12.0,0.6835808333247098,0.782827019958449,18.0,5.0,173,178,Pala 2,110.9
1,13,5.0,12.0,0.1014081462375308,0.15804858260159804,18.0,5.0,101,77,Pala 1,17.2
41,47,5.0,12.0,0.13295227076596694,0.41897095038277865,18.0,5.0,109,57,Pala 1,121.5
8,0,5.0,12.0,0.13971019064915835,0.4190719581193387,18.0,5.0,36,99,Pala 2,25.2
22,48,5.0,12.0,0.04552549979974352,0.10364080849905588,18.0,5.0,98,87,Pala 1,68.7
14,25,5.0,12.0,0.5413288592698038,0.44304550769146667,18.0,5.0,116,39,Pala 1,59.5
12,7,5.0,12.0,0.793967726043636,0.8070929586960054,18.0,5.0,37,31,Pala 2,48.1
22,49,5.0,12.0,0.6104112036936661,0.300180737618987,18.0,5.0,160,30,Pala 1,78.9
16,15,5.0,12.0,0.5749548855528562,0.4325745218938831,18.0,5.0,143,109,Pala 1,65.9
47,37,5.0,12.0,0.6806239284027364,0.9609586850621427,18.0,5.0,65,119,Pala 2,125.6
1,9,5.0,12.0,0.3396453230720148,0.031708075891562215,18.0,5.0,129,102,Pala 1,20.2
19,41,5.0,12.0,0.3619540716482289,0.5915217678953557,18.0,5.0,108,42,Pala 1,72.1
19,36,5.0,12.0,0.31427009822092256,0.7434360917776291,18.0,5.0,59,100,Pala 1,69.0
45,25,5.0,12.0,0.7121089328535756,0.7608824340311784,18.0,5.0,44,30,Pala 2,97.7
2,27,5.0,12.0,0.1616403356707743,0.7159380248840443,18.0,5.0,116,85,Pala 1,28.4
11,11,5.0,12.0,0.013025280312924381,0.7264514434684364,18.0,5.0,87,176,Pala 1,45.7
39,19,5.0,12.0,0.5961964467224924,0.05901266567304986,18.0,5.0,126,33,Pala 2,69.9
1,48,5.0,12.0,0.9423813647342054,0.5341366191363328,18.0,5.0,175,57,Pala 1,32.5
35,13,5.0,12.0,0.6094079169963047,0.782969071657256,18.0,5.0,162,73,Pala 2,62.6
13,45,5.0,12.0,0.7829216529408951,0.0940650490373296,18.0,5.0,166,59,Pala 1,59.2
15,34,5.0,12.0,0.6727907094660301,0.012049922386867862,18.0,5.0,131,65,Pala 1,59.3
18,28,5.0,12.0,0.49743665352301625,0.8145618315996581,18.0,5.0,144,135,Pala 1,70.1
33,11,5.0,12.0,0.718392401783846,0.7122943875664892,18.0,5.0,166,151,Pala 2,55.0
43,17,5.0,12.0,0.8241041238552218,0.4122064169144426,18.0,5.0,47,33,Pala 2,70.7
45,43,5.0,12.0,0.224731644171698,0.9403964325741719,18.0,5.0,172,40,Pala 2,134.9
5,1,5.0,12.0,0.33613048048314553,0.7665980946514712,18.0,5.0,107,82,Pala 1,31.0
12,1,5.0,12.0,0.22372573250328387,0.9678609416065774,18.0,5.0,91,153,Pala 2,38.0
35,16,5.0,12.0,0.452172955590441,0.9293152595474673,18.0,5.0,69,117,Pala 2,70.8
21,9,5.0,12.0,0.8850645509166676,0.4812936029793071,18.0,5.0,153,83,Pala 2,51.5
17,17,5.0,12.0,0.34520710083533235,0.754708978643566,18.0,5.0,89,113,Pala 1,67.4
11,21,5.0,12.0,0.37446688913055337,0.669191388807639,18.0,5.0,85,74,Pala 1,48.9
29,18,5.0,12.0,0.8603672346719318,0.8114452100924915,18.0,5.0,113,174,Pala 2,79.0
39,0,5.0,12.0,0.5153743307446752,0.787688402250992,18.0,5.0,70,93,Pala 2,32.0
6,23,5.0,12.0,0.5354489996474344,0.15323197003322675,18.0,5.0,46,42,Pala 1,33.8
31,35,5.0,12.0,0.8608012033322129,0.23373553180854634,18.0,5.0,134,81,Pala 1,103.3
47,24,5.0,12.0,0.4905267370254732,0.26573157717756735,18.0,5.0,54,172,Pala 2,88.7
18,35,5.0,12.0,0.6815575346293953,0.8184985592170105,18.0,5.0,155,161,Pala 1,79.3
5,30,5.0,12.0,0.08564466587406072,0.8107417039291889,18.0,5.0,122,111,Pala 1,36.5
19,30,5.0,12.0,0.1786317131268853,0.49533534693944214,18.0,5.0,166,136,Pala 1,68.7
26,1,5.0,12.0,0.4043762007162456,0.5808322592519212,18.0,5.0,147,38,Pala 2,32.1
42,18,5.0,12.0,0.49483906781987486,0.8269221529683999,18.0,5.0,31,141,Pala 2,76.5
36,11,5.0,12.0,0.9657337012362295,0.3125936006777432,18.0,5.0,74,149,Pala 2,59.2
47,9,5.0,12.0,0.97065163304779,0.0501787769163633,18.0,5.0,148,96,Pala 2,53.7
6,30,5.0,12.0,0.8511970874787617,0.4825964382791672,18.0,5.0,163,111,Pala 1,45.8
4,44,5.0,12.0,0.31559883528557453,0.9137171438486718,18.0,5.0,36,130,Pala 1,32.5
10,21,5.0,12.0,0.9640282908324397,0.7904682609600729,18.0,5.0,95,149,Pala 1,58.7
14,22,5.0,12.0,0.6893408646762126,0.3666173031084857,18.0,5.0,105,145,Pala 1,59.5
2,22,5.0,12.0,0.3929401278174004,0.06477136048283672,18.0,5.0,81,143,Pala 1,18.5
4,14,5.0,12.0,0.7016749169847664,0.63691950538251,18.0,5.0,123,162,Pala 1,37.1
22,25,5.0,12.0,0.01652272978652658,0.8344907958705201,18.0,5.0,65,140,Pala 1,73.3
36,2,5.0,12.0,0.14615468227421358,0.6649485664546385,18.0,5.0,64,88,Pala 2,30.4
8,22,5.0,12.0,0.8296857115563677,0.4250746647630197,18.0,5.0,95,64,Pala 1,48.2
14,19,5.0,12.0,0.6455736368731712,0.12335361317907134,18.0,5.0,160,34,Pala 1,60.2
2,44,5.0,12.0,0.364194701291884,0.9107742441373549,18.0,5.0,135,79,Pala 1,29.6
28,39,5.0,12.0,0.5006666402227188,0.27595832575338297,18.0,5.0,105,89,Pala 1,90.1
5,38,5.0,12.0,0.905142149645767,0.22428703649295934,18.0,5.0,33,44,Pala 1,36.8
16,7,5.0,12.0,0.6315781094790865,0.8159766656096541,18.0,5.0,84,137,Pala 2,49.5
25,17,5.0,12.0,0.39814928393433024,0.981219938723857,18.0,5.0,49,144,Pala 2,71.9
20,40,5.0,12.0,0.12032665739753501,0.6601602587447604,18.0,5.0,48,132,Pala 1,68.7
7,5,5.0,12.0,0.293746801625561,0.6248104890245506,18.0,5.0,165,50,Pala 2,40.7
20,26,5.0,12.0,0.9783402327965833,0.31943086922106256,18.0,5.0,56,31,Pala 1,79.4
10,35,5.0,12.0,0.4373630628517775,0.020413450685129342,18.0,5.0,165,111,Pala 1,41.1
37,14,5.0,12.0,0.47183946384486086,0.19179786582270963,18.0,5.0,47,39,Pala 2,60.8
7,36,5.0,12.0,0.4985980323970154,0.5844304365565719,18.0,5.0,58,94,Pala 1,39.2
41,4,5.0,12.0,0.8841040229482111,0.15131646181604552,18.0,5.0,75,90,Pala 2,42.4
23,38,5.0,12.0,0.6039282843853099,0.8838358069313271,18.0,5.0,160,147,Pala 1,89.7
34,8,5.0,12.0,0.6936770364519221,0.18814468785288518,18.0,5.0,166,163,Pala 2,53.7
13,6,5.0,12.0,0.389413542549104,0.5221044530119016,18.0,5.0,167,47,Pala 2,41.3
13,40,5.0,12.0,0.02908761858897435,0.5120132457687949,18.0,5.0,113,120,Pala 1,50.3
9,19,5.0,12.0,0.9309729142428443,0.6039456301296505,18.0,5.0,30,141,Pala 1,53.0
11,9,5.0,12.0,0.9491276809164064,0.327434069718039,18.0,5.0,161,46,Pala 1,56.8
37,25,5.0,12.0,0.9491530533480511,0.8735342010653153,18.0,5.0,130,170,Pala 2,94.0
43,3,5.0,12.0,0.9436870866467165,0.4443015359750696,18.0,5.0,125,39,Pala 2,40.8
45,37,5.0,12.0,0.815241941069561,0.700153578736574,18.0,5.0,47,60,Pala 2,120.8
33,23,5.0,12.0,0.6845960501163268,0.6359108609667031,18.0,5.0,107,79,Pala 2,86.9
40,13,5.0,12.0,0.8445099182672856,0.11715608311970327,18.0,5.0,74,152,Pala 2,66.0
9,40,5.0,12.0,0.6005462390010362,0.6226393527026114,18.0,5.0,141,113,Pala 1,48.7
16,0,5.0,12.0,0.13436961389202362,0.550702677981096,18.0,5.0,44,74,Pala 2,25.7
16,16,5.0,12.0,0.39121816504142104,0.8986040632559059,18.0,5.0,33,168,Pala 1,68.0
2,44,5.0,12.0,0.9712949119729375,0.8808766364849033,18.0,5.0,176,165,Pala 1,40.7
30,23,5.0,12.0,0.3511378135956563,0.15095478741164636,18.0,5.0,117,107,Pala 2,86.6
0,26,5.0,12.0,0.8678279137313695,0.08168514558660767,18.0,5.0,123,157,Pala 1,28.1
11,6,5.0,12.0,0.09321147077486958,0.29459221921086876,18.0,5.0,106,42,Pala 2,40.6
38,8,5.0,12.0,0.3341838423754696,0.9866128566843088,18.0,5.0,168,130,Pala 2,50.7
3,42,5.0,12.0,0.3509533247273796,0.021573776406316747,18.0,5.0,57,39,Pala 1,19.9
41,34,5.0,12.0,0.05160254310898016,0.6728922395728768,18.0,5.0,104,123,Pala 2,108.3
12,11,5.0,12.0,0.11909433018675497,0.6085137338409772,18.0,5.0,83,105,Pala 1,46.3
33,20,5.0,12.0,0.19316521112177099,0.6465782804578168,18.0,5.0,94,148,Pala 2,78.2
41,2,5.0,12.0,0.8378155908101129,0.21828588977074148,18.0,5.0,76,65,Pala 2,35.5
20,14,5.0,12.0,0.06340198993980639,0.22671734579984992,18.0,5.0,147,33,Pala 2,57.6
21,20,5.0,12.0,0.2987009013443872,0.4306420821738246,18.0,5.0,33,151,Pala 1,71.9
3,9,5.0,12.0,0.010175002589267512,0.09585780706695635,18.0,5.0,63,178,Pala 1,20.8
17,32,5.0,12.0,0.6956277454030247,0.0746132090189402,18.0,5.0,105,154,Pala 1,62.9
4,45,5.0,12.0,0.6203030900433798,0.0883594534860972,18.0,5.0,90,123,Pala 1,34.9
18,5,5.0,12.0,0.6449822620531418,0.5729791713062578,18.0,5.0,130,67,Pala 2,40.2
1,1,5.0,12.0,0.3743827847146187,0.39774185689789376,18.0,5.0,122,105,Pala 1,25.1
11,28,5.0,12.0,0.20826782126756904,0.2936167806572736,18.0,5.0,131,68,Pala 1,44.5
16,39,5.0,12.0,0.7203202132860334,0.3158193796513056,18.0,5.0,142,118,Pala 1,63.9
9,32,5.0,12.0,0.8111178727406951,0.20728330584907373,18.0,5.0,112,83,Pala 1,49.1
33,3,5.0,12.0,0.13860149809820177,0.4115053353219349,18.0,5.0,177,91,Pala 2,34.3
5,3,5.0,12.0,0.48682942793742134,0.20305806919996738,18.0,5.0,160,48,Pala 2,33.4
7,28,5.0,12.0,0.2487156819788625,0.6980460422993325,18.0,5.0,69,31,Pala 1,37.8
10,36,5.0,12.0,0.16810686120613372,0.12393251265393612,18.0,5.0,98,179,Pala 1,41.2
11,19,5.0,12.0,0.7343253134949991,0.9482420845808465,18.0,5.0,61,123,Pala 1,52.8
8,40,5.0,12.0,0.538096935472837,0.0898189401272822,18.0,5.0,53,86,Pala 1,41.6
1,22,5.0,12.0,0.21618533237866777,0.943460714279876,18.0,5.0,142,129,Pala 1,23.5
7,44,5.0,12.0,0.3100000112115451,0.8332949715204067,18.0,5.0,144,32,Pala 1,41.3
10,17,5.0,12.0,0.9666536713277424,0.6807121206133804,18.0,5.0,64,52,Pala 1,59.9
35,48,5.0,12.0,0.8486795647085567,0.9123016555654836,18.0,5.0,61,33,Pala 1,121.6
9,24,5.0,12.0,0.8799467428731284,0.13921879351737687,18.0,5.0,74,107,Pala 1,49.3
20,0,5.0,12.0,0.460012097080708,0.17631477418691532,18.0,5.0,137,99,Pala 2,25.0
19,14,5.0,12.0,0.623807263920875,0.2521525920588158,18.0,5.0,115,36,Pala 2,66.1
47,33,5.0,12.0,0.3767677402044116,0.2448115267658909,18.0,5.0,63,30,Pala 2,110.6
7,47,5.0,12.0,0.07771197568889054,0.31084827092716016,18.0,5.0,173,117,Pala 1,36.6
35,19,5.0,12.0,0.40106931065678253,0.5756308982730933,18.0,5.0,40,39,Pala 2,73.0
28,36,5.0,12.0,0.5939807532071447,0.028172611305104622,18.0,5.0,176,148,Pala 1,88.2
41,26,5.0,12.0,0.2871442707681314,0.3822725950399758,18.0,5.0,121,163,Pala 2,94.4
11,21,5.0,12.0,0.8479505747274158,0.24638512789259648,18.0,5.0,83,139,Pala 1,54.1
13,4,5.0,12.0,0.15110015917459863,0.606629848052722,18.0,5.0,105,154,Pala 2,37.4
47,33,5.0,12.0,0.3671290894369199,0.9851693310515356,18.0,5.0,129,74,Pala 2,110.8
49,38,5.0,12.0,0.12490390532420292,0.5176546121833726,18.0,5.0,145,169,Pala 2,122.6
20,2,5.0,12.0,0.40483213398522533,0.4256852391184338,18.0,5.0,153,132,Pala 2,33.2
21,16,5.0,12.0,0.03966130497427045,0.36824354514511615,18.0,5.0,112,140,Pala 2,65.9
20,23,5.0,12.0,0.27254939506164544,0.7849492188798577,18.0,5.0,85,99,Pala 1,69.6
43,23,5.0,12.0,0.4007352551136837,0.07198093165072694,18.0,5.0,92,146,Pala 2,83.4
49,2,5.0,12.0,0.47816536327669157,0.9597705144601215,18.0,5.0,161,178,Pala 2,37.9
29,44,5.0,12.0,0.5436963584751419,0.4179178859880456,18.0,5.0,168,139,Pala 1,100.6
38,6,5.0,12.0,0.2749911297899189,0.313700725825113,18.0,5.0,160,148,Pala 2,37.3
19,24,5.0,12.0,0.5230413346148723,0.9740681163997013,18.0,5.0,140,104,Pala 1,75.8
23,2,5.0,12.0,0.5090046215620598,0.9358788632431999,18.0,5.0,175,65,Pala 2,33.4
22,14,5.0,12.0,0.3161780508762084,0.641934139765721,18.0,5.0,99,116,Pala 2,66.3
6,28,5.0,12.0,0.8302003306564782,0.018507374850401326,18.0,5.0,63,130,Pala 1,36.3
8,49,5.0,12.0,0.5456411265935651,0.7485349762065718,18.0,5.0,148,52,Pala 1,48.6
0,28,5.0,12.0,0.332269718746545,0.3355574000420013,18.0,5.0,105,177,Pala 1,21.2
25,9,5.0,12.0,0.9473385120807765,0.3882802308542611,18.0,5.0,71,44,Pala 2,55.1
37,31,5.0,12.0,0.845112413071161,0.1587421289773886,18.0,5.0,52,71,Pala 2,107.5
37,22,5.0,12.0,0.9825878115518009,0.5234580838648993,18.0,5.0,69,161,Pala 2,87.8
43,38,5.0,12.0,0.6922338746454207,0.7445525962037662,18.0,5.0,44,58,Pala 2,125.0
21,8,5.0,12.0,0.37822290550604687,0.27301111809306844,18.0,5.0,144,78,Pala 2,46.4
43,36,5.0,12.0,0.2808606666790123,0.9387329080433752,18.0,5.0,86,100,Pala 2,121.1
9,39,5.0,12.0,0.663317843674481,0.19473685600295432,18.0,5.0,140,104,Pala 1,45.9
5,13,5.0,12.0,0.9808165824953037,0.06626234059443337,18.0,5.0,171,83,Pala 1,40.6
16,3,5.0,12.0,0.6267150801038488,0.644363873349901,18.0,5.0,169,125,Pala 2,37.0
49,19,5.0,12.0,0.8816149409898382,0.8493187318800468,18.0,5.0,136,133,Pala 2,80.2
37,27,5.0,12.0,0.3291034310477686,0.9531328593075122,18.0,5.0,146,66,Pala 2,99.2
23,13,5.0,12.0,0.4069537824742556,0.7671710105165188,18.0,5.0,64,164,Pala 2,64.3
9,43,5.0,12.0,0.9062752395893533,0.1996500115060723,18.0,5.0,107,53,Pala 1,49.6
7,33,5.0,12.0,0.7568667019578188,0.9776611848037303,18.0,5.0,31,84,Pala 1,44.6
20,12,5.0,12.0,0.9814103203679058,0.9194358760288427,18.0,5.0,47,168,Pala 2,65.4
5,30,5.0,12.0,0.7747642097322419,0.16316742276244744,18.0,5.0,64,137,Pala 1,33.8
20,32,5.0,12.0,0.44851570721823175,0.5587858269153244,18.0,5.0,38,119,Pala 1,74.8
38,38,5.0,12.0,0.5310680198223631,0.5555174259309789,18.0,5.0,168,35,Pala 1,120.4
23,27,5.0,12.0,0.9005154924631367,0.44253477812947084,18.0,5.0,96,60,Pala 1,85.8
32,24,5.0,12.0,0.5516467360980479,0.9842813302596888,18.0,5.0,98,136,Pala 2,91.7
17,31,5.0,12.0,0.2553973741644452,0.059622237180221194,18.0,5.0,134,41,Pala 1,59.0
27,8,5.0,12.0,0.43561981276994943,0.6272089084435847,18.0,5.0,67,99,Pala 2,47.8
31,27,5.0,12.0,0.5163159888491179,0.20530362267881008,18.0,5.0,99,59,Pala 2,94.0
11,30,5.0,12.0,0.09671983355112956,0.5273312047309596,18.0,5.0,110,148,Pala 1,46.4
47,16,5.0,12.0,0.7437626742528902,0.7797407717875188,18.0,5.0,95,155,Pala 2,68.4
41,22,5.0,12.0,0.10935393335497301,0.24672680316854634,18.0,5.0,70,84,Pala 2,80.8
26,12,5.0,12.0,0.40491771336880567,0.3933595464831485,18.0,5.0,53,68,Pala 2,58.9
9,9,5.0,12.0,0.8046224415404045,0.9507680742803991,18.0,5.0,34,111,Pala 2,50.0
45,15,5.0,12.0,0.4675703616132969,0.7614807377203096,18.0,5.0,50,35,Pala 2,64.9
41,5,5.0,12.0,0.842015519718508,0.5727231845118356,18.0,5.0,35,37,Pala 2,41.4
31,47,5.0,12.0,0.341881322056115,0.22199738780671674,18.0,5.0,161,84,Pala 1,95.5
41,10,5.0,12.0,0.9576362939984354,0.4253054374775831,18.0,5.0,38,134,Pala 2,54.5
25,2,5.0,12.0,0.20946843180523556,0.7740613190499227,18.0,5.0,98,45,Pala 2,37.9
24,27,5.0,12.0,0.03826414498930131,0.8205430781099762,18.0,5.0,97,149,Pala 1,78.3
10,40,5.0,12.0,0.8724265429904186,0.24460619814239892,18.0,5.0,155,159,Pala 1,50.7
22,14,5.0,12.0,0.7522027159504082,0.6620602104170192,18.0,5.0,166,93,Pala 2,61.6
33,12,5.0,12.0,0.2319838370673728,0.09500299212339991,18.0,5.0,175,40,Pala 2,57.0
39,41,5.0,12.0,0.9847416071366739,0.02321230745046443,18.0,5.0,88,117,Pala 1,123.3
22,44,5.0,12.0,0.5022801292685278,0.5486739234330212,18.0,5.0,109,33,Pala 1,81.7
28,16,5.0,12.0,0.9510654401441635,0.22437985428042873,18.0,5.0,58,160,Pala 2,71.5
30,6,5.0,12.0,0.5050287713869993,0.07891203124213286,18.0,5.0,80,44,Pala 2,39.7
6,27,5.0,12.0,0.471874586771291,0.72982831289523,18.0,5.0,65,133,Pala 1,41.5
39,37,5.0,12.0,0.44913853714446506,0.49797458836464503,18.0,5.0,105,97,Pala 1,122.4
32,12,5.0,12.0,0.3348752761329502,0.7962770109584505,18.0,5.0,134,110,Pala 2,57.0
20,16,5.0,12.0,0.5337014971765517,0.6639442396805569,18.0,5.0,74,38,Pala 2,65.9
1,14,5.0,12.0,0.45255466194856786,0.72980493991549,18.0,5.0,130,54,Pala 1,26.8
17,35,5.0,12.0,0.03674687662355414,0.3073605812958998,18.0,5.0,133,94,Pala 1,57.3
46,27,5.0,12.0,0.2604352334235025,0.2632758256832364,18.0,5.0,35,133,Pala 2,95.2
32,14,5.0,12.0,0.2131228001055584,0.6008748920952612,18.0,5.0,65,95,Pala 2,63.8
36,45,5.0,12.0,0.8674356023210665,0.20008214039808436,18.0,5.0,173,62,Pala 1,119.2
33,10,5.0,12.0,0.5988699772268414,0.8154121156320211,18.0,5.0,51,51,Pala 2,50.4
19,30,5.0,12.0,0.7636831004497274,0.5229201689742385,18.0,5.0,98,71,Pala 1,72.3
34,3,5.0,12.0,0.9568260377492805,0.226989932347761,18.0,5.0,98,40,Pala 2,36.8
49,34,5.0,12.0,0.64403927252641,0.6251682323299085,18.0,5.0,92,71,Pala 2,113.6
17,33,5.0,12.0,0.9826099914047444,0.9450357350836177,18.0,5.0,104,107,Pala 1,74.4
45,26,5.0,12.0,0.3117640516521296,0.0820947265907741,18.0,5.0,136,133,Pala 2,92.9
23,9,5.0,12.0,0.18626718231289385,0.10934520731350295,18.0,5.0,48,51,Pala 2,50.2
7,29,5.0,12.0,0.40330988799291145,0.8438391468633399,18.0,5.0,131,166,Pala 1,42.2
29,44,5.0,12.0,0.470799414935808,0.10959377456687358,18.0,5.0,155,86,Pala 1,90.5
43,19,5.0,12.0,0.8953615428525851,0.0393753693529878,18.0,5.0,156,112,Pala 2,74.2
9,28,5.0,12.0,0.5599404390366763,0.3479305810464729,18.0,5.0,175,60,Pala 1,44.2
22,28,5.0,12.0,0.292180999418017,0.4667058849215976,18.0,5.0,143,47,Pala 1,75.6
48,22,5.0,12.0,0.7426342828675209,0.5694444366906898,18.0,5.0,102,169,Pala 2,84.2
10,49,5.0,12.0,0.5058319371390709,0.5073002325642498,18.0,5.0,143,151,Pala 1,50.2
1,20,5.0,12.0,0.16213194527517016,0.9131845626581134,18.0,5.0,174,130,Pala 1,26.8
25,47,5.0,12.0,0.5768197875912522,0.7686681003916374,18.0,5.0,70,158,Pala 1,87.4
35,42,5.0,12.0,0.9113945368072839,0.9838102558617108,18.0,5.0,111,127,Pala 1,123.0
32,9,5.0,12.0,0.8426226174758201,0.4764554232253223,18.0,5.0,106,164,Pala 2,53.7
46,40,5.0,12.0,0.5868099726353311,0.08432960983917892,18.0,5.0,57,159,Pala 2,129.7
12,11,5.0,12.0,0.37708317388498813,0.9555306429428746,18.0,5.0,139,150,Pala 1,56.4
39,29,5.0,12.0,0.08697875106421116,0.004113161589097358,18.0,5.0,50,115,Pala 2,99.0
24,32,5.0,12.0,0.4696489233316238,0.7760960138390484,18.0,5.0,159,33,Pala 1,86.1
3,17,5.0,12.0,0.7520794375295792,0.03128203077167946,18.0,5.0,35,38,Pala 1,27.1
41,13,5.0,12.0,0.3602737197330106,0.7612141906516384,18.0,5.0,81,45,Pala 2,59.3
18,21,5.0,12.0,0.2354468255516644,0.9379389398480542,18.0,5.0,34,80,Pala 1,68.9
17,20,5.0,12.0,0.9313797192709534,0.38926029733104683,18.0,5.0,72,81,Pala 1,70.4
36,0,5.0,12.0,0.8215557004579924,0.24096485121971767,18.0,5.0,125,166,Pala 2,32.3
29,48,5.0,12.0,0.6382756194201447,0.22627915251183084,18.0,5.0,130,112,Pala 1,94.9
18,42,5.0,12.0,0.13678334392051938,0.49171764415020336,18.0,5.0,143,163,Pala 1,62.6
22,14,5.0,12.0,0.14490884040617302,0.17088703575679154,18.0,5.0,69,73,Pala 2,62.3
15,35,5.0,12.0,0.10321959145577897,0.6729236306597121,18.0,5.0,168,146,Pala 1,55.6
0,46,5.0,12.0,0.6162966668927432,0.3683523574883749,18.0,5.0,171,163,Pala 1,22.3
11,21,5.0,12.0,0.115562796473336,0.32310949240325904,18.0,5.0,31,34,Pala 1,43.8
23,31,5.0,12.0,0.842627198862633,0.46128557625645705,18.0,5.0,92,56,Pala 1,84.3
33,45,5.0,12.0,0.9929650018193221,0.5425875024397518,18.0,5.0,148,143,Pala 1,112.3
7,32,5.0,12.0,0.36634818470866526,0.1419302622587958,18.0,5.0,175,74,Pala 1,38.4
17,40,5.0,12.0,0.45366984696709745,0.7077633637968433,18.0,5.0,123,119,Pala 1,68.6
47,38,5.0,12.0,0.7116671769856787,0.8829470999053262,18.0,5.0,108,57,Pala 2,124.2
4,22,5.0,12.0,0.9371530063257658,0.27798691620118177,18.0,5.0,158,61,Pala 1,38.3
25,42,5.0,12.0,0.8940937735563851,0.1803909018294848,18.0,5.0,174,82,Pala 1,90.7
29,1,5.0,12.0,0.057591828749848584,0.7605054237190636,18.0,5.0,83,100,Pala 2,32.9
12,1,5.0,12.0,0.16907180255676502,0.18354172376564948,18.0,5.0,151,59,Pala 2,27.1
18,37,5.0,12.0,0.7545971985577923,0.04125516036295662,18.0,5.0,153,82,Pala 1,67.2
28,28,5.0,12.0,0.6888931080324473,0.6192432203827789,18.0,5.0,95,169,Pala 1,100.0
2,45,5.0,12.0,0.13321859404012326,0.23975141630535024,18.0,5.0,172,38,Pala 1,23.2
25,2,5.0,12.0,0.5020645820015677,0.1718104089285597,18.0,5.0,51,96,Pala 2,32.0
39,38,5.0,12.0,0.7808146310852956,0.9816027417145062,18.0,5.0,49,143,Pala 1,127.5
11,6,5.0,12.0,0.21878068226269365,0.29186498339972766,18.0,5.0,122,112,Pala 2,40.5
1,35,5.0,12.0,0.8712876357346663,0.9034432902155357,18.0,5.0,72,178,Pala 1,32.1
10,28,5.0,12.0,0.05297177482036797,0.1782187658886043,18.0,5.0,50,130,Pala 1,42.3
43,36,5.0,12.0,0.7821950850680739,0.8189771320624352,18.0,5.0,77,39,Pala 2,118.6
27,48,5.0,12.0,0.6158188997898703,0.502018873048482,18.0,5.0,95,109,Pala 1,91.5
17,35,5.0,12.0,0.3151993466543491,0.07859476911599528,18.0,5.0,144,53,Pala 1,60.9
12,22,5.0,12.0,0.7209325483419113,0.7336052936435724,18.0,5.0,45,54,Pala 1,55.3
36,44,5.0,12.0,0.7823657951511597,0.89207337173478,18.0,5.0,50,119,Pala 1,122.2
21,15,5.0,12.0,0.9338989713039693,0.16301699033552153,18.0,5.0,130,158,Pala 2,69.2
11,47,5.0,12.0,0.3677746721542636,0.7255902423361753,18.0,5.0,37,82,Pala 1,48.9
1,30,5.0,12.0,0.6860167359799549,0.4450525190731238,18.0,5.0,139,136,Pala 1,31.0
36,33,5.0,12.0,0.6026162769346909,0.7538704532567183,18.0,5.0,115,53,Pala 2,110.3
6,49,5.0,12.0,0.5252060694570885,0.7139279481853057,18.0,5.0,87,56,Pala 1,44.0
25,0,5.0,12.0,0.8904164741550379,0.026600230463005414,18.0,5.0,34,136,Pala 2,26.9
25,17,5.0,12.0,0.0031673141384003234,0.17872103596715516,18.0,5.0,140,117,Pala 2,66.3
23,39,5.0,12.0,0.28211160610359765,0.4710272429322744,18.0,5.0,138,153,Pala 1,78.9
11,42,5.0,12.0,0.5382772395448301,0.9335941719120803,18.0,5.0,59,68,Pala 1,53.9
15,14,5.0,12.0,0.17829326163655235,0.3420734567548015,18.0,5.0,124,106,Pala 1,57.4
22,47,5.0,12.0,0.9078665337327583,0.6288734702801819,18.0,5.0,38,113,Pala 1,85.2
39,48,5.0,12.0,0.6475951176130154,0.012083745514428812,18.0,5.0,124,131,Pala 1,116.5
8,16,5.0,12.0,0.4778829946319899,0.7111269215469441,18.0,5.0,124,105,Pala 1,42.0
31,43,5.0,12.0,0.8147017590666545,0.6030682627528046,18.0,5.0,70,34,Pala 1,109.6
14,9,5.0,12.0,0.4508861914651038,0.7153947466157659,18.0,5.0,80,110,Pala 2,51.4
36,19,5.0,12.0,0.5586530119300095,0.9046606130249449,18.0,5.0,90,167,Pala 2,76.7
12,5,5.0,12.0,0.0027509955539209985,0.14649893311781004,18.0,5.0,35,45,Pala 2,37.9
4,7,5.0,12.0,0.36570053019507354,0.2615895960080671,18.0,5.0,148,171,Pala 1,29.3
10,44,5.0,12.0,0.13879047235096975,0.995780892168142,18.0,5.0,55,58,Pala 1,46.8
9,33,5.0,12.0,0.689688680662291,0.15628395850962695,18.0,5.0,35,147,Pala 1,44.0
12,31,5.0,12.0,0.4790269589757338,0.7206270065260263,18.0,5.0,82,146,Pala 1,52.4
40,41,5.0,12.0,0.3017575572502308,0.7250759105109018,18.0,5.0,90,174,Pala 1,120.9
45,3,5.0,12.0,0.4678323393717424,0.6829937462355694,18.0,5.0,123,65,Pala 2,34.6
49,43,5.0,12.0,0.20962988795134618,0.22744058931457767,18.0,5.0,69,133,Pala 2,135.2
14,49,5.0,12.0,0.9250866324861405,0.21513406321387074,18.0,5.0,53,74,Pala 1,57.8
41,38,5.0,12.0,0.053972632550913,0.666341068034788,18.0,5.0,121,132,Pala 2,121.6
6,19,5.0,12.0,0.8654170352961204,0.18625018445921604,18.0,5.0,74,38,Pala 1,40.7
39,23,5.0,12.0,0.5113587887333509,0.6615633317405374,18.0,5.0,67,34,Pala 2,89.1
27,23,5.0,12.0,0.6189464961388172,0.49252828202531806,18.0,5.0,137,108,Pala 2,86.7
31,25,5.0,12.0,0.3026056209087038,0.3866288676493841,18.0,5.0,165,102,Pala 2,93.4
34,24,5.0,12.0,0.9666976167943213,0.30023234937794574,18.0,5.0,93,118,Pala 2,93.5
14,35,5.0,12.0,0.2818509585194898,0.9475769333231167,18.0,5.0,116,57,Pala 1,60.6
47,6,5.0,12.0,0.5888779971403043,0.5080936577427876,18.0,5.0,136,56,Pala 2,42.8
35,9,5.0,12.0,0.9934167051071289,0.561251962510962,18.0,5.0,80,139,Pala 2,54.4
20,46,5.0,12.0,0.8810943963834458,0.9492560846867855,18.0,5.0,35,144,Pala 1,81.3
5,11,5.0,12.0,0.5363298252861061,0.6538773180971337,18.0,5.0,114,151,Pala 1,36.4
0,0,5.0,12.0,0.9903745229672121,0.9578529277568275,18.0,5.0,65,126,Pala 2,31.5
3,49,5.0,12.0,0.7013698617326146,0.10636674052269846,18.0,5.0,118,165,Pala 1,29.3
10,24,5.0,12.0,0.20870041614180934,0.8466396317724039,18.0,5.0,128,161,Pala 1,46.6
43,15,5.0,12.0,0.4055962104358064,0.33541462802309086,18.0,5.0,176,141,Pala 2,65.6
25,4,5.0,12.0,0.334493334011551,0.8104875250703412,18.0,5.0,66,136,Pala 2,38.9
36,18,5.0,12.0,0.34401370827118916,0.8556366241949785,18.0,5.0,46,165,Pala 2,75.7
22,3,5.0,12.0,0.7604564393598663,0.2714878861425558,18.0,5.0,45,171,Pala 2,39.4
28,5,5.0,12.0,0.5842629272727936,0.4088306165154789,18.0,5.0,78,74,Pala 2,39.8
20,25,5.0,12.0,0.03809271158952854,0.726014354314904,18.0,5.0,123,139,Pala 1,70.9
47,48,5.0,12.0,0.877448483650976,0.09905563089697067,18.0,5.0,80,75,Pala 1,141.7
44,38,5.0,12.0,0.29679614048016456,0.75553353433934,18.0,5.0,34,122,Pala 2,120.7
44,38,5.0,12.0,0.9970748769131437,0.11047292605474401,18.0,5.0,126,45,Pala 2,118.8
48,8,5.0,12.0,0.9541907303347857,0.9144557322680581,18.0,5.0,102,167,Pala 2,55.6
26,44,5.0,12.0,0.9405307166819652,0.2763392932963534,18.0,5.0,174,97,Pala 1,94.6
38,13,5.0,12.0,0.8111276040639737,0.5755993468673558,18.0,5.0,169,79,Pala 2,61.6
39,47,5.0,12.0,0.22061333168354258,0.11715350007627279,18.0,5.0,85,97,Pala 1,112.4
12,8,5.0,12.0,0.532632744028782,0.2694931546624787,18.0,5.0,151,31,Pala 2,49.9
22,14,5.0,12.0,0.2243026268249746,0.4039550434871054,18.0,5.0,155,104,Pala 2,60.8
15,36,5.0,12.0,0.2596754555889492,0.48704887668301433,18.0,5.0,108,104,Pala 1,55.9
29,49,5.0,12.0,0.6109517694362774,6.749764657443258e-05,18.0,5.0,45,158,Pala 1,94.5
3,19,5.0,12.0,0.04083354535306338,0.8886557623804684,18.0,5.0,155,126,Pala 1,29.0
39,7,5.0,12.0,0.9694585668207076,0.007674809558877116,18.0,5.0,116,138,Pala 2,45.4
15,31,5.0,12.0,0.9186731725779644,0.773684562994425,18.0,5.0,51,146,Pala 1,67.7
30,46,5.0,12.0,0.38076757215771984,0.47057891235637095,18.0,5.0,139,46,Pala 1,99.5
41,20,5.0,12.0,0.5154224480069131,0.5238800249013764,18.0,5.0,124,100,Pala 2,77.1
24,40,5.0,12.0,0.466119419267759,0.20826547933454087,18.0,5.0,72,172,Pala 1,81.9
43,18,5.0,12.0,0.8821997786174698,0.6073683503457041,18.0,5.0,108,80,Pala 2,74.1
11,28,5.0,12.0,0.688601876316111,0.5372319091694522,18.0,5.0,50,38,Pala 1,54.2
25,30,5.0,12.0,0.27811124742435644,0.16423640662029537,18.0,5.0,152,93,Pala 1,79.1
36,5,5.0,12.0,0.4468412544652969,0.23811900134921915,18.0,5.0,37,114,Pala 2,40.0
47,3,5.0,12.0,0.42896597568676376,0.06690362901245717,18.0,5.0,78,122,Pala 2,34.4
32,42,5.0,12.0,0.9593351682839186,0.06628357208945268,18.0,5.0,154,71,Pala 1,102.7
27,28,5.0,12.0,0.17531091051463965,0.013775785952426567,18.0,5.0,135,146,Pala 1,83.9
8,41,5.0,12.0,0.08957633729442904,0.22047432548308377,18.0,5.0,163,99,Pala 1,35.2
11,2,5.0,12.0,0.8806188321616902,0.6796612273970557,18.0,5.0,110,118,Pala 2,32.6
4,0,5.0,12.0,0.8966859895058709,0.3162153881423563,18.0,5.0,133,64,Pala 2,29.2
27,43,5.0,12.0,0.8717390879121647,0.34273426986737665,18.0,5.0,138,46,Pala 1,91.4
34,14,5.0,12.0,0.5109769156255564,0.1319053932554447,18.0,5.0,154,73,Pala 2,59.1
4,46,5.0,12.0,0.6597444282694604,0.57547066765642,18.0,5.0,121,133,Pala 1,31.3
33,20,5.0,12.0,0.5633630475609839,0.34214364154673726,18.0,5.0,150,118,Pala 2,79.6
45,45,5.0,12.0,0.06944782605440092,0.6763168034302147,18.0,5.0,140,136,Pala 1,130.4
33,30,5.0,12.0,0.5958348969007224,0.7414594688425534,18.0,5.0,52,147,Pala 2,105.8
12,6,5.0,12.0,0.013614147256100884,0.5846928752483821,18.0,5.0,139,73,Pala 2,45.2
38,16,5.0,12.0,0.32498740955708616,0.2760695368120363,18.0,5.0,104,78,Pala 2,69.4
41,18,5.0,12.0,0.932292575873167,0.5086077993372543,18.0,5.0,91,89,Pala 2,70.9
44,38,5.0,12.0,0.3040452696358076,0.25193080468230333,18.0,5.0,125,31,Pala 2,122.3
47,2,5.0,12.0,0.9398266426442479,0.9029128353539181,18.0,5.0,86,94,Pala 2,39.8
13,29,5.0,12.0,0.25013395714924425,0.7663857500825573,18.0,5.0,131,143,Pala 1,58.0
10,34,5.0,12.0,0.31456224046153247,0.49300590600556626,18.0,5.0,99,32,Pala 1,44.6
41,28,5.0,12.0,0.6284074964385535,0.9654571431781466,18.0,5.0,94,122,Pala 2,101.2
37,49,5.0,12.0,0.7616269727892948,0.5467554467301879,18.0,5.0,66,171,Pala 1,118.0
3,13,5.0,12.0,0.501387768004884,0.3285354769569482,18.0,5.0,97,44,Pala 1,28.7
32,34,5.0,12.0,0.8821156871941555,0.09546730079404708,18.0,5.0,104,66,Pala 1,105.6
6,27,5.0,12.0,0.04024042161061925,0.5437456448134136,18.0,5.0,46,167,Pala 1,28.5
40,29,5.0,12.0,0.9221948386343706,0.8604166115813455,18.0,5.0,164,38,Pala 2,104.0
7,25,5.0,12.0,0.19630779989540803,0.8667187281564487,18.0,5.0,81,79,Pala 1,39.6
36,6,5.0,12.0,0.8842387450846559,0.6045670666827484,18.0,5.0,159,75,Pala 2,43.8
9,38,5.0,12.0,0.4008631794863805,0.3934383632342128,18.0,5.0,66,135,Pala 1,43.2
42,30,5.0,12.0,0.8327570558710377,0.6502963080906798,18.0,5.0,86,110,Pala 2,105.2
14,4,5.0,12.0,0.6716655498036951,0.7621403545590395,18.0,5.0,130,76,Pala 2,41.0
37,34,5.0,12.0,0.1759416324782621,0.4116247843941262,18.0,5.0,39,47,Pala 1,110.1
14,49,5.0,12.0,0.9180475698814484,0.47625416921492536,18.0,5.0,110,142,Pala 1,63.2
4,46,5.0,12.0,0.24551739048845966,0.680616307377943,18.0,5.0,119,80,Pala 1,29.8
28,13,5.0,12.0,0.24414011869499908,0.8766526061027464,18.0,5.0,162,138,Pala 2,58.5
18,35,5.0,12.0,0.8141788966373805,0.7910103781422749,18.0,5.0,162,118,Pala 1,78.0
9,26,5.0,12.0,0.10587325557252103,0.022391369320348686,18.0,5.0,149,45,Pala 1,35.3
11,23,5.0,12.0,0.22203590637046033,0.12437234378458784,18.0,5.0,131,117,Pala 1,44.8
3,39,5.0,12.0,0.5036775734210623,0.8527781802855218,18.0,5.0,56,41,Pala 1,32.4
30,28,5.0,12.0,0.8304770286866243,0.8338228280450336,18.0,5.0,34,128,Pala 2,104.2
17,44,5.0,12.0,0.1474839747372675,0.3888067831487092,18.0,5.0,90,88,Pala 1,59.5
15,21,5.0,12.0,0.5476682345123464,0.5842779223576656,18.0,5.0,165,102,Pala 1,62.0
39,7,5.0,12.0,0.7112405918029395,0.9058449824286463,18.0,5.0,126,141,Pala 2,46.9
35,14,5.0,12.0,0.8605952247159513,0.9115586810070964,18.0,5.0,178,61,Pala 2,67.3
24,48,5.0,12.0,0.9355655602022196,0.7830928457608908,18.0,5.0,50,51,Pala 1,86.7
22,4,5.0,12.0,0.7846399144689324,0.20958893835967896,18.0,5.0,80,127,Pala 2,43.6
11,3,5.0,12.0,0.6528283982220019,0.7302828073539449,18.0,5.0,108,112,Pala 2,33.6
33,10,5.0,12.0,0.43362008531276586,0.10109843234705662,18.0,5.0,88,41,Pala 2,53.7
35,17,5.0,12.0,0.11211015418841963,0.8939384594545691,18.0,5.0,31,34,Pala 2,71.7
36,41,5.0,12.0,0.7097371925255213,0.14914880357871452,18.0,5.0,87,55,Pala 1,113.3
2,48,5.0,12.0,0.9927373044754869,0.6623486401114509,18.0,5.0,49,145,Pala 1,34.5
8,29,5.0,12.0,0.7367605947320999,0.6102432742523487,18.0,5.0,162,120,Pala 1,48.0
17,14,5.0,12.0,0.01671109373772628,0.7768996558795831,18.0,5.0,118,49,Pala 2,60.7
42,5,5.0,12.0,0.49625997804183875,0.5515775023584555,18.0,5.0,167,165,Pala 2,43.4
34,15,5.0,12.0,0.6146466324829039,0.05956657537573218,18.0,5.0,134,109,Pala 2,63.4
33,46,5.0,12.0,0.689674201102843,0.7058462540441491,18.0,5.0,141,87,Pala 1,113.3
40,39,5.0,12.0,0.7197258356007086,0.38315455883526794,18.0,5.0,158,34,Pala 2,123.1
13,8,5.0,12.0,0.558108441216524,0.32028500121910985,18.0,5.0,127,52,Pala 2,47.9
3,42,5.0,12.0,0.22336033273424027,0.9916735495337348,18.0,5.0,43,178,Pala 1,33.3
28,33,5.0,12.0,0.9422006614765467,0.5903997659597278,18.0,5.0,50,169,Pala 1,99.2
40,26,5.0,12.0,0.6966664676636619,0.7107190732694113,18.0,5.0,45,33,Pala 2,96.1
44,12,5.0,12.0,0.23684003686940946,0.5263261369356483,18.0,5.0,93,66,Pala 2,59.2
49,35,5.0,12.0,0.3223218322702729,0.7699726459516527,18.0,5.0,113,104,Pala 2,112.8
14,26,5.0,12.0,0.9219276706303697,0.7520727354999752,18.0,5.0,102,133,Pala 1,68.6
27,8,5.0,12.0,0.8874851867073358,0.6571461156801605,18.0,5.0,89,146,Pala 2,52.8
41,4,5.0,12.0,0.4051464383580896,0.9977430614437768,18.0,5.0,127,166,Pala 2,40.0
15,21,5.0,12.0,0.03830722199145098,0.4597935340831377,18.0,5.0,176,55,Pala 1,55.4
11,30,5.0,12.0,0.048497368893938186,0.706192348298155,18.0,5.0,76,56,Pala 1,45.7
4,2,5.0,12.0,0.28391829091838905,0.7977779628049182,18.0,5.0,76,118,Pala 1,32.6
33,29,5.0,12.0,0.6291222193389995,0.3760347095945443,18.0,5.0,62,111,Pala 2,101.4
41,20,5.0,12.0,0.5841946353345618,0.4571750275536186,18.0,5.0,50,159,Pala 2,80.4
0,34,5.0,12.0,0.6338277869439427,0.9691672663905854,18.0,5.0,124,156,Pala 1,29.1
38,5,5.0,12.0,0.7172829719321067,0.03229101712660809,18.0,5.0,92,132,Pala 2,42.5
31,27,5.0,12.0,0.019032253592738413,0.3352956539609143,18.0,5.0,71,122,Pala 1,91.6
25,31,5.0,12.0,0.10508559517244287,0.48621296233866995,18.0,5.0,134,75,Pala 1,82.2
16,41,5.0,12.0,0.35948345182721264,0.0014649930691902346,18.0,5.0,155,99,Pala 1,62.4
47,36,5.0,12.0,0.15485999752158175,0.8991271010066118,18.0,5.0,144,174,Pala 2,121.8
26,24,5.0,12.0,0.07532004254455416,0.2862444002121587,18.0,5.0,72,117,Pala 1,79.8
23,31,5.0,12.0,0.6409643959973319,0.2577048321094443,18.0,5.0,97,133,Pala 1,83.7
34,34,5.0,12.0,0.815336477491099,0.8203261953537418,18.0,5.0,55,93,Pala 2,114.8
45,21,5.0,12.0,0.7526266574342825,0.27798322850247537,18.0,5.0,137,81,Pala 2,78.5
41,23,5.0,12.0,0.8170397786091792,0.6576225939020224,18.0,5.0,62,155,Pala 2,88.0
38,38,5.0,12.0,0.6658565440578772,0.8215031439019592,18.0,5.0,78,123,Pala 1,121.8
25,29,5.0,12.0,0.7353453218142022,0.7924768477103724,18.0,5.0,113,157,Pala 1,91.2
48,49,5.0,12.0,0.2717787742083013,0.7819507374259289,18.0,5.0,70,53,Pala 1,139.5
37,31,5.0,12.0,0.9930080362841643,0.08863756986523486,18.0,5.0,65,154,Pala 2,106.4
22,30,5.0,12.0,0.1831656544938871,0.0798469675723642,18.0,5.0,124,130,Pala 1,67.9
21,22,5.0,12.0,0.2144938743893825,0.3067700357373875,18.0,5.0,148,80,Pala 1,71.9
3,39,5.0,12.0,0.28892183181584685,0.03594788119601777,18.0,5.0,179,31,Pala 1,22.3
48,32,5.0,12.0,0.9753324301065789,0.5004297365192644,18.0,5.0,112,178,Pala 2,113.2
8,24,5.0,12.0,0.9882885893539061,0.3947820662702183,18.0,5.0,49,134,Pala 1,47.3
3,35,5.0,12.0,0.7948937497064975,0.5570259125431491,18.0,5.0,116,98,Pala 1,39.5
6,23,5.0,12.0,0.6290575985596337,0.29878853866969046,18.0,5.0,155,64,Pala 1,40.7
22,30,5.0,12.0,0.5200625751846134,0.48575400299042704,18.0,5.0,129,112,Pala 1,78.1
1,38,5.0,12.0,0.9706208456868457,0.33474476585905377,18.0,5.0,102,109,Pala 1,30.1
48,45,5.0,12.0,0.6956228028582475,0.1952080922233086,18.0,5.0,45,60,Pala 2,141.6
23,12,5.0,12.0,0.9447301283260302,0.6493666811378149,18.0,5.0,56,78,Pala 2,61.7
39,9,5.0,12.0,0.3165507994776239,0.6734359014991852,18.0,5.0,74,173,Pala 2,51.5
30,22,5.0,12.0,0.33377479226956563,0.8292316927497501,18.0,5.0,42,87,Pala 2,80.1
46,17,5.0,12.0,0.8547245941184356,0.8747517831537248,18.0,5.0,31,79,Pala 2,72.3
30,31,5.0,12.0,0.14985492058529437,0.7044619043679154,18.0,5.0,105,107,Pala 1,97.3
46,32,5.0,12.0,0.9459278612960758,0.687498086697512,18.0,5.0,134,93,Pala 2,111.6
39,35,5.0,12.0,0.5074743546634075,0.0566756653364725,18.0,5.0,126,81,Pala 2,117.7
47,27,5.0,12.0,0.9264138785836977,0.10977924145817153,18.0,5.0,116,69,Pala 2,97.1
42,15,5.0,12.0,0.3367927887258131,0.8125627103908734,18.0,5.0,88,134,Pala 2,67.4
33,15,5.0,12.0,0.715958904139397,0.23295126162363156,18.0,5.0,43,83,Pala 2,65.8
23,17,5.0,12.0,0.48287512197268967,0.355565060217083,18.0,5.0,132,143,Pala 2,75.2
48,7,5.0,12.0,0.626803630245473,0.14529735367587682,18.0,5.0,59,126,Pala 2,45.9
25,41,5.0,12.0,0.5043724931391522,0.195151968574919,18.0,5.0,139,174,Pala 1,80.9
15,15,5.0,12.0,0.9671156173713614,0.7754172353702062,18.0,5.0,127,161,Pala 1,67.7
46,10,5.0,12.0,0.6921053978139172,0.26185961951553827,18.0,5.0,38,85,Pala 2,52.7
12,5,5.0,12.0,0.2513189686263154,0.44903496626419015,18.0,5.0,53,59,Pala 2,38.1
14,0,5.0,12.0,0.9096769219050845,0.15167137305923928,18.0,5.0,141,137,Pala 2,29.4
26,11,5.0,12.0,0.29402973815510436,0.6779299063160986,18.0,5.0,70,155,Pala 2,58.8
3,37,5.0,12.0,0.3716050993008563,0.7282697341334762,18.0,5.0,61,133,Pala 1,33.5
15,27,5.0,12.0,0.10212369802021337,0.3616923178987138,18.0,5.0,50,156,Pala 1,49.2
29,44,5.0,12.0,0.8999665197961908,0.7847466461227506,18.0,5.0,99,116,Pala 1,101.0
43,16,5.0,12.0,0.286112023227863,0.23990665192212646,18.0,5.0,140,62,Pala 2,71.6
29,0,5.0,12.0,0.25891761793138235,0.6919038621001561,18.0,5.0,118,107,Pala 2,30.7
35,31,5.0,12.0,0.9202625979949539,0.729964581420454,18.0,5.0,31,65,Pala 2,106.1
2,7,5.0,12.0,0.8055268624050334,0.9686573777887763,18.0,5.0,85,47,Pala 1,35.1
21,39,5.0,12.0,0.1410789215193744,0.23232166518671626,18.0,5.0,44,148,Pala 1,63.9
48,42,5.0,12.0,0.7693245039036807,0.09371048004275273,18.0,5.0,47,80,Pala 2,134.6
21,45,5.0,12.0,0.9130330980537907,0.2630354222897866,18.0,5.0,61,39,Pala 1,78.2
49,23,5.0,12.0,0.07851121821074392,0.12286219658211905,18.0,5.0,43,68,Pala 2,81.4
49,9,5.0,12.0,0.8252149949045731,0.16969430849430966,18.0,5.0,81,78,Pala 2,51.9
48,46,5.0,12.0,0.547420051873056,0.3341145118559744,18.0,5.0,51,87,Pala 1,140.5
11,38,5.0,12.0,0.6691974493788007,0.41399074672200087,18.0,5.0,43,105,Pala 1,50.7
20,38,5.0,12.0,0.4928543389049369,0.9037242257513796,18.0,5.0,63,131,Pala 1,75.1
3,9,5.0,12.0,0.6978030849052786,0.19561577150002107,18.0,5.0,115,164,Pala 1,34.4
30,35,5.0,12.0,0.034097861666753215,0.9717589759212162,18.0,5.0,85,74,Pala 1,96.9
43,24,5.0,12.0,0.7627067232232837,0.8101532098961717,18.0,5.0,92,139,Pala 2,90.4
30,49,5.0,12.0,0.03334369785895841,0.881471389893441,18.0,5.0,173,118,Pala 1,93.5
22,9,5.0,12.0,0.45529984774734344,0.9294439897402434,18.0,5.0,109,84,Pala 2,52.8
19,18,5.0,12.0,0.15096499313029488,0.7532411971411207,18.0,5.0,69,153,Pala 1,67.7
14,45,5.0,12.0,0.8235742773513072,0.7887798316170611,18.0,5.0,67,176,Pala 1,65.7
22,44,5.0,12.0,0.3136609091756686,0.43781829660561955,18.0,5.0,175,138,Pala 1,74.7
27,14,5.0,12.0,0.4540935446043325,0.510450234676244,18.0,5.0,52,179,Pala 2,63.6
15,15,5.0,12.0,0.4287507412983116,0.9324854267666343,18.0,5.0,139,40,Pala 2,64.2
36,1,5.0,12.0,0.7725019656847065,0.3782559115526495,18.0,5.0,77,160,Pala 2,34.4
20,28,5.0,12.0,0.4811443597959755,0.041947073064207197,18.0,5.0,111,176,Pala 1,71.6
14,3,5.0,12.0,0.7889583350103461,0.7627543854747729,18.0,5.0,142,120,Pala 2,38.1
16,49,5.0,12.0,0.07350827680267524,0.5731575117175184,18.0,5.0,51,164,Pala 1,58.5
49,28,5.0,12.0,0.1915939679029951,0.8148759623433116,18.0,5.0,154,148,Pala 2,101.9
36,30,5.0,12.0,0.5515342496463607,0.07555126661096212,18.0,5.0,83,63,Pala 2,104.4
12,16,5.0,12.0,0.947088324752695,0.6212319904757898,18.0,5.0,69,40,Pala 1,62.8
18,9,5.0,12.0,0.07475784672178032,0.247705887990758,18.0,5.0,59,34,Pala 2,45.7
29,26,5.0,12.0,0.04308421615686431,0.903268594494484,18.0,5.0,71,100,Pala 1,93.9
44,40,5.0,12.0,0.15655067492785568,0.10990993974174568,18.0,5.0,156,34,Pala 2,124.7
17,14,5.0,12.0,0.6411531288601565,0.843069272725063,18.0,5.0,111,162,Pala 2,68.3
13,43,5.0,12.0,0.39899291667024717,0.08855425197191036,18.0,5.0,82,56,Pala 1,50.2
35,30,5.0,12.0,0.8255523794176862,0.025097355496998097,18.0,5.0,30,122,Pala 2,104.2
35,20,5.0,12.0,0.07193315148136581,0.2350594300419223,18.0,5.0,135,118,Pala 2,77.4
19,40,5.0,12.0,0.19641408681470107,0.3330445409266838,18.0,5.0,56,143,Pala 1,64.3
18,45,5.0,12.0,0.3000264054648957,0.6265287718118712,18.0,5.0,46,127,Pala 1,67.3
44,44,5.0,12.0,0.6267300866887853,0.1317245973610538,18.0,5.0,92,44,Pala 1,130.0
43,25,5.0,12.0,0.6851726903015473,0.43732993359107497,18.0,5.0,157,134,Pala 2,97.9
6,37,5.0,12.0,0.12420329396377383,0.20426360210287375,18.0,5.0,150,127,Pala 1,32.1
43,35,5.0,12.0,0.9438047089917395,0.8553033215470632,18.0,5.0,151,49,Pala 2,119.5
3,16,5.0,12.0,0.34104413519020915,0.04496650795130497,18.0,5.0,156,156,Pala 1,27.6
33,2,5.0,12.0,0.7131687630002831,0.3559377266885211,18.0,5.0,151,63,Pala 2,34.4
1,13,5.0,12.0,0.5242077189476988,0.6313740799691089,18.0,5.0,95,144,Pala 1,26.1
4,48,5.0,12.0,0.22275811354710662,0.913088178051939,18.0,5.0,52,50,Pala 1,31.4
9,12,5.0,12.0,0.8462283231154111,0.8679934226938952,18.0,5.0,177,69,Pala 1,55.0
31,40,5.0,12.0,0.8182380281919299,0.8951919995171636,18.0,5.0,65,84,Pala 1,106.6
41,26,5.0,12.0,0.3960718539166901,0.06285329368298209,18.0,5.0,179,79,Pala 2,89.5
40,0,5.0,12.0,0.5886075856938554,0.8409232614634595,18.0,5.0,40,103,Pala 2,31.8
12,16,5.0,12.0,0.25782569593593974,0.7799125785441191,18.0,5.0,57,103,Pala 1,51.9
38,47,5.0,12.0,0.6898516287463015,0.9024316492756189,18.0,5.0,74,67,Pala 1,123.5
4,49,5.0,12.0,0.3090268126204314,0.31157626725800136,18.0,5.0,153,53,Pala 1,28.0
9,33,5.0,12.0,0.8440787343822349,0.9117651062733667,18.0,5.0,151,137,Pala 1,56.5
9,13,5.0,12.0,0.2173851042772743,0.4026410850864478,18.0,5.0,179,88,Pala 1,42.6
37,16,5.0,12.0,0.01480342281846414,0.6340996855258,18.0,5.0,110,112,Pala 2,66.6
26,2,5.0,12.0,0.26850804196791844,0.4241789912069983,18.0,5.0,40,40,Pala 2,36.0
20,33,5.0,12.0,0.1910524864594867,0.42764843051565116,18.0,5.0,65,157,Pala 1,70.3
7,39,5.0,12.0,0.5082864397249243,0.5466370187949016,18.0,5.0,107,147,Pala 1,40.0
0,24,5.0,12.0,0.2037032916565763,0.3559267096208225,18.0,5.0,64,45,Pala 1,21.3
27,1,5.0,12.0,0.7631898707194947,0.7927369942692357,18.0,5.0,156,30,Pala 2,32.5
48,33,5.0,12.0,0.24137063800400393,0.6336387354152389,18.0,5.0,58,70,Pala 2,111.4
38,25,5.0,12.0,0.7069681799126557,0.6897557615389457,18.0,5.0,153,44,Pala 2,91.3
13,30,5.0,12.0,0.578470923013724,0.2310348002217636,18.0,5.0,45,109,Pala 1,56.8
20,8,5.0,12.0,0.9862498564718843,0.9695752884813924,18.0,5.0,132,61,Pala 2,53.5
29,29,5.0,12.0,0.9999009770092316,0.6601760977729654,18.0,5.0,113,68,Pala 2,104.8
20,19,5.0,12.0,0.86952608331733,0.19719586453039162,18.0,5.0,176,102,Pala 1,74.0
48,20,5.0,12.0,0.7599833692987511,0.7504902434710338,18.0,5.0,125,122,Pala 2,85.5
8,28,5.0,12.0,0.38645641400057373,0.1737141032076227,18.0,5.0,79,118,Pala 1,40.8
16,24,5.0,12.0,0.7532767271313036,0.06338489629950839,18.0,5.0,72,168,Pala 1,63.8
4,37,5.0,12.0,0.9566755370794907,0.5275533961458343,18.0,5.0,48,63,Pala 1,35.3
30,43,5.0,12.0,0.02337757539544416,0.5535239541623472,18.0,5.0,142,79,Pala 1,93.0
39,24,5.0,12.0,0.5379147001977388,0.18896557473159858,18.0,5.0,150,43,Pala 2,88.1
37,8,5.0,12.0,0.2179983043884346,0.348378944292159,18.0,5.0,47,101,Pala 2,44.4
42,38,5.0,12.0,0.5578763158688504,0.9457692956786969,18.0,5.0,163,124,Pala 2,124.8
18,43,5.0,12.0,0.46644708975889115,0.2850032320874899,18.0,5.0,64,114,Pala 1,66.5
35,25,5.0,12.0,0.5757685815522844,0.15556806076536867,18.0,5.0,43,84,Pala 2,93.5
49,36,5.0,12.0,0.5509622214187242,0.992561958665454,18.0,5.0,93,107,Pala 2,120.1
32,15,5.0,12.0,0.960107039168562,0.30230553638046676,18.0,5.0,166,144,Pala 2,68.7
12,36,5.0,12.0,0.5521861089347361,0.6802536731460787,18.0,5.0,31,153,Pala 1,56.5
13,11,5.0,12.0,0.8462320881248673,0.23156018143926638,18.0,5.0,35,137,Pala 1,54.6
32,23,5.0,12.0,0.3198202868008465,0.5501211969863894,18.0,5.0,128,179,Pala 2,86.9
28,25,5.0,12.0,0.4381006887910489,0.38628198660961555,18.0,5.0,150,76,Pala 2,91.0
42,19,5.0,12.0,0.4704134760448099,0.9615792611591886,18.0,5.0,102,80,Pala 2,79.6
48,8,5.0,12.0,0.2787280433353797,0.4328058745504877,18.0,5.0,164,99,Pala 2,45.0
35,22,5.0,12.0,0.37979026147795525,0.5841741841817242,18.0,5.0,92,148,Pala 2,83.5
43,38,5.0,12.0,0.5985130794667752,0.9447662659001471,18.0,5.0,31,116,Pala 2,126.5
9,28,5.0,12.0,0.5801877633045324,0.9892342999379551,18.0,5.0,94,104,Pala 1,54.3
30,30,5.0,12.0,0.6364353445734805,0.1016583640049965,18.0,5.0,130,51,Pala 1,99.0
5,18,5.0,12.0,0.35181791542014107,0.8343207120423889,18.0,5.0,67,106,Pala 1,34.9
0,19,5.0,12.0,0.3158314951530571,0.3821164941872488,18.0,5.0,91,143,Pala 1,18.0
6,22,5.0,12.0,0.6116178827541631,0.5948287062056128,18.0,5.0,148,179,Pala 1,39.4
26,42,5.0,12.0,0.13286174842752496,0.3750480789552455,18.0,5.0,81,161,Pala 1,82.0
20,26,5.0,12.0,0.25303154353213997,0.40111620565479233,18.0,5.0,139,73,Pala 1,70.3
27,29,5.0,12.0,0.04212773695299521,0.15885753598511154,18.0,5.0,103,70,Pala 1,81.2
15,20,5.0,12.0,0.07261085259608013,0.5727664584278659,18.0,5.0,127,174,Pala 1,54.9
45,43,5.0,12.0,0.24338327926060888,0.5467159459447247,18.0,5.0,92,46,Pala 1,132.4
22,34,5.0,12.0,0.019529280296919027,0.18935578853839985,18.0,5.0,168,75,Pala 1,67.3
19,48,5.0,12.0,0.24541059208746152,0.5417304293339414,18.0,5.0,77,165,Pala 1,71.8
37,6,5.0,12.0,0.654976323062026,0.9731018826310861,18.0,5.0,130,172,Pala 2,43.1
24,21,5.0,12.0,0.06110707846893304,0.7144085958537897,18.0,5.0,103,39,Pala 2,76.0
27,9,5.0,12.0,0.436736677794641,0.4809825595833519,18.0,5.0,67,87,Pala 2,51.8
4,22,5.0,12.0,0.9131087869195494,0.9160839855813753,18.0,5.0,165,130,Pala 1,45.0
20,14,5.0,12.0,0.791284828925401,0.5753143565053058,18.0,5.0,35,168,Pala 2,64.8
17,29,5.0,12.0,0.3054375022948572,0.13504799872780338,18.0,5.0,97,64,Pala 1,63.6
46,33,5.0,12.0,0.924805479191647,0.5475096478124564,18.0,5.0,163,125,Pala 2,116.1
5,12,5.0,12.0,0.32964649674772484,0.1809731153658678,18.0,5.0,140,115,Pala 1,34.3
28,3,5.0,12.0,0.07251549633756249,0.7675048387476743,18.0,5.0,61,161,Pala 2,36.4
18,17,5.0,12.0,0.9940559567681135,0.9671742142947083,18.0,5.0,67,146,Pala 1,75.2
32,22,5.0,12.0,0.8700225271891717,0.36081858454333027,18.0,5.0,144,95,Pala 2,79.1
0,32,5.0,12.0,0.46593278330109233,0.4349178801251945,18.0,5.0,138,102,Pala 1,21.4
44,33,5.0,12.0,0.6663765241924039,0.42149646683863007,18.0,5.0,93,67,Pala 2,111.0
2,33,5.0,12.0,0.6712280778566702,0.28529997579488187,18.0,5.0,83,124,Pala 1,27.1
41,35,5.0,12.0,0.19448223073046034,0.7941799648786311,18.0,5.0,142,62,Pala 2,115.6
20,34,5.0,12.0,0.2000486331536323,0.6177283327469959,18.0,5.0,43,82,Pala 1,70.3
34,16,5.0,12.0,0.4695807033518258,0.06405155685655961,18.0,5.0,93,177,Pala 2,69.5
40,27,5.0,12.0,0.911573140137698,0.8388063350231355,18.0,5.0,83,92,Pala 2,98.3
39,13,5.0,12.0,0.00999377485857078,0.18708823115320727,18.0,5.0,48,143,Pala 2,62.8
2,33,5.0,12.0,0.7825056359493593,0.9791511617091211,18.0,5.0,155,171,Pala 1,37.1
24,47,5.0,12.0,0.05752678371465414,0.37666313900256576,18.0,5.0,89,64,Pala 1,73.7
44,10,5.0,12.0,0.47822211488311783,0.6164496471503238,18.0,5.0,61,139,Pala 2,51.6
37,12,5.0,12.0,0.6378728330734764,0.0778236188960304,18.0,5.0,65,74,Pala 2,61.5
44,32,5.0,12.0,0.6867592670824648,0.34466327468835667,18.0,5.0,75,90,Pala 2,108.4
19,1,5.0,12.0,0.05847926361591138,0.8023539573607814,18.0,5.0,43,122,Pala 2,30.3
43,33,5.0,12.0,0.41860361738396823,0.47720849195325843,18.0,5.0,147,101,Pala 2,110.4
44,28,5.0,12.0,0.5838372605023247,0.9046034835440229,18.0,5.0,79,144,Pala 2,100.8
33,36,5.0,12.0,0.06604553730600693,0.5751384410508071,18.0,5.0,94,107,Pala 1,102.4
20,3,5.0,12.0,0.13509455659530978,0.9285721953957478,18.0,5.0,106,79,Pala 2,35.9
47,11,5.0,12.0,0.6636489895040385,0.9826099070125561,18.0,5.0,93,172,Pala 2,59.7
22,25,5.0,12.0,0.5216381965906517,0.45389455951827595,18.0,5.0,52,71,Pala 1,79.0
5,27,5.0,12.0,0.16182866126829054,0.565156572577808,18.0,5.0,154,143,Pala 1,30.4
12,2,5.0,12.0,0.5352393369147335,0.8349206432512698,18.0,5.0,113,49,Pala 2,34.5
48,19,5.0,12.0,0.9126923734444158,0.221533005535813,18.0,5.0,99,121,Pala 2,80.9
22,9,5.0,12.0,0.015587584775363927,0.8616295737811096,18.0,5.0,102,97,Pala 2,53.3
8,17,5.0,12.0,0.6426337734858546,0.5919201403772696,18.0,5.0,121,164,Pala 1,44.9
16,26,5.0,12.0,0.07365043460534193,0.7255001353845254,18.0,5.0,103,95,Pala 1,60.2
1,30,5.0,12.0,0.006449442964700847,0.07985402266344521,18.0,5.0,73,102,Pala 1,11.9
18,26,5.0,12.0,0.1506544886606338,0.7661876834534036,18.0,5.0,105,65,Pala 1,64.3
18,41,5.0,12.0,0.4229066318539193,0.31078690457365843,18.0,5.0,170,169,Pala 1,63.1
6,0,5.0,12.0,0.802343998981953,0.805232276849842,18.0,5.0,148,168,Pala 2,31.4
41,5,5.0,12.0,0.28178549660455865,0.5091525383027069,18.0,5.0,69,158,Pala 2,38.5
41,10,5.0,12.0,0.6256732123887586,0.27461433481563313,18.0,5.0,33,68,Pala 2,54.0
19,33,5.0,12.0,0.41115663795530666,0.9527596970216541,18.0,5.0,158,122,Pala 1,69.3
8,38,5.0,12.0,0.23433179196600795,0.7650623977114992,18.0,5.0,35,99,Pala 1,39.9
16,19,5.0,12.0,0.5142471142828586,0.9856860738736469,18.0,5.0,84,166,Pala 1,70.9
26,20,5.0,12.0,0.7974644903726232,0.3644698984122038,18.0,5.0,95,47,Pala 2,79.0
46,20,5.0,12.0,0.8324923700561442,0.6492196335416387,18.0,5.0,147,156,Pala 2,82.9
1,17,5.0,12.0,0.8465195318772367,0.6115886778637267,18.0,5.0,175,88,Pala 1,28.4
35,20,5.0,12.0,0.3385578125549794,0.6875567410688029,18.0,5.0,58,96,Pala 2,76.1
18,18,5.0,12.0,0.793456064715753,0.038316566041330824,18.0,5.0,82,138,Pala 1,68.8
16,3,5.0,12.0,0.21217845510890787,0.2917193238773741,18.0,5.0,160,160,Pala 2,36.7
4,12,5.0,12.0,0.7384251012428833,0.9093375737908073,18.0,5.0,177,59,Pala 1,40.8
38,17,5.0,12.0,0.9483844262726167,0.42382005487222685,18.0,5.0,161,120,Pala 2,69.5
17,28,5.0,12.0,0.01374383469095719,0.9606436790815472,18.0,5.0,111,31,Pala 1,63.4
6,24,5.0,12.0,0.440363931178798,0.21350317264497576,18.0,5.0,165,49,Pala 1,38.7
16,12,5.0,12.0,0.6477709884140046,0.9974239734810894,18.0,5.0,134,126,Pala 2,60.2
38,26,5.0,12.0,0.701775770487553,0.6975809089595323,18.0,5.0,115,58,Pala 2,96.6
35,18,5.0,12.0,0.1760877582692022,0.7763934240664878,18.0,5.0,112,38,Pala 2,72.5
39,48,5.0,12.0,0.9721832752385928,0.3968611722025358,18.0,5.0,102,33,Pala 1,124.8
44,0,5.0,12.0,0.615265367970973,0.9070081212606208,18.0,5.0,128,69,Pala 2,31.9
3,37,5.0,12.0,0.16434060122826777,0.545462900958622,18.0,5.0,55,170,Pala 1,22.7
37,18,5.0,12.0,0.02052251171251529,0.680938380224635,18.0,5.0,63,163,Pala 2,74.0
24,0,5.0,12.0,0.7832641987897759,0.094808271336286,18.0,5.0,100,102,Pala 2,30.1
4,39,5.0,12.0,0.07970473944545908,0.6316807008928934,18.0,5.0,123,55,Pala 1,27.8
29,16,5.0,12.0,0.14105092107023653,0.8790789882621566,18.0,5.0,118,132,Pala 2,70.0
11,20,5.0,12.0,0.5748300268556906,0.17828322821598808,18.0,5.0,56,70,Pala 1,47.3
3,21,5.0,12.0,0.6035055034496197,0.737725934634846,18.0,5.0,62,71,Pala 1,32.5
23,14,5.0,12.0,0.6868871185923985,0.02540075899465455,18.0,5.0,101,157,Pala 2,63.7
28,49,5.0,12.0,0.39351401266362074,0.9262030165625189,18.0,5.0,78,90,Pala 1,95.1
8,38,5.0,12.0,0.7738986689668229,0.9829171160311863,18.0,5.0,92,91,Pala 1,49.3
3,47,5.0,12.0,0.9743585996158887,0.35418006679809444,18.0,5.0,48,50,Pala 1,30.7
23,38,5.0,12.0,0.271094943079883,0.10707384971533485,18.0,5.0,51,72,Pala 1,70.5
13,31,5.0,12.0,0.7030286165379459,0.658576368163145,18.0,5.0,119,178,Pala 1,62.2
4,48,5.0,12.0,0.9284686523951569,0.029834514147479063,18.0,5.0,96,136,Pala 1,35.3
17,3,5.0,12.0,0.6862867626170427,0.48248628129718674,18.0,5.0,166,87,Pala 2,34.8
41,43,5.0,12.0,0.6811094986442595,0.2717791751378865,18.0,5.0,100,74,Pala 1,126.3
18,44,5.0,12.0,0.2237725690852066,0.4733390539528769,18.0,5.0,108,109,Pala 1,62.6
11,31,5.0,12.0,0.5351302003196929,0.01827551473835698,18.0,5.0,161,166,Pala 1,50.2
17,3,5.0,12.0,0.5625228436045802,0.051612183070706474,18.0,5.0,66,159,Pala 2,38.0
16,0,5.0,12.0,0.7001295624559528,0.015975828843382334,18.0,5.0,57,156,Pala 2,31.9
29,32,5.0,12.0,0.9968214498961826,0.619131870047114,18.0,5.0,166,75,Pala 1,102.0
23,6,5.0,12.0,0.03364382254376208,0.5600929176752085,18.0,5.0,64,35,Pala 2,41.6
10,8,5.0,12.0,0.06523266126748684,0.23315799853660446,18.0,5.0,141,77,Pala 1,40.6
34,0,5.0,12.0,0.07795006943091876,0.6466431289040213,18.0,5.0,38,156,Pala 2,29.1
22,15,5.0,12.0,0.7429791344889568,0.884207256894975,18.0,5.0,81,141,Pala 2,68.8
16,17,5.0,12.0,0.13635379511075751,0.27732210102611365,18.0,5.0,174,165,Pala 1,57.1
0,46,5.0,12.0,0.6224518744903452,0.8319938078789875,18.0,5.0,38,61,Pala 1,31.5
14,5,5.0,12.0,0.32466887789345844,0.6625091360021815,18.0,5.0,83,130,Pala 2,37.7
31,1,5.0,12.0,0.457319956210711,0.03382044317298316,18.0,5.0,162,106,Pala 2,29.7
8,8,5.0,12.0,0.2156631598174139,0.3751498958294345,18.0,5.0,153,97,Pala 1,42.1
14,3,5.0,12.0,0.8661065613045421,0.5077572158590171,18.0,5.0,138,57,Pala 2,38.3
27,44,5.0,12.0,0.5861503241630264,0.7316991899547214,18.0,5.0,176,173,Pala 1,96.5
23,22,5.0,12.0,0.9445632635822526,0.28713055825341693,18.0,5.0,95,86,Pala 2,84.8
34,42,5.0,12.0,0.5745962497043295,0.9827301048579323,18.0,5.0,74,84,Pala 1,112.0
21,44,5.0,12.0,0.12390803059694666,0.6845397405050858,18.0,5.0,100,112,Pala 1,72.3
26,42,5.0,12.0,0.17087043383847544,0.37281367716436054,18.0,5.0,135,135,Pala 1,83.9
18,7,5.0,12.0,0.9890739763678472,0.09702503907711202,18.0,5.0,62,115,Pala 2,44.2
44,38,5.0,12.0,0.7255651973308678,0.18136776027080992,18.0,5.0,147,105,Pala 2,123.0
11,24,5.0,12.0,0.04927875002908966,0.4876077600551566,18.0,5.0,109,133,Pala 1,45.0
19,15,5.0,12.0,0.7037810050346648,0.4946953549583667,18.0,5.0,117,162,Pala 2,65.2
0,34,5.0,12.0,0.41217304680961164,0.7677187648213535,18.0,5.0,123,130,Pala 1,22.4
20,16,5.0,12.0,0.3072083868231905,0.7261766255722525,18.0,5.0,74,61,Pala 2,67.4
48,17,5.0,12.0,0.15406079373053427,0.2012730385178173,18.0,5.0,64,127,Pala 2,67.3
44,26,5.0,12.0,0.8399039545565656,0.594956620558265,18.0,5.0,110,41,Pala 2,100.0
0,14,5.0,12.0,0.0638413789891007,0.02062180074288833,18.0,5.0,131,136,Pala 1,11.2
9,16,5.0,12.0,0.2898354623796403,0.39854739938433337,18.0,5.0,39,95,Pala 1,44.0
46,42,5.0,12.0,0.3063828938257044,0.7641052405716058,18.0,5.0,70,81,Pala 2,133.3
31,4,5.0,12.0,0.16090528396350035,0.3995085932871665,18.0,5.0,143,61,Pala 2,38.3
38,15,5.0,12.0,0.5081848832868703,0.8355962398014242,18.0,5.0,155,163,Pala 2,68.1
21,14,5.0,12.0,0.011702626810892625,0.9761552901252816,18.0,5.0,46,51,Pala 2,62.2
17,41,5.0,12.0,0.3009755154104091,0.6072126026993657,18.0,5.0,156,170,Pala 1,66.4
47,45,5.0,12.0,0.933629444033064,0.1450040763417566,18.0,5.0,100,52,Pala 2,142.6
45,33,5.0,12.0,0.3105295693420057,0.3796772079054107,18.0,5.0,40,38,Pala 2,111.1
31,47,5.0,12.0,0.3604593871067516,0.009483355068375166,18.0,5.0,92,135,Pala 1,93.7
26,18,5.0,12.0,0.4731650482340716,0.6027259238407526,18.0,5.0,49,88,Pala 2,73.3
27,7,5.0,12.0,0.5616933748514747,0.8215685009737982,18.0,5.0,170,146,Pala 2,49.2
17,46,5.0,12.0,0.808708644820744,0.6299400789230429,18.0,5.0,46,130,Pala 1,71.4
38,9,5.0,12.0,0.19032122315601763,0.7860862291834498,18.0,5.0,127,59,Pala 2,49.5
48,4,5.0,12.0,0.8717463771925572,0.7999039272758867,18.0,5.0,114,113,Pala 2,40.1
28,47,5.0,12.0,0.7575493571438894,0.8510125762174637,18.0,5.0,45,73,Pala 1,97.7
17,25,5.0,12.0,0.7226503346615553,0.2666637829975542,18.0,5.0,52,45,Pala 1,66.4
43,21,5.0,12.0,0.08680457371463524,0.8712685228204219,18.0,5.0,168,150,Pala 2,83.3
7,43,5.0,12.0,0.02164068997458468,0.6540939984634909,18.0,5.0,153,103,Pala 1,34.2
30,22,5.0,12.0,0.594012700908084,0.28972555659448695,18.0,5.0,171,113,Pala 2,84.4
33,12,5.0,12.0,0.8631339625231612,0.9872947149962611,18.0,5.0,100,159,Pala 2,59.6
6,8,5.0,12.0,0.5844414641406359,0.950182393731669,18.0,5.0,62,96,Pala 1,43.6
35,48,5.0,12.0,0.21323486544553083,0.5744409832063994,18.0,5.0,74,71,Pala 1,109.0
17,19,5.0,12.0,0.09051989794921322,0.8432083783995635,18.0,5.0,80,165,Pala 1,69.6
37,27,5.0,12.0,0.699596452817735,0.2614944887198717,18.0,5.0,144,102,Pala 2,97.4
8,43,5.0,12.0,0.7217702773178095,0.41603699661089,18.0,5.0,153,121,Pala 1,47.9
8,36,5.0,12.0,0.17253170068710866,0.1839717607438337,18.0,5.0,116,178,Pala 1,36.4
45,23,5.0,12.0,0.028190315496536278,0.520102642629248,18.0,5.0,58,144,Pala 2,86.5
7,43,5.0,12.0,0.408283513223197,0.4960014300716653,18.0,5.0,35,126,Pala 1,39.1
34,32,5.0,12.0,0.5827187021330221,0.21281322596156638,18.0,5.0,162,63,Pala 2,108.8
17,19,5.0,12.0,0.7060024095671912,0.6728016937160975,18.0,5.0,125,161,Pala 1,71.0
4,47,5.0,12.0,0.8099450091529028,0.11779029552541254,18.0,5.0,119,146,Pala 1,37.2
13,29,5.0,12.0,0.6105374273067323,0.06169145106971119,18.0,5.0,111,91,Pala 1,51.7
27,43,5.0,12.0,0.11088060859848503,0.3849049686623861,18.0,5.0,50,125,Pala 1,85.3
29,8,5.0,12.0,0.6825816721424148,0.40982477778470494,18.0,5.0,88,105,Pala 2,49.6
3,44,5.0,12.0,0.984176642894882,0.31974060652648617,18.0,5.0,177,31,Pala 1,39.1
38,48,5.0,12.0,0.9055845845974039,0.2579466375782504,18.0,5.0,53,156,Pala 1,126.0
19,16,5.0,12.0,0.8716689092695127,0.33877634500953036,18.0,5.0,160,141,Pala 2,69.4
24,35,5.0,12.0,0.30217015335834085,0.163375573952103,18.0,5.0,115,146,Pala 1,80.0
27,13,5.0,12.0,0.7507881764540006,0.40345246913287736,18.0,5.0,101,55,Pala 2,61.1
11,18,5.0,12.0,0.8511034459651455,0.9046033735174437,18.0,5.0,139,114,Pala 1,61.6
1,6,5.0,12.0,0.6783262046312631,0.22442688120883825,18.0,5.0,86,137,Pala 1,24.3
42,2,5.0,12.0,0.2505617565679805,0.6844511043503504,18.0,5.0,139,84,Pala 2,34.5
13,32,5.0,12.0,0.9538339718749583,0.14178451039783935,18.0,5.0,122,129,Pala 1,62.5
21,43,5.0,12.0,0.4508194114586759,0.35390662401023076,18.0,5.0,100,47,Pala 1,71.9
30,31,5.0,12.0,0.1298055586658794,0.3211747805452563,18.0,5.0,99,53,Pala 1,91.2
22,46,5.0,12.0,0.109777895057392,0.9370293944083278,18.0,5.0,99,59,Pala 1,76.1
47,10,5.0,12.0,0.6475189872990458,0.4279820558018089,18.0,5.0,105,46,Pala 2,52.4
19,41,5.0,12.0,0.43770964641673915,0.6904659437813839,18.0,5.0,76,71,Pala 1,72.3
37,1,5.0,12.0,0.09448387517896362,0.6024628089713293,18.0,5.0,118,110,Pala 2,27.2
3,25,5.0,12.0,0.7403645721560946,0.1410300752847614,18.0,5.0,48,137,Pala 1,30.4
14,3,5.0,12.0,0.7993251672586197,0.9395404510306183,18.0,5.0,170,169,Pala 2,37.3
23,16,5.0,12.0,0.7254156307864513,0.3458692918557632,18.0,5.0,74,56,Pala 2,68.1
24,16,5.0,12.0,0.2022608776840129,0.04475835578364973,18.0,5.0,114,33,Pala 2,64.2
0,27,5.0,12.0,0.6897754559960694,0.30044370684418764,18.0,5.0,155,105,Pala 1,25.8
6,29,5.0,12.0,0.010722802894385097,0.3356337258823261,18.0,5.0,138,101,Pala 1,27.7
30,39,5.0,12.0,0.3051121396784092,0.0927453273787272,18.0,5.0,137,105,Pala 1,92.2
11,22,5.0,12.0,0.39882153140754373,0.6199774063799428,18.0,5.0,101,63,Pala 1,49.7
41,45,5.0,12.0,0.8352469488855016,0.3467642055415454,18.0,5.0,164,65,Pala 1,127.5
4,23,5.0,12.0,0.3903943730694043,0.6291346063309708,18.0,5.0,160,33,Pala 1,33.9
43,28,5.0,12.0,0.011269446189398291,0.006740563589067161,18.0,5.0,66,40,Pala 2,95.0
49,3,5.0,12.0,0.3523464118280094,0.9820483989907525,18.0,5.0,32,88,Pala 2,32.2
41,37,5.0,12.0,0.4989240983592872,0.1705163585446816,18.0,5.0,175,32,Pala 1,122.4
37,28,5.0,12.0,0.9490047866727734,0.6593309867049364,18.0,5.0,153,41,Pala 2,98.3
11,18,5.0,12.0,0.9410343037895448,0.7157843032795155,18.0,5.0,166,142,Pala 1,60.5
38,26,5.0,12.0,0.18087403822141157,0.17160834974747607,18.0,5.0,36,102,Pala 2,92.8
17,28,5.0,12.0,0.18514654173945155,0.11171228210241857,18.0,5.0,126,178,Pala 1,56.7
1,35,5.0,12.0,0.1633814564645505,0.15257719184480867,18.0,5.0,127,179,Pala 1,17.2
9,34,5.0,12.0,0.7889219324141032,0.24681825584494455,18.0,5.0,131,175,Pala 1,45.7
14,5,5.0,12.0,0.006022040368406367,0.16823211799290883,18.0,5.0,131,35,Pala 2,36.1
29,22,5.0,12.0,0.12717719819187734,0.6739994269560816,18.0,5.0,85,118,Pala 2,80.1
43,38,5.0,12.0,0.537959631644099,0.42083320372606725,18.0,5.0,175,143,Pala 2,126.3
16,45,5.0,12.0,0.24756206688676552,0.5377915945153631,18.0,5.0,79,138,Pala 1,61.2
3,43,5.0,12.0,0.09235645823926208,0.04733678880915826,18.0,5.0,57,108,Pala 1,22.6
6,47,5.0,12.0,0.3598780123338343,0.8612489631007233,18.0,5.0,54,94,Pala 1,39.0
40,7,5.0,12.0,0.2742076050602448,0.17057155320619222,18.0,5.0,171,84,Pala 2,45.6
30,1,5.0,12.0,0.5111043065142845,0.3601523314550882,18.0,5.0,113,111,Pala 2,32.7
38,12,5.0,12.0,0.9792335938301958,0.07190163982776698,18.0,5.0,164,81,Pala 2,61.3
33,39,5.0,12.0,0.12430463681491843,0.13679313464832965,18.0,5.0,161,149,Pala 1,101.7
5,20,5.0,12.0,0.3727267048340943,0.6657994099756614,18.0,5.0,91,73,Pala 1,33.5
49,30,5.0,12.0,0.9319850178724747,0.6925870022556889,18.0,5.0,114,124,Pala 2,103.8
37,47,5.0,12.0,0.8768730434938226,0.6769654846253521,18.0,5.0,94,91,Pala 1,120.9
44,35,5.0,12.0,0.3942710347842806,0.552136787846022,18.0,5.0,81,113,Pala 2,114.3
33,47,5.0,12.0,0.6989532645197365,0.9525216640119066,18.0,5.0,32,126,Pala 1,107.0
43,37,5.0,12.0,0.08785701358134557,0.5071771607685764,18.0,5.0,106,103,Pala 2,121.0
14,26,5.0,12.0,0.7125410555436151,0.4494120292964465,18.0,5.0,164,176,Pala 1,56.6
13,35,5.0,12.0,0.9728577294847415,0.24754556571714348,18.0,5.0,99,151,Pala 1,59.5
5,47,5.0,12.0,0.5374881528341916,0.09884952926661261,18.0,5.0,99,152,Pala 1,28.8
49,22,5.0,12.0,0.49849022703441426,0.5481549299661788,18.0,5.0,125,176,Pala 2,87.6
36,20,5.0,12.0,0.18731861970191033,0.3148901866928281,18.0,5.0,45,60,Pala 2,77.9
49,12,5.0,12.0,0.6337881989072919,0.5240253831905152,18.0,5.0,165,128,Pala 2,59.8
31,36,5.0,12.0,0.5904372807789149,0.2061190782604797,18.0,5.0,178,171,Pala 1,103.4
2,46,5.0,12.0,0.6519330594757505,0.8381726722079114,18.0,5.0,150,79,Pala 1,36.0
2,25,5.0,12.0,0.026083286684721818,0.999697209659069,18.0,5.0,40,88,Pala 1,24.6
21,39,5.0,12.0,0.5487234883490736,0.3224035101206495,18.0,5.0,79,38,Pala 1,74.4
21,6,5.0,12.0,0.594934843497373,0.8423276072603297,18.0,5.0,116,86,Pala 2,49.0
9,45,5.0,12.0,0.20753013541280219,0.8729861363924074,18.0,5.0,35,56,Pala 1,40.5
2,38,5.0,12.0,0.20833285748853603,0.9960737887570796,18.0,5.0,139,87,Pala 1,31.1
11,21,5.0,12.0,0.2762181685109498,0.3427201297779794,18.0,5.0,172,110,Pala 1,47.2
28,38,5.0,12.0,0.7117215917272376,0.7560413937141057,18.0,5.0,168,97,Pala 1,102.9
47,22,5.0,12.0,0.6062660635323717,0.22880900364198542,18.0,5.0,33,53,Pala 2,84.2
16,29,5.0,12.0,0.8457626461178046,0.6247960012921433,18.0,5.0,167,109,Pala 1,72.6
6,17,5.0,12.0,0.2956585718430982,0.7048425694728376,18.0,5.0,150,91,Pala 1,36.6
12,41,5.0,12.0,0.9120680598883183,0.7411206925350964,18.0,5.0,169,110,Pala 1,60.1
1,17,5.0,12.0,0.7437061619833584,0.20717216858446164,18.0,5.0,113,130,Pala 1,27.9
3,45,5.0,12.0,0.39501167001369697,0.8487255704961948,18.0,5.0,49,146,Pala 1,32.1
9,9,5.0,12.0,0.09526206562545592,0.42097186039254186,18.0,5.0,41,32,Pala 1,36.9
38,38,5.0,12.0,0.2569836624874825,0.21636951773455504,18.0,5.0,67,80,Pala 1,113.6
23,29,5.0,12.0,0.9567682172148503,0.5425310883719016,18.0,5.0,76,134,Pala 1,87.9
16,25,5.0,12.0,0.31036337588407936,0.8633571296069421,18.0,5.0,111,128,Pala 1,63.1
5,6,5.0,12.0,0.32990096014906445,0.9670879097781138,18.0,5.0,103,96,Pala 1,36.9
18,6,5.0,12.0,0.18958893109771702,0.7482078217278744,18.0,5.0,71,109,Pala 2,42.1
4,4,5.0,12.0,0.8068506011387654,0.005622886271362426,18.0,5.0,34,177,Pala 1,32.2
31,0,5.0,12.0,0.27564423024227735,0.13470076046595614,18.0,5.0,144,74,Pala 2,23.4
9,45,5.0,12.0,0.33025824836885564,0.07627398643886574,18.0,5.0,156,163,Pala 1,37.4
8,17,5.0,12.0,0.4143481084316266,0.10121374299388475,18.0,5.0,128,59,Pala 1,39.5
26,12,5.0,12.0,0.4337282797746097,0.3830349560197751,18.0,5.0,132,128,Pala 2,59.0
12,24,5.0,12.0,0.4113407904150217,0.33849331482862777,18.0,5.0,169,175,Pala 1,52.8
18,39,5.0,12.0,0.5037436953747286,0.11368498126831006,18.0,5.0,167,172,Pala 1,66.4
20,7,5.0,12.0,0.8145128796164033,0.882235351614249,18.0,5.0,66,125,Pala 2,51.6
23,9,5.0,12.0,0.819285040742022,0.6154275763323602,18.0,5.0,154,128,Pala 2,51.8
37,31,5.0,12.0,0.7983131337633469,0.7964633089564489,18.0,5.0,95,50,Pala 2,104.5
3,16,5.0,12.0,0.10112483911648751,0.3715493888554309,18.0,5.0,96,169,Pala 1,24.5
23,37,5.0,12.0,0.7996788032748141,0.4102360162875679,18.0,5.0,43,30,Pala 1,81.3
34,14,5.0,12.0,0.12025177348657679,0.317621210536728,18.0,5.0,76,54,Pala 2,60.5
2,14,5.0,12.0,0.12472377005225799,0.4384266120984911,18.0,5.0,177,68,Pala 1,24.1
3,47,5.0,12.0,0.9478627716349608,0.6103772623550536,18.0,5.0,138,56,Pala 1,38.1
36,39,5.0,12.0,0.8193978447055413,0.49298400784024143,18.0,5.0,142,122,Pala 1,117.3
39,19,5.0,12.0,0.5524104668680087,0.8379170061884502,18.0,5.0,97,79,Pala 2,75.8
47,14,5.0,12.0,0.8749702044778621,0.9001391686098242,18.0,5.0,144,86,Pala 2,69.4
34,34,5.0,12.0,0.9893646425518628,0.4696838533675992,18.0,5.0,55,111,Pala 1,113.6
30,5,5.0,12.0,0.6106420666317776,0.23974798034864941,18.0,5.0,76,45,Pala 2,40.8
43,29,5.0,12.0,0.612898436981518,0.9451924194593089,18.0,5.0,102,64,Pala 2,101.6
24,7,5.0,12.0,0.754427029159928,0.7350386430509227,18.0,5.0,32,75,Pala 2,48.6
39,30,5.0,12.0,0.23213895236533277,0.6401270860538799,18.0,5.0,159,96,Pala 2,102.3
12,47,5.0,12.0,0.16712486151879935,0.7454137336239759,18.0,5.0,59,45,Pala 1,52.9
3,46,5.0,12.0,0.7595807500150725,0.07598178239692288,18.0,5.0,32,108,Pala 1,27.5
45,31,5.0,12.0,0.3449047949941023,0.06762632763767251,18.0,5.0,38,103,Pala 2,102.6
13,44,5.0,12.0,0.135070356305934,0.1531206525809874,18.0,5.0,37,146,Pala 1,47.0
12,14,5.0,12.0,0.31487772591774976,0.14745096744053243,18.0,5.0,38,78,Pala 1,46.8
26,17,5.0,12.0,0.3586368678745754,0.42067047484940445,18.0,5.0,149,179,Pala 2,74.1
5,12,5.0,12.0,0.9652276595056907,0.15740408228536418,18.0,5.0,174,47,Pala 1,44.1
16,23,5.0,12.0,0.6979597110879232,0.8545256442665965,18.0,5.0,171,51,Pala 1,73.8
35,39,5.0,12.0,0.5308563173997339,0.5780969309280258,18.0,5.0,109,135,Pala 1,106.1
39,13,5.0,12.0,0.9688731386826049,0.3682618963502514,18.0,5.0,47,148,Pala 2,62.8
48,27,5.0,12.0,0.9031397404741807,0.0696225382252671,18.0,5.0,145,45,Pala 2,97.0
34,10,5.0,12.0,0.5120008566141597,0.5910277959591251,18.0,5.0,56,32,Pala 2,54.3
16,5,5.0,12.0,0.9056796353769807,0.11653282059212633,18.0,5.0,121,152,Pala 2,41.7
40,24,5.0,12.0,0.4043046580626566,0.7432202504026062,18.0,5.0,100,64,Pala 2,88.9
1,0,5.0,12.0,0.23042066535662464,0.8027580967438215,18.0,5.0,63,134,Pala 1,21.8
12,24,5.0,12.0,0.23267817682208514,0.5439762579598412,18.0,5.0,132,132,Pala 1,52.4
1,1,5.0,12.0,0.6623155244421267,0.14960285914085747,18.0,5.0,176,178,Pala 1,27.5
27,31,5.0,12.0,0.5010703207072771,0.7868627237404655,18.0,5.0,163,86,Pala 1,98.2
42,12,5.0,12.0,0.6589508470054467,0.30782778925933396,18.0,5.0,121,76,Pala 2,60.3
25,32,5.0,12.0,0.6860759642621699,0.22265314275345982,18.0,5.0,169,77,Pala 1,85.5
21,31,5.0,12.0,0.022322872897717616,0.4705566410184253,18.0,5.0,172,116,Pala 1,71.6
46,23,5.0,12.0,0.05403959234790234,0.9226462413829178,18.0,5.0,138,149,Pala 2,88.2
42,26,5.0,12.0,0.5326777265912499,0.2973732920745237,18.0,5.0,132,126,Pala 2,94.3
2,3,5.0,12.0,0.1910354777600769,0.9055785009726203,18.0,5.0,93,173,Pala 1,27.9
34,23,5.0,12.0,0.6325337688044397,0.053653308739827876,18.0,5.0,93,123,Pala 2,86.4
11,22,5.0,12.0,0.5521857391706481,0.08352370501794681,18.0,5.0,44,32,Pala 1,47.6
23,28,5.0,12.0,0.5857603583708912,0.698561025135247,18.0,5.0,129,90,Pala 1,82.3
4,33,5.0,12.0,0.3024553798310107,0.19059266144817555,18.0,5.0,96,31,Pala 1,26.3
19,20,5.0,12.0,0.6398435062778967,0.3166206831966254,18.0,5.0,30,55,Pala 1,68.2
38,29,5.0,12.0,0.829492636485023,0.13637298098057904,18.0,5.0,36,47,Pala 2,101.6
38,25,5.0,12.0,0.9980712535922371,0.33224826913254835,18.0,5.0,166,95,Pala 2,91.5
12,19,5.0,12.0,0.8384443861722143,0.28045999389246334,18.0,5.0,30,69,Pala 1,55.6
40,15,5.0,12.0,0.5574987596799474,0.7363376389889836,18.0,5.0,34,160,Pala 2,72.3
44,2,5.0,12.0,0.19342959167995655,0.7020233881890439,18.0,5.0,76,46,Pala 2,30.8
11,48,5.0,12.0,0.6814458761198209,0.9549271764283654,18.0,5.0,129,31,Pala 1,57.8
12,36,5.0,12.0,0.9376537855579782,0.7244216851730408,18.0,5.0,39,99,Pala 1,57.8
9,39,5.0,12.0,0.2118665397323024,0.6948177530213849,18.0,5.0,31,78,Pala 1,40.8
32,43,5.0,12.0,0.2559956205265771,0.6942038890626517,18.0,5.0,52,86,Pala 1,101.7
39,24,5.0,12.0,0.14900854341165115,0.8829674556481761,18.0,5.0,132,85,Pala 2,89.7
15,22,5.0,12.0,0.7367216436264017,0.2962367328755501,18.0,5.0,176,105,Pala 1,63.8
44,43,5.0,12.0,0.40656150342365927,0.30009210919380425,18.0,5.0,76,50,Pala 1,131.8
34,0,5.0,12.0,0.06269563888638408,0.7412138097049368,18.0,5.0,113,45,Pala 2,29.3
2,32,5.0,12.0,0.8749499914902802,0.2287051371501274,18.0,5.0,78,35,Pala 1,30.9
4,14,5.0,12.0,0.5576719047025667,0.9120200041479699,18.0,5.0,79,63,Pala 1,40.3
25,16,5.0,12.0,0.3310942920003558,0.534781725086886,18.0,5.0,46,88,Pala 2,71.2
10,33,5.0,12.0,0.34398297606109696,0.30012492809283176,18.0,5.0,77,96,Pala 1,43.5
6,16,5.0,12.0,0.29025122019090677,0.7760999296899824,18.0,5.0,150,70,Pala 1,36.5
9,40,5.0,12.0,0.4554801723926418,0.3123206298752961,18.0,5.0,31,176,Pala 1,39.9
41,43,5.0,12.0,0.337041688488145,0.9632783170718717,18.0,5.0,114,61,Pala 1,127.0
33,3,5.0,12.0,0.5479463040706094,0.9829892097249847,18.0,5.0,42,39,Pala 2,35.6
2,12,5.0,12.0,0.7735172522712942,0.6667962419661961,18.0,5.0,90,148,Pala 1,37.0
7,3,5.0,12.0,0.6744612834443735,0.11363388975022926,18.0,5.0,40,122,Pala 2,36.5
30,6,5.0,12.0,0.2944568927541171,0.2632088499332925,18.0,5.0,126,106,Pala 2,44.2
10,45,5.0,12.0,0.5287410115397793,0.5154169622160554,18.0,5.0,56,49,Pala 1,47.2
44,8,5.0,12.0,0.8401261599122508,0.8514474500979816,18.0,5.0,64,56,Pala 2,52.2
6,22,5.0,12.0,0.06820623474272547,0.18488649694202863,18.0,5.0,47,153,Pala 1,28.9
44,32,5.0,12.0,0.07829726698690476,0.10440345901393233,18.0,5.0,97,58,Pala 2,105.1
1,32,5.0,12.0,0.5561700680497534,0.07447748318903558,18.0,5.0,70,145,Pala 1,23.4
5,19,5.0,12.0,0.6391151283898032,0.5069675623600469,18.0,5.0,125,172,Pala 1,37.0
40,3,5.0,12.0,0.2114130157759041,0.8847009695947058,18.0,5.0,168,74,Pala 2,34.6
31,0,5.0,12.0,0.745220126691518,0.04235924264389235,18.0,5.0,96,59,Pala 2,26.4
19,41,5.0,12.0,0.6462633770407274,0.2123215339935346,18.0,5.0,81,67,Pala 1,69.1
33,33,5.0,12.0,0.9232892682362864,0.6932570158395017,18.0,5.0,148,61,Pala 2,111.4
49,26,5.0,12.0,0.1689542018585367,0.8258634351437154,18.0,5.0,114,79,Pala 2,95.3
15,20,5.0,12.0,0.7513742653580107,0.8073995292991696,18.0,5.0,99,100,Pala 1,65.9
24,23,5.0,12.0,0.08364309058326702,0.785068057320331,18.0,5.0,57,105,Pala 1,75.2
11,14,5.0,12.0,0.5652924095178975,0.12979980081333997,18.0,5.0,136,116,Pala 1,51.8
6,34,5.0,12.0,0.5518951394991458,0.3972375821829185,18.0,5.0,65,34,Pala 1,38.0
38,24,5.0,12.0,0.3883850446467406,0.9847446628317466,18.0,5.0,121,136,Pala 2,91.5
16,8,5.0,12.0,0.8445711476685672,0.9888875715880882,18.0,5.0,176,148,Pala 2,52.3
44,16,5.0,12.0,0.004370644786012234,0.6024273919541879,18.0,5.0,41,60,Pala 2,64.8
10,20,5.0,12.0,0.5201794018985207,0.7092672047211342,18.0,5.0,105,126,Pala 1,48.7
5,12,5.0,12.0,0.21715354983518742,0.9512837962853091,18.0,5.0,53,30,Pala 1,38.1
22,2,5.0,12.0,0.7434986191164329,0.4499278612412104,18.0,5.0,94,115,Pala 2,36.1
26,3,5.0,12.0,0.04306742630609717,0.13686685788379327,18.0,5.0,121,94,Pala 2,34.6
45,3,5.0,12.0,0.8315546881815776,0.6689488755160782,18.0,5.0,109,172,Pala 2,40.2
5,42,5.0,12.0,0.8380922267069515,0.9601023049005235,18.0,5.0,178,132,Pala 1,45.7
37,27,5.0,12.0,0.8328660124035029,0.6972060938662944,18.0,5.0,127,53,Pala 2,98.1
1,6,5.0,12.0,0.15256852673266985,0.8033211270237377,18.0,5.0,55,76,Pala 1,25.6
21,25,5.0,12.0,0.6304065185610449,0.4227488039706151,18.0,5.0,147,164,Pala 1,79.9
19,10,5.0,12.0,0.014367359183389605,0.09646315414485107,18.0,5.0,109,36,Pala 2,49.6
24,23,5.0,12.0,0.8479625912891998,0.1688820865517333,18.0,5.0,87,33,Pala 1,86.4
14,42,5.0,12.0,0.7229751935086205,0.9826548294354771,18.0,5.0,166,133,Pala 1,67.4
48,9,5.0,12.0,0.5311537308992527,0.49318431699428755,18.0,5.0,107,81,Pala 2,52.3
28,36,5.0,12.0,0.7305914330966171,0.012020590177249879,18.0,5.0,150,111,Pala 1,93.6
7,12,5.0,12.0,0.09432409665177222,0.9553672807311738,18.0,5.0,101,109,Pala 1,42.0
36,43,5.0,12.0,0.5286558321768563,0.497779911971053,18.0,5.0,31,77,Pala 1,110.8
48,41,5.0,12.0,0.29127649181644544,0.8362683982918376,18.0,5.0,31,124,Pala 2,131.8
32,38,5.0,12.0,0.972619463222973,0.5484581420368935,18.0,5.0,140,95,Pala 1,110.3
21,18,5.0,12.0,0.8571179506239017,0.10170228367476108,18.0,5.0,175,139,Pala 2,75.4
49,18,5.0,12.0,0.7332756958339769,0.6155695821319467,18.0,5.0,98,154,Pala 2,77.4
46,11,5.0,12.0,0.9337476352497319,0.9974002763196093,18.0,5.0,151,156,Pala 2,60.3
4,21,5.0,12.0,0.34684330456547374,0.03473778264594307,18.0,5.0,48,129,Pala 1,23.9
38,46,5.0,12.0,0.9008798989881812,0.841794197515044,18.0,5.0,48,69,Pala 1,126.3
17,36,5.0,12.0,0.3252382321067103,0.23548079565076496,18.0,5.0,141,64,Pala 1,60.2
37,29,5.0,12.0,0.732796719691153,0.39386622271218563,18.0,5.0,57,53,Pala 2,100.8
36,45,5.0,12.0,0.7364169117764491,0.37270951177289535,18.0,5.0,104,123,Pala 1,115.6
29,11,5.0,12.0,0.018349876454093472,0.8987971942691196,18.0,5.0,79,138,Pala 2,58.8
30,28,5.0,12.0,0.3610596982781952,0.5044861888318382,18.0,5.0,168,132,Pala 1,96.8
9,20,5.0,12.0,0.019432672408497886,0.4471742868344275,18.0,5.0,84,122,Pala 1,38.8
14,10,5.0,12.0,0.9970920176102486,0.8180251088367764,18.0,5.0,166,33,Pala 2,54.3
41,36,5.0,12.0,0.122196761829238,0.04890713430494775,18.0,5.0,171,134,Pala 2,115.3
47,47,5.0,12.0,0.5428108956481094,0.08645631509522378,18.0,5.0,142,107,Pala 1,138.5
43,17,5.0,12.0,0.7905562387626373,0.021688856876289297,18.0,5.0,178,131,Pala 2,68.7
17,43,5.0,12.0,0.20126360226089246,0.6879829040075507,18.0,5.0,77,145,Pala 1,66.2
22,26,5.0,12.0,0.48505266809547265,0.5256161370791812,18.0,5.0,87,127,Pala 1,76.8
32,36,5.0,12.0,0.6074287609211508,0.8760221258682827,18.0,5.0,166,65,Pala 1,108.3
15,47,5.0,12.0,0.16020475439554538,0.49853290297260566,18.0,5.0,47,108,Pala 1,53.9
37,11,5.0,12.0,0.7785554599115385,0.22181957276199415,18.0,5.0,41,64,Pala 2,57.5
34,22,5.0,12.0,0.2993364571893653,0.8051473731044161,18.0,5.0,153,58,Pala 2,84.5
33,33,5.0,12.0,0.21102307633884032,0.29432385423262286,18.0,5.0,45,65,Pala 1,99.0
27,37,5.0,12.0,0.5582887464374169,0.935689782152209,18.0,5.0,177,97,Pala 1,99.2
1,22,5.0,12.0,0.4103136276429379,0.25042388785224046,18.0,5.0,49,168,Pala 1,19.7
29,24,5.0,12.0,0.9202859446364178,0.1677206528702868,18.0,5.0,172,84,Pala 2,91.8
12,3,5.0,12.0,0.880062698198154,0.49332399151068784,18.0,5.0,54,78,Pala 2,37.8
40,29,5.0,12.0,0.4833506633888832,0.05051511797024333,18.0,5.0,174,86,Pala 2,97.8
15,29,5.0,12.0,0.35926377472559756,0.036411728482617645,18.0,5.0,41,128,Pala 1,55.9
4,12,5.0,12.0,0.3255179816312652,0.49601454525545796,18.0,5.0,138,116,Pala 1,29.4
27,41,5.0,12.0,0.2675636230815074,0.21510688079478757,18.0,5.0,68,84,Pala 1,81.9
38,48,5.0,12.0,0.5445478537124773,0.0093526383951813,18.0,5.0,100,85,Pala 1,109.5
44,13,5.0,12.0,0.8049786047345435,0.2960569114315217,18.0,5.0,76,103,Pala 2,61.3
19,46,5.0,12.0,0.31075660820355777,0.4773673538465919,18.0,5.0,54,33,Pala 1,63.6
23,7,5.0,12.0,0.1900940896880815,0.39428870146042316,18.0,5.0,147,138,Pala 2,47.4
26,23,5.0,12.0,0.4754838061832868,0.1354694661604231,18.0,5.0,62,159,Pala 1,85.0
29,17,5.0,12.0,0.06903441679766653,0.5796748278319775,18.0,5.0,58,176,Pala 2,67.8
44,34,5.0,12.0,0.7012790061297068,0.710332991147637,18.0,5.0,32,117,Pala 2,118.0
26,24,5.0,12.0,0.5183582663019336,0.6755391621632953,18.0,5.0,68,165,Pala 2,84.5
25,16,5.0,12.0,0.49637480797285416,0.3937619212832725,18.0,5.0,33,93,Pala 2,63.0
6,31,5.0,12.0,0.3004453795500225,0.137596151171114,18.0,5.0,124,163,Pala 1,33.4
41,23,5.0,12.0,0.9046734375317367,0.4994867734907227,18.0,5.0,163,113,Pala 2,87.4
46,6,5.0,12.0,0.0904862918495527,0.8904317549370827,18.0,5.0,167,43,Pala 2,38.0
37,12,5.0,12.0,0.8698240088870314,0.46872284894123284,18.0,5.0,41,133,Pala 2,58.0
4,26,5.0,12.0,0.37670520241592265,0.19568104974158762,18.0,5.0,147,134,Pala 1,28.6
22,47,5.0,12.0,0.8806235159750223,0.09305330309373039,18.0,5.0,95,155,Pala 1,81.9
27,4,5.0,12.0,0.7287614583323836,0.9439266380988796,18.0,5.0,160,100,Pala 2,39.2
33,35,5.0,12.0,0.1041707266620383,0.7430094088769149,18.0,5.0,93,138,Pala 1,100.5
14,25,5.0,12.0,0.8315362865093536,0.31296697270048235,18.0,5.0,64,59,Pala 1,60.4
31,41,5.0,12.0,0.6821768336995051,0.29535240620517444,18.0,5.0,141,37,Pala 1,101.4
25,44,5.0,12.0,0.03230191291534845,0.8952184867225975,18.0,5.0,81,171,Pala 1,83.1
47,30,5.0,12.0,0.13370268210966996,0.17756823480965112,18.0,5.0,63,77,Pala 2,102.1
30,9,5.0,12.0,0.6356280558356951,0.5350372896565445,18.0,5.0,113,57,Pala 2,50.4
18,45,5.0,12.0,0.6626005028802849,0.7135042751793014,18.0,5.0,109,163,Pala 1,70.8
8,25,5.0,12.0,0.746651432837595,0.3963903519656896,18.0,5.0,140,161,Pala 1,44.9
28,21,5.0,12.0,0.7202454007749819,0.039902342543088554,18.0,5.0,121,129,Pala 2,77.9
38,11,5.0,12.0,0.6595199546699549,0.22775881371952156,18.0,5.0,70,96,Pala 2,53.9
3,31,5.0,12.0,0.7662389017464225,0.9018081374423738,18.0,5.0,116,167,Pala 1,42.2
2,26,5.0,12.0,0.5750857058923728,0.5231189668395544,18.0,5.0,80,131,Pala 1,27.6
28,32,5.0,12.0,0.2607913855244549,0.8154412464879698,18.0,5.0,155,56,Pala 1,93.5
10,19,5.0,12.0,0.9123766137307182,0.5556855427906173,18.0,5.0,175,104,Pala 1,56.7
32,38,5.0,12.0,0.01821403093197793,0.9436020957123034,18.0,5.0,70,129,Pala 1,98.5
37,40,5.0,12.0,0.3665617198714902,0.9091340755568451,18.0,5.0,128,64,Pala 1,120.8
10,39,5.0,12.0,0.7288702930971633,0.4828880420104019,18.0,5.0,136,42,Pala 1,54.3
26,12,5.0,12.0,0.4271560411496743,0.3182740254363494,18.0,5.0,53,149,Pala 2,58.3
32,13,5.0,12.0,0.02483440748001431,0.6016687873456102,18.0,5.0,76,84,Pala 2,57.0
20,43,5.0,12.0,0.06598090311621319,0.6748876816694735,18.0,5.0,57,72,Pala 1,68.2
38,39,5.0,12.0,0.6486373691382886,0.4983550923006316,18.0,5.0,65,102,Pala 1,122.7
30,21,5.0,12.0,0.9648645994052997,0.8222832210950944,18.0,5.0,50,97,Pala 2,85.0
37,17,5.0,12.0,0.5518636358344989,0.1833285217848828,18.0,5.0,98,72,Pala 2,70.6
45,47,5.0,12.0,0.5067578180237691,0.33441183062403235,18.0,5.0,73,69,Pala 1,132.8
1,28,5.0,12.0,0.31832521305626726,0.686376357366453,18.0,5.0,150,143,Pala 1,26.6
26,42,5.0,12.0,0.25669067386606315,0.24668386538755727,18.0,5.0,179,32,Pala 1,85.4
35,15,5.0,12.0,0.020984981756284715,0.4398447446836339,18.0,5.0,177,150,Pala 2,63.9
10,45,5.0,12.0,0.27295486764047117,0.9637335466282927,18.0,5.0,31,174,Pala 1,46.8
46,34,5.0,12.0,0.4491104408652524,0.6258759726865741,18.0,5.0,70,109,Pala 2,108.5
17,33,5.0,12.0,0.19794978304895017,0.9490572346411257,18.0,5.0,83,68,Pala 1,64.6
0,2,5.0,12.0,0.08734798848142922,0.7224414032485759,18.0,5.0,175,126,Pala 1,17.8
34,3,5.0,12.0,0.7177278672546026,0.7246667696671729,18.0,5.0,162,106,Pala 2,39.4
34,4,5.0,12.0,0.8946202690680671,0.5918571736902056,18.0,5.0,75,105,Pala 2,44.8
30,9,5.0,12.0,0.9367720696870856,0.1422085948147268,18.0,5.0,104,176,Pala 2,55.7
27,28,5.0,12.0,0.6179987284969893,0.5197142908862877,18.0,5.0,178,51,Pala 1,90.6
38,31,5.0,12.0,0.052774582599281805,0.252666200503471,18.0,5.0,179,37,Pala 2,107.1
0,30,5.0,12.0,0.7408626299617734,0.9986725543512802,18.0,5.0,32,137,Pala 1,28.8
24,1,5.0,12.0,0.11009530526188638,0.26696194010122054,18.0,5.0,38,157,Pala 2,29.7
42,11,5.0,12.0,0.6697481176878239,0.2306858434614485,18.0,5.0,31,47,Pala 2,56.2
37,26,5.0,12.0,0.7793658357478758,0.6238831551240446,18.0,5.0,57,163,Pala 2,97.8
19,4,5.0,12.0,0.7258647108264727,0.5109488132196301,18.0,5.0,63,33,Pala 2,39.2
2,36,5.0,12.0,0.9518838057611306,0.02135291325451416,18.0,5.0,88,146,Pala 1,28.7
1,26,5.0,12.0,0.7381462844673897,0.12953317899246986,18.0,5.0,39,41,Pala 1,23.1
17,22,5.0,12.0,0.6932097779818085,0.8110429418275126,18.0,5.0,112,141,Pala 1,70.3
43,32,5.0,12.0,0.2617431721831024,0.4836919551475606,18.0,5.0,122,66,Pala 2,105.4
9,3,5.0,12.0,0.9247686864359017,0.14601521482301438,18.0,5.0,31,31,Pala 2,36.4
4,20,5.0,12.0,0.1795438707941669,0.4652425628357336,18.0,5.0,77,32,Pala 1,29.8
8,23,5.0,12.0,0.9048966114731264,0.2531490830824037,18.0,5.0,163,114,Pala 1,44.9
1,43,5.0,12.0,0.31266254334591037,0.22359146111234374,18.0,5.0,73,68,Pala 1,17.5
33,30,5.0,12.0,0.13016359387766874,0.9577252764451044,18.0,5.0,65,106,Pala 1,99.4
37,43,5.0,12.0,0.8266830272711707,0.362024526857741,18.0,5.0,165,141,Pala 1,120.4
30,47,5.0,12.0,0.002495453600829145,0.04643110467233913,18.0,5.0,112,47,Pala 1,88.9
9,23,5.0,12.0,0.8320883176808307,0.9703266726373028,18.0,5.0,39,42,Pala 1,54.8
49,48,5.0,12.0,0.2623118420459759,0.7948395747721578,18.0,5.0,131,43,Pala 1,147.9
11,9,5.0,12.0,0.8847212727556213,0.2544133065641585,18.0,5.0,122,70,Pala 2,49.9
35,48,5.0,12.0,0.6914791822415791,0.40889183470539137,18.0,5.0,48,69,Pala 1,111.4
20,48,5.0,12.0,0.6661833328505901,0.8622895745951284,18.0,5.0,47,118,Pala 1,76.8
48,49,5.0,12.0,0.3653195631648434,0.35741351932327425,18.0,5.0,144,130,Pala 1,142.7
46,1,5.0,12.0,0.05940297389077098,0.5674040420065989,18.0,5.0,52,77,Pala 2,29.5
5,30,5.0,12.0,0.8300730982055773,0.5348568696646127,18.0,5.0,158,39,Pala 1,42.5
47,24,5.0,12.0,0.17090379517652798,0.40129454862879965,18.0,5.0,88,150,Pala 2,87.6
48,3,5.0,12.0,0.3722586418947522,0.6395019018137161,18.0,5.0,136,83,Pala 2,32.8
2,10,5.0,12.0,0.6003546855090818,0.4732907373018863,18.0,5.0,160,78,Pala 1,32.1
9,16,5.0,12.0,0.4822537385606217,0.02123049167397284,18.0,5.0,39,113,Pala 1,39.8
4,43,5.0,12.0,0.19866063517131805,0.8143831076479375,18.0,5.0,152,79,Pala 1,30.7
45,1,5.0,12.0,0.1406163568822839,0.11315578275371929,18.0,5.0,78,178,Pala 2,34.3
25,5,5.0,12.0,0.12324627225029061,0.4640899308913634,18.0,5.0,85,126,Pala 2,39.2
20,8,5.0,12.0,0.8630078814992009,0.5799007909274971,18.0,5.0,119,97,Pala 2,48.0
44,4,5.0,12.0,0.031559549061333625,0.7055060541932908,18.0,5.0,173,128,Pala 2,35.5
25,19,5.0,12.0,0.9770142595998943,0.41079653528794946,18.0,5.0,68,113,Pala 2,76.8
37,28,5.0,12.0,0.1985286903854141,0.7355484870305314,18.0,5.0,138,163,Pala 2,97.9
43,20,5.0,12.0,0.11032229687907813,0.13135008471857024,18.0,5.0,125,163,Pala 2,77.3
25,8,5.0,12.0,0.5769716547767951,0.653445548270779,18.0,5.0,73,89,Pala 2,52.1
7,27,5.0,12.0,0.07998595794069663,0.8263389275857029,18.0,5.0,37,110,Pala 1,34.2
4,7,5.0,12.0,0.6024532631635949,0.8894439728375012,18.0,5.0,165,176,Pala 1,43.0
14,30,5.0,12.0,0.8506266448136132,0.5795664959538892,18.0,5.0,74,142,Pala 1,61.5
15,19,5.0,12.0,0.047898021467424834,0.3128951980750373,18.0,5.0,168,46,Pala 1,54.7
0,26,5.0,12.0,0.7998686045285441,0.16335651171362642,18.0,5.0,126,160,Pala 1,27.0
15,7,5.0,12.0,0.3944774409821187,0.34555875287744486,18.0,5.0,46,139,Pala 2,47.3
36,20,5.0,12.0,0.15949063383120998,0.5399743731544397,18.0,5.0,112,63,Pala 2,77.3
2,27,5.0,12.0,0.17609648026745905,0.19633022399156053,18.0,5.0,108,91,Pala 1,20.3
46,22,5.0,12.0,0.9187645436942262,0.9525149056930929,18.0,5.0,85,116,Pala 2,88.6
30,5,5.0,12.0,0.11060575194066447,0.8971354288729094,18.0,5.0,73,152,Pala 2,43.7
12,2,5.0,12.0,0.866782787115657,0.03295719486543125,18.0,5.0,82,152,Pala 2,40.7
15,4,5.0,12.0,0.5442446209836146,0.5619617982303888,18.0,5.0,68,156,Pala 2,40.4
42,8,5.0,12.0,0.03905617881643908,0.7893087902466132,18.0,5.0,159,111,Pala 2,49.0
20,6,5.0,12.0,0.4644761457173383,0.24539195993400698,18.0,5.0,127,89,Pala 2,37.0
1,3,5.0,12.0,0.8174495144763007,0.5238962323927439,18.0,5.0,54,172,Pala 1,28.6
26,38,5.0,12.0,0.7262027876391004,0.405991882409379,18.0,5.0,109,74,Pala 1,93.0
37,4,5.0,12.0,0.48878241768471786,0.19654626421807642,18.0,5.0,61,104,Pala 2,36.7
25,10,5.0,12.0,0.860049879696217,0.6147373838758227,18.0,5.0,108,132,Pala 2,56.6
37,14,5.0,12.0,0.1203647617802297,0.993692175406831,18.0,5.0,107,38,Pala 2,65.5
45,33,5.0,12.0,0.9099410533923689,0.36528726027994485,18.0,5.0,108,64,Pala 2,109.5
24,12,5.0,12.0,0.8464412084833488,0.552379008264467,18.0,5.0,100,39,Pala 2,57.5
10,47,5.0,12.0,0.708276825657236,0.32785468162150055,18.0,5.0,36,133,Pala 1,46.8
7,6,5.0,12.0,0.8178877421287493,0.8769486168024969,18.0,5.0,47,156,Pala 2,46.2
7,39,5.0,12.0,0.543815506842666,0.8646027004236931,18.0,5.0,46,145,Pala 1,47.5
32,5,5.0,12.0,0.6751624290976669,0.17877338794797026,18.0,5.0,146,74,Pala 2,39.5
6,38,5.0,12.0,0.5605980707077789,0.8999488742380607,18.0,5.0,133,106,Pala 1,39.3
37,49,5.0,12.0,0.3554285305079493,0.1515087110560671,18.0,5.0,106,147,Pala 1,109.8
20,29,5.0,12.0,0.5688607973611776,0.09543995962533425,18.0,5.0,88,82,Pala 1,70.8
7,21,5.0,12.0,0.2574653325319257,0.6529346157015319,18.0,5.0,40,113,Pala 1,40.4
20,24,5.0,12.0,0.44027917084078527,0.385904105869895,18.0,5.0,154,31,Pala 1,73.9
19,27,5.0,12.0,0.2807754072602432,0.5307405934618707,18.0,5.0,80,161,Pala 1,65.2
7,19,5.0,12.0,0.12288778946138901,0.6525707819374634,18.0,5.0,36,48,Pala 1,34.5
45,38,5.0,12.0,0.32186185638990616,0.05283723779298488,18.0,5.0,66,128,Pala 2,124.9
30,2,5.0,12.0,0.8519872181847706,0.2929531710909934,18.0,5.0,34,168,Pala 2,36.9
49,4,5.0,12.0,0.3810807706423057,0.4609063117688671,18.0,5.0,91,112,Pala 2,38.0
28,0,5.0,12.0,0.7480036489688691,0.2665874098059319,18.0,5.0,103,171,Pala 2,31.7
47,14,5.0,12.0,0.17519785423816125,0.04897138428552095,18.0,5.0,119,98,Pala 2,61.0
8,25,5.0,12.0,0.4244191591676416,0.08667657323105338,18.0,5.0,108,171,Pala 1,38.3
14,2,5.0,12.0,0.11485606933517656,0.8017478687537335,18.0,5.0,84,169,Pala 2,30.8
29,39,5.0,12.0,0.1386210633674897,0.911386759212926,18.0,5.0,173,153,Pala 1,93.7
25,40,5.0,12.0,0.6174363798900692,0.15223330243044886,18.0,5.0,121,113,Pala 1,82.1
9,46,5.0,12.0,0.6074818174490111,0.2492619572914857,18.0,5.0,103,147,Pala 1,46.0
28,41,5.0,12.0,0.21337190735486222,0.6522494047310696,18.0,5.0,85,146,Pala 1,90.8
15,33,5.0,12.0,0.47442319428879864,0.9542717760924472,18.0,5.0,90,47,Pala 1,62.6
35,4,5.0,12.0,0.8633061669779479,0.2995897091332711,18.0,5.0,133,30,Pala 2,41.4
19,30,5.0,12.0,0.17420150867648287,0.8552136262360012,18.0,5.0,146,136,Pala 1,72.1
44,12,5.0,12.0,0.019210533073514835,0.5060246444503764,18.0,5.0,107,33,Pala 2,58.7
36,42,5.0,12.0,0.6519951406635723,0.9565586390807804,18.0,5.0,62,41,Pala 1,117.6
21,0,5.0,12.0,0.053498208088684995,0.1362586624281913,18.0,5.0,84,130,Pala 2,27.7
6,21,5.0,12.0,0.9799402385724459,0.9736723982079865,18.0,5.0,47,108,Pala 1,47.7
22,14,5.0,12.0,0.609620283798881,0.44097862782950803,18.0,5.0,169,81,Pala 2,62.4
40,25,5.0,12.0,0.4703963528439723,0.9529383904262617,18.0,5.0,103,128,Pala 2,94.0
39,17,5.0,12.0,0.42999254002430676,0.45869021705151924,18.0,5.0,50,119,Pala 2,73.0
28,47,5.0,12.0,0.5730706585169314,0.5300821341205781,18.0,5.0,126,44,Pala 1,94.9
15,8,5.0,12.0,0.09062443672021492,0.804775009777321,18.0,5.0,178,165,Pala 2,50.3
37,0,5.0,12.0,0.9300190588194958,0.722628500739394,18.0,5.0,179,59,Pala 2,31.2
27,42,5.0,12.0,0.6256420685518778,0.6196033204172855,18.0,5.0,75,156,Pala 1,94.0
47,8,5.0,12.0,0.1839784976109088,0.416980023589556,18.0,5.0,70,155,Pala 2,47.9
37,22,5.0,12.0,0.5625810537646628,0.7924383673996058,18.0,5.0,34,124,Pala 2,86.4
30,42,5.0,12.0,0.13325650583301163,0.9482283332893204,18.0,5.0,73,37,Pala 1,97.1
13,44,5.0,12.0,0.017552717558312114,0.009810896943026837,18.0,5.0,173,122,Pala 1,47.4
32,1,5.0,12.0,0.630516985213998,0.5878450964526611,18.0,5.0,34,174,Pala 2,35.1
8,13,5.0,12.0,0.6484833418701278,0.8659809289783484,18.0,5.0,91,45,Pala 1,47.8
26,37,5.0,12.0,0.5836965828034155,0.6531125373455573,18.0,5.0,119,142,Pala 1,94.9
23,39,5.0,12.0,0.18348320436002308,0.8008292578333368,18.0,5.0,55,74,Pala 1,79.8
12,17,5.0,12.0,0.603429858494767,0.8950611038489854,18.0,5.0,90,167,Pala 1,55.6
25,15,5.0,12.0,0.056510940924519804,0.7509510158530579,18.0,5.0,98,176,Pala 2,61.7
28,28,5.0,12.0,0.6092383555719223,0.7170174013647661,18.0,5.0,79,79,Pala 1,95.1
48,43,5.0,12.0,0.5540170191076188,0.9647458913639183,18.0,5.0,154,89,Pala 2,137.7
42,10,5.0,12.0,0.6552548308390995,0.8636846578915727,18.0,5.0,65,97,Pala 2,58.8
27,5,5.0,12.0,0.8954756057523938,0.8153778695827738,18.0,5.0,59,156,Pala 2,41.1
27,2,5.0,12.0,0.8503581052395366,0.08640336047187613,18.0,5.0,98,109,Pala 2,32.3
7,13,5.0,12.0,0.9806541915625387,0.23902988313941786,18.0,5.0,51,118,Pala 1,41.6
22,1,5.0,12.0,0.976241032936575,0.5567560243250895,18.0,5.0,62,115,Pala 2,33.0
28,31,5.0,12.0,0.7723196933737526,0.7095601049748137,18.0,5.0,98,57,Pala 1,101.5
4,30,5.0,12.0,0.956419622177728,0.3032148933004769,18.0,5.0,125,92,Pala 1,37.2
41,10,5.0,12.0,0.867283885889112,0.09332811312082334,18.0,5.0,79,147,Pala 2,53.8
6,21,5.0,12.0,0.7275824498949729,0.31109918681524773,18.0,5.0,52,156,Pala 1,39.2
41,2,5.0,12.0,0.0753842546437552,0.7710291805805192,18.0,5.0,167,102,Pala 2,34.6
35,49,5.0,12.0,0.049049888269887765,0.8774010293413731,18.0,5.0,143,95,Pala 1,104.8
40,30,5.0,12.0,0.8375995675057702,0.9129036483443428,18.0,5.0,46,57,Pala 2,108.7
26,32,5.0,12.0,0.4896558578716983,0.37886667914414773,18.0,5.0,120,89,Pala 1,84.2
45,23,5.0,12.0,0.8146066843749209,0.3725385748601965,18.0,5.0,165,157,Pala 2,87.2
1,0,5.0,12.0,0.3129182706552194,0.40670747097179105,18.0,5.0,151,54,Pala 1,20.9
24,43,5.0,12.0,0.3976498583230128,0.3758094694214478,18.0,5.0,163,178,Pala 1,82.3
8,14,5.0,12.0,0.7001867210119319,0.6661966075072097,18.0,5.0,100,54,Pala 1,49.0
26,36,5.0,12.0,0.9153267369320932,0.3583232621319927,18.0,5.0,119,87,Pala 1,93.4
0,26,5.0,12.0,0.08776147447888594,0.020343936614245828,18.0,5.0,83,67,Pala 1,11.1
22,37,5.0,12.0,0.8614781446346063,0.43902460068787175,18.0,5.0,52,75,Pala 1,80.6
9,47,5.0,12.0,0.7930127248793652,0.22415206617858774,18.0,5.0,80,142,Pala 1,47.9
41,26,5.0,12.0,0.31553927072985466,0.028807137784619963,18.0,5.0,87,129,Pala 2,94.9
24,43,5.0,12.0,0.3552166141315596,0.4708429515340482,18.0,5.0,176,161,Pala 1,80.8
2,11,5.0,12.0,0.04646147722190963,0.20595455919829309,18.0,5.0,54,176,Pala 1,21.7
5,2,5.0,12.0,0.015740611116717984,0.4527418148397341,18.0,5.0,178,53,Pala 1,31.2
5,29,5.0,12.0,0.4770061263577291,0.2777499866102865,18.0,5.0,152,84,Pala 1,32.9
1,31,5.0,12.0,0.09553964549731053,0.6037088702804332,18.0,5.0,54,101,Pala 1,21.5
17,22,5.0,12.0,0.19400181441521303,0.9908773868739594,18.0,5.0,154,156,Pala 1,65.4
22,1,5.0,12.0,0.8467671995266636,0.5472319207116649,18.0,5.0,100,94,Pala 2,35.0
1,6,5.0,12.0,0.5710283912504525,0.64689591689277,18.0,5.0,64,97,Pala 1,29.5
11,33,5.0,12.0,0.6336324372661134,0.9192757577512013,18.0,5.0,99,169,Pala 1,54.6
21,31,5.0,12.0,0.18747933083192003,0.3740004177250916,18.0,5.0,133,178,Pala 1,71.5
36,38,5.0,12.0,0.8286618044544195,0.16654844978558303,18.0,5.0,172,176,Pala 1,116.8
19,31,5.0,12.0,0.8679797724397476,0.2827972829305533,18.0,5.0,78,99,Pala 1,75.2
38,42,5.0,12.0,0.5233275937130434,0.40279494071454924,18.0,5.0,97,83,Pala 1,119.7
23,42,5.0,12.0,0.9125577718786598,0.6450176812558382,18.0,5.0,36,32,Pala 1,88.8
47,13,5.0,12.0,0.8448286249545817,0.00458802942972103,18.0,5.0,123,62,Pala 2,60.3
19,2,5.0,12.0,0.731324176674438,0.8533832147669843,18.0,5.0,157,36,Pala 2,33.2
0,45,5.0,12.0,0.7340759156936286,0.07609397304983045,18.0,5.0,110,134,Pala 1,27.7
0,31,5.0,12.0,0.10539347395086329,0.9006551489185505,18.0,5.0,67,30,Pala 1,23.0
16,42,5.0,12.0,0.2708360376956658,0.9494345212048988,18.0,5.0,123,175,Pala 1,66.1
0,35,5.0,12.0,0.06684721981767605,0.990102794112134,18.0,5.0,74,110,Pala 1,23.0
44,16,5.0,12.0,0.008681209226308662,0.8095101844068776,18.0,5.0,132,68,Pala 2,68.0
29,47,5.0,12.0,0.15830953138391013,0.1418555259401526,18.0,5.0,166,153,Pala 1,91.1
40,2,5.0,12.0,0.88048718264694,0.7061670432251863,18.0,5.0,84,40,Pala 2,36.0
46,9,5.0,12.0,0.23987405903605152,0.2033212906081765,18.0,5.0,81,130,Pala 2,52.1
2,46,5.0,12.0,0.9701539625917217,0.897127835580404,18.0,5.0,140,74,Pala 1,39.0
45,39,5.0,12.0,0.5972909995612061,0.31660592565534473,18.0,5.0,78,160,Pala 2,129.3
10,17,5.0,12.0,0.23725848763469037,0.32679597707504116,18.0,5.0,99,89,Pala 1,40.9
23,2,5.0,12.0,0.4971308034842128,0.9176532959148667,18.0,5.0,140,121,Pala 2,32.7
21,38,5.0,12.0,0.21909482270011538,0.013231070783704557,18.0,5.0,160,87,Pala 1,69.6
43,9,5.0,12.0,0.9839735581823739,0.19396615148356977,18.0,5.0,97,140,Pala 2,53.1
44,8,5.0,12.0,0.8472649839049639,0.42193226656345506,18.0,5.0,130,63,Pala 2,45.6
25,45,5.0,12.0,0.026238788782329103,0.700721567310193,18.0,5.0,67,90,Pala 1,79.0
12,45,5.0,12.0,0.9477760314674711,0.6475661660447354,18.0,5.0,78,150,Pala 1,60.7
0,10,5.0,12.0,0.7210651073028873,0.6694118751671491,18.0,5.0,121,139,Pala 1,24.9
23,32,5.0,12.0,0.08238125202127833,0.8800220284106641,18.0,5.0,37,173,Pala 1,81.8
9,35,5.0,12.0,0.6706377463264456,0.12103041229325662,18.0,5.0,145,154,Pala 1,45.8
34,25,5.0,12.0,0.6469266979656855,0.5221616962187704,18.0,5.0,124,44,Pala 2,91.0
23,26,5.0,12.0,0.21878874580758345,0.7254776891024886,18.0,5.0,58,33,Pala 1,76.1
27,37,5.0,12.0,0.7584467000075756,0.6361184429241645,18.0,5.0,108,52,Pala 1,99.0
35,21,5.0,12.0,0.08706470331296712,0.4483141199392675,18.0,5.0,53,109,Pala 2,80.7
15,25,5.0,12.0,0.4894451812312478,0.017114585872163968,18.0,5.0,178,45,Pala 1,55.8
39,21,5.0,12.0,0.009923207163087922,0.06045226564788464,18.0,5.0,142,117,Pala 2,79.1
15,4,5.0,12.0,0.9687374888947464,0.11894132685383663,18.0,5.0,52,82,Pala 2,38.6
16,34,5.0,12.0,0.7515636317769093,0.34322775283536355,18.0,5.0,124,39,Pala 1,62.0
14,1,5.0,12.0,0.15885207615965602,0.11765345266714688,18.0,5.0,179,175,Pala 2,30.3
15,34,5.0,12.0,0.341674039951283,0.42608231306260835,18.0,5.0,96,82,Pala 1,55.8
14,8,5.0,12.0,0.16056237780817628,0.1786419905855794,18.0,5.0,147,45,Pala 2,45.0
33,48,5.0,12.0,0.7666174641293146,0.7791661975262061,18.0,5.0,102,157,Pala 1,110.8
10,17,5.0,12.0,0.05889632542771517,0.8714876167122156,18.0,5.0,35,144,Pala 1,47.9
0,42,5.0,12.0,0.8404066555637142,0.3896475079681758,18.0,5.0,94,86,Pala 1,27.4
14,11,5.0,12.0,0.9421963388357298,0.5113317653156387,18.0,5.0,51,52,Pala 2,57.5
25,2,5.0,12.0,0.6766279428062999,0.9534962415609416,18.0,5.0,138,69,Pala 2,33.2
3,17,5.0,12.0,0.2129654500014342,0.5355077553486204,18.0,5.0,145,171,Pala 1,26.2
42,37,5.0,12.0,0.3600900958135508,0.9950732158434249,18.0,5.0,84,109,Pala 2,123.0
4,6,5.0,12.0,0.47723987480893126,0.14213099369205462,18.0,5.0,48,47,Pala 1,31.0
34,32,5.0,12.0,0.6046247722022537,0.8622264205966984,18.0,5.0,137,133,Pala 2,107.5
12,5,5.0,12.0,0.6686630898116874,0.49720300267296536,18.0,5.0,158,30,Pala 2,41.8
9,17,5.0,12.0,0.5542147153188828,0.022714111249668156,18.0,5.0,77,110,Pala 1,42.8
10,44,5.0,12.0,0.35131392082185575,0.9722229414393485,18.0,5.0,171,121,Pala 1,50.8
17,21,5.0,12.0,0.890917280564903,0.9650478997433579,18.0,5.0,46,146,Pala 1,71.3
33,38,5.0,12.0,0.08139205801795824,0.38327084018288715,18.0,5.0,125,94,Pala 1,96.8
38,8,5.0,12.0,0.46625605424349503,0.9541420710859049,18.0,5.0,59,47,Pala 2,52.4
40,34,5.0,12.0,0.7755648384674807,0.14100964223854573,18.0,5.0,150,119,Pala 2,117.6
41,22,5.0,12.0,0.060872665291400896,0.6801101411206822,18.0,5.0,140,43,Pala 2,82.6
49,11,5.0,12.0,0.7053352168113012,0.19192898688783455,18.0,5.0,127,48,Pala 2,55.1
22,23,5.0,12.0,0.819711622753325,0.24664723633482766,18.0,5.0,149,111,Pala 1,83.2
6,49,5.0,12.0,0.6608312985270522,0.7793374372026054,18.0,5.0,171,138,Pala 1,44.7
38,39,5.0,12.0,0.012936892275355993,0.37735808456529496,18.0,5.0,63,36,Pala 1,111.9
2,8,5.0,12.0,0.18013702713220625,0.0071275028286211795,18.0,5.0,140,93,Pala 1,19.5
11,12,5.0,12.0,0.34211307889195075,0.41423842419559453,18.0,5.0,115,31,Pala 1,50.3
6,39,5.0,12.0,0.2336900356380459,0.22806932063295948,18.0,5.0,137,36,Pala 1,32.6
48,41,5.0,12.0,0.9626521402274274,0.6833299135582912,18.0,5.0,147,57,Pala 2,133.0
25,16,5.0,12.0,0.6515939141137936,0.1944486967235003,18.0,5.0,140,121,Pala 2,70.2
32,6,5.0,12.0,0.2969709573515703,0.8422535284364757,18.0,5.0,87,110,Pala 2,47.2
36,16,5.0,12.0,0.9296974986654456,0.2670930121081643,18.0,5.0,47,59,Pala 2,71.4
47,49,5.0,12.0,0.7405941994761869,0.3930282582830137,18.0,5.0,140,114,Pala 1,145.3
14,23,5.0,12.0,0.28460721182704196,0.298036860797098,18.0,5.0,132,65,Pala 1,53.1
1,1,5.0,12.0,0.3788815694019554,0.6439233478093658,18.0,5.0,169,145,Pala 1,24.8
40,34,5.0,12.0,0.19942885830395674,0.1011635412263967,18.0,5.0,159,51,Pala 2,108.6
6,27,5.0,12.0,0.9710739982658219,0.4780993726982441,18.0,5.0,57,108,Pala 1,44.0
31,18,5.0,12.0,0.5172964958900732,0.33445481521505815,18.0,5.0,149,107,Pala 2,72.3
3,32,5.0,12.0,0.8960566874979846,0.8841379632883147,18.0,5.0,152,155,Pala 1,42.9
19,20,5.0,12.0,0.3464997710168477,0.07341209357439238,18.0,5.0,71,39,Pala 1,64.3
49,9,5.0,12.0,0.8608416030974757,0.8296950649328547,18.0,5.0,32,51,Pala 2,48.1
35,45,5.0,12.0,0.05388684842716396,0.16768047652990914,18.0,5.0,116,81,Pala 1,99.1
31,44,5.0,12.0,0.982090317524288,0.08857765992995514,18.0,5.0,170,77,Pala 1,104.5
27,8,5.0,12.0,0.9120343670333027,0.202322858123008,18.0,5.0,86,98,Pala 2,48.0
12,37,5.0,12.0,0.36320294477665493,0.10265298201181039,18.0,5.0,160,30,Pala 1,45.5
0,5,5.0,12.0,0.7747221653145774,0.5209839482021256,18.0,5.0,143,126,Pala 1,25.6
34,41,5.0,12.0,0.752257926473826,0.9882149529157813,18.0,5.0,67,100,Pala 1,118.4
47,34,5.0,12.0,0.9012547971029317,0.03432735192425884,18.0,5.0,88,172,Pala 2,115.8
29,17,5.0,12.0,0.3072549811288111,0.46112834931946134,18.0,5.0,57,110,Pala 2,69.0
35,18,5.0,12.0,0.4655200053141495,0.38607032910786176,18.0,5.0,55,78,Pala 2,74.4
24,4,5.0,12.0,0.8649996126060531,0.33960641424640037,18.0,5.0,113,124,Pala 2,39.9
15,24,5.0,12.0,0.778579454135216,0.3318636104333609,18.0,5.0,120,147,Pala 1,61.4
18,10,5.0,12.0,0.39346671874027916,0.8950127566264622,18.0,5.0,94,127,Pala 2,54.1
0,9,5.0,12.0,0.8457252329121221,0.01897615020840404,18.0,5.0,103,103,Pala 1,24.2
4,16,5.0,12.0,0.04695403923240149,0.7749163873801383,18.0,5.0,90,66,Pala 1,29.4
21,35,5.0,12.0,0.7820463029629902,0.2529331788059417,18.0,5.0,30,103,Pala 1,78.3
23,25,5.0,12.0,0.20676585943370063,0.38329551081757485,18.0,5.0,61,157,Pala 1,77.6
42,30,5.0,12.0,0.2861209078237872,0.4201499128485777,18.0,5.0,170,39,Pala 2,101.2
44,31,5.0,12.0,0.49321484359559364,0.3047317540737434,18.0,5.0,46,131,Pala 2,106.9
36,20,5.0,12.0,0.4497345010699739,0.09355886183539786,18.0,5.0,118,82,Pala 2,79.0
35,17,5.0,12.0,0.5205701068698809,0.11433084882943478,18.0,5.0,81,165,Pala 2,76.5
35,17,5.0,12.0,0.5447755956720238,0.2981311240826443,18.0,5.0,143,104,Pala 2,69.8
3,0,5.0,12.0,0.33152769103149693,0.8218090528872506,18.0,5.0,76,113,Pala 2,26.7
35,13,5.0,12.0,0.17522751301703,0.13462765278741184,18.0,5.0,61,80,Pala 2,58.0
17,7,5.0,12.0,0.768481229287306,0.7426398331459307,18.0,5.0,124,100,Pala 2,45.7
49,1,5.0,12.0,0.3999761490871421,0.2888697294292877,18.0,5.0,152,178,Pala 2,28.3
15,14,5.0,12.0,0.505840862459059,0.8834649351120928,18.0,5.0,136,137,Pala 1,67.4
40,33,5.0,12.0,0.6446967183511181,0.4283284754006409,18.0,5.0,157,35,Pala 2,108.8
17,35,5.0,12.0,0.909637922306656,0.17172331329737556,18.0,5.0,109,60,Pala 1,70.1
21,0,5.0,12.0,0.7075528311402199,0.9858444501105103,18.0,5.0,118,169,Pala 2,33.8
1,20,5.0,12.0,0.04545922559038451,0.17663451922991158,18.0,5.0,69,130,Pala 1,13.7
20,41,5.0,12.0,0.8385603633980176,0.5676198212322694,18.0,5.0,57,170,Pala 1,78.0
35,0,5.0,12.0,0.9893550151275191,0.5692864780961342,18.0,5.0,110,78,Pala 2,31.7
43,31,5.0,12.0,0.47248502537138215,0.37281345117777986,18.0,5.0,60,60,Pala 2,105.5
38,19,5.0,12.0,0.9695903364546007,0.951488592549131,18.0,5.0,148,38,Pala 2,79.4
46,46,5.0,12.0,0.5473287423431494,0.8438745624117316,18.0,5.0,116,145,Pala 1,140.5
38,35,5.0,12.0,0.4596159958719498,0.829819560838242,18.0,5.0,60,144,Pala 2,116.3
28,38,5.0,12.0,0.33140476472745506,0.9741519354294779,18.0,5.0,33,80,Pala 1,93.5
25,29,5.0,12.0,0.6575548758333388,0.45710933819631683,18.0,5.0,136,101,Pala 1,86.5
20,6,5.0,12.0,0.2298204205250446,0.09718577562002928,18.0,5.0,136,157,Pala 2,44.8
16,21,5.0,12.0,0.10493421851440432,0.7654559254497938,18.0,5.0,136,91,Pala 1,59.9
15,49,5.0,12.0,0.02723710258421408,0.3808125794519338,18.0,5.0,146,87,Pala 1,53.2
30,44,5.0,12.0,0.29238011271526376,0.1903451518035183,18.0,5.0,108,172,Pala 1,96.1
8,9,5.0,12.0,0.39577083216703823,0.4832473432202534,18.0,5.0,52,99,Pala 1,40.7
30,7,5.0,12.0,0.5520766962812478,0.9257189401671633,18.0,5.0,134,37,Pala 2,44.7
13,26,5.0,12.0,0.29274982518700643,0.1713570190146284,18.0,5.0,145,92,Pala 1,49.3
48,9,5.0,12.0,0.9840595723854112,0.8486988152297419,18.0,5.0,84,60,Pala 2,55.1
36,13,5.0,12.0,0.2917451682411676,0.41820494161511734,18.0,5.0,173,117,Pala 2,62.5
1,45,5.0,12.0,0.4409753884464087,0.13680198070314198,18.0,5.0,87,144,Pala 1,21.3
47,10,5.0,12.0,0.10327616553190033,0.8483823039886564,18.0,5.0,136,70,Pala 2,53.3
45,5,5.0,12.0,0.26062651333707565,0.9696203411914286,18.0,5.0,30,30,Pala 2,40.4
13,20,5.0,12.0,0.04833213978899109,0.29127071583501163,18.0,5.0,156,103,Pala 1,47.7
32,32,5.0,12.0,0.559508633437328,0.30353620984206886,18.0,5.0,123,62,Pala 1,102.3
34,18,5.0,12.0,0.7510646831324317,0.39054598303993315,18.0,5.0,163,137,Pala 2,76.2
38,38,5.0,12.0,0.19570981433606793,0.8141303644608071,18.0,5.0,81,66,Pala 1,114.6
46,23,5.0,12.0,0.36791093781607076,0.010417196739499812,18.0,5.0,48,153,Pala 2,86.9
19,17,5.0,12.0,0.016616226727160566,0.22395655173753437,18.0,5.0,131,86,Pala 1,60.2
1,34,5.0,12.0,0.8395220557222121,0.7058998111063262,18.0,5.0,48,40,Pala 1,32.6
40,42,5.0,12.0,0.7799635249316695,0.4056394504855261,18.0,5.0,68,113,Pala 1,126.6
18,36,5.0,12.0,0.06325403087429238,0.33029562296812753,18.0,5.0,137,76,Pala 1,60.5
36,18,5.0,12.0,0.3648676093204113,0.8722828889020174,18.0,5.0,94,118,Pala 2,75.2
17,23,5.0,12.0,0.9552866138494954,0.9173339201462394,18.0,5.0,76,152,Pala 1,75.6
15,33,5.0,12.0,0.39202705607897703,0.9479862191661954,18.0,5.0,170,161,Pala 1,64.2
3,21,5.0,12.0,0.5262086767240161,0.27255053265429663,18.0,5.0,103,112,Pala 1,31.1
11,3,5.0,12.0,0.3552428610103552,0.912512609539107,18.0,5.0,101,106,Pala 2,38.5
28,9,5.0,12.0,0.5961313881282618,0.7369655547272889,18.0,5.0,177,169,Pala 2,52.7
6,1,5.0,12.0,0.9781568756368222,0.15421474848858063,18.0,5.0,115,157,Pala 2,34.1
13,7,5.0,12.0,0.9975025034811971,0.6102700283082103,18.0,5.0,38,95,Pala 2,50.8
11,32,5.0,12.0,0.7747149780111912,0.02633481930699122,18.0,5.0,149,84,Pala 1,51.4
34,37,5.0,12.0,0.4043110980204393,0.7083781557708652,18.0,5.0,143,176,Pala 1,105.5
4,42,5.0,12.0,0.4944322008289883,0.7335675226509384,18.0,5.0,30,96,Pala 1,36.3
16,27,5.0,12.0,0.35673132811230546,0.7893385085949973,18.0,5.0,40,33,Pala 1,66.7
41,9,5.0,12.0,0.9855746299043462,0.1725250541224349,18.0,5.0,134,47,Pala 2,51.5
31,44,5.0,12.0,0.7077603058254037,0.628249940947531,18.0,5.0,30,41,Pala 1,107.0
9,0,5.0,12.0,0.44893144543351127,0.17885668482765438,18.0,5.0,110,64,Pala 2,28.5
42,33,5.0,12.0,0.012115270109602339,0.9466500833891758,18.0,5.0,152,72,Pala 2,110.8
16,2,5.0,12.0,0.5204834143905483,0.6750106926808345,18.0,5.0,80,107,Pala 2,34.2
4,8,5.0,12.0,0.9839282017016179,0.09532584800405575,18.0,5.0,46,124,Pala 1,36.0
44,4,5.0,12.0,0.5230609089730519,0.1870322300058228,18.0,5.0,132,96,Pala 2,40.7
41,41,5.0,12.0,0.18242668548911367,0.6634600981297478,18.0,5.0,136,93,Pala 1,122.9
8,9,5.0,12.0,0.022093747104774852,0.47667049615960866,18.0,5.0,149,122,Pala 1,38.7
48,11,5.0,12.0,0.35470375812420907,0.7362976662108784,18.0,5.0,141,132,Pala 2,53.6
32,17,5.0,12.0,0.9182280556966069,0.2807887989256591,18.0,5.0,52,81,Pala 2,68.4
35,20,5.0,12.0,0.996554108175881,0.6579175368470769,18.0,5.0,155,46,Pala 2,78.3
35,20,5.0,12.0,0.9453679748120026,0.176960168030439,18.0,5.0,88,62,Pala 2,77.5
17,0,5.0,12.0,0.7294199932542568,0.5437102633610331,18.0,5.0,135,101,Pala 2,28.7
8,2,5.0,12.0,0.5581427284406553,0.9577995915499862,18.0,5.0,123,177,Pala 2,37.6
28,4,5.0,12.0,0.590686146382252,0.6282222322909864,18.0,5.0,54,110,Pala 2,38.8
49,24,5.0,12.0,0.5389920090919609,0.04999361750491649,18.0,5.0,174,74,Pala 2,85.0
13,48,5.0,12.0,0.7070493049229883,0.9887621377366268,18.0,5.0,139,106,Pala 1,62.9
24,7,5.0,12.0,0.41887322669535243,0.1568663296488656,18.0,5.0,48,97,Pala 2,41.0
14,16,5.0,12.0,0.6692040049557655,0.7180691026971051,18.0,5.0,111,79,Pala 1,67.5
5,8,5.0,12.0,0.12161211495720103,0.5325300390641959,18.0,5.0,75,31,Pala 1,31.1
41,31,5.0,12.0,0.26569530656148377,0.2943606878043038,18.0,5.0,64,150,Pala 2,105.4
28,5,5.0,12.0,0.8360030388086295,0.1773104854277091,18.0,5.0,52,63,Pala 2,40.8
14,48,5.0,12.0,0.9037489307433911,0.1777023642767157,18.0,5.0,138,45,Pala 1,61.2
28,39,5.0,12.0,0.5390082375602997,0.8583996812081605,18.0,5.0,73,153,Pala 1,99.5
3,20,5.0,12.0,0.0316356172129324,0.8729125141634234,18.0,5.0,38,93,Pala 1,23.0
17,6,5.0,12.0,0.9269735707917681,0.465145521624712,18.0,5.0,119,94,Pala 2,47.4
49,6,5.0,12.0,0.7020642580272864,0.10362146292497387,18.0,5.0,122,42,Pala 2,39.9
48,46,5.0,12.0,0.4140279237553608,0.8841651038467899,18.0,5.0,71,69,Pala 2,141.1
43,38,5.0,12.0,0.5983789431994964,0.4870164861750891,18.0,5.0,176,96,Pala 2,123.1
38,26,5.0,12.0,0.4297748344413661,0.4387624228669137,18.0,5.0,122,43,Pala 2,92.2
15,7,5.0,12.0,0.46533922673205097,0.40735702443762023,18.0,5.0,146,149,Pala 2,47.8
10,8,5.0,12.0,0.8868098656594017,0.36501417385920565,18.0,5.0,156,149,Pala 2,49.8
13,27,5.0,12.0,0.16108424691711154,0.5260054036085942,18.0,5.0,64,87,Pala 1,50.8
2,14,5.0,12.0,0.10366913548223677,0.6045412266117042,18.0,5.0,165,121,Pala 1,23.7
49,1,5.0,12.0,0.002728744513015746,0.4664322035729559,18.0,5.0,140,75,Pala 2,27.5
41,6,5.0,12.0,0.3140003756121267,0.8966481634550445,18.0,5.0,72,119,Pala 2,45.5
37,46,5.0,12.0,0.1474137664844274,0.3176612285294973,18.0,5.0,74,155,Pala 1,106.6
44,17,5.0,12.0,0.21998549513811116,0.5783118567867813,18.0,5.0,163,139,Pala 2,70.4
41,21,5.0,12.0,0.011238982665376929,0.29995392019398526,18.0,5.0,42,144,Pala 2,77.5
17,49,5.0,12.0,0.2271954146877032,0.7533500237925342,18.0,5.0,40,150,Pala 1,63.2
19,9,5.0,12.0,0.33271158193237393,0.10212109932823565,18.0,5.0,131,62,Pala 2,50.9
47,49,5.0,12.0,0.031567496409881324,0.18869899679533253,18.0,5.0,164,75,Pala 1,128.4
24,32,5.0,12.0,0.6079041242971477,0.8012014099269508,18.0,5.0,84,111,Pala 1,83.4
37,6,5.0,12.0,0.568800348883758,0.1831975952195387,18.0,5.0,48,154,Pala 2,42.3
12,2,5.0,12.0,0.09703577850992506,0.6257463461947401,18.0,5.0,136,83,Pala 2,30.3
3,13,5.0,12.0,0.595009777518401,0.9702434519041969,18.0,5.0,35,95,Pala 1,35.1
13,43,5.0,12.0,0.9986539186088776,0.5228906137659658,18.0,5.0,38,161,Pala 1,61.7
32,45,5.0,12.0,0.9444689528115406,0.18739644634006924,18.0,5.0,177,83,Pala 1,106.7
27,35,5.0,12.0,0.002670993367663299,0.3206910456926375,18.0,5.0,54,143,Pala 1,78.9
36,12,5.0,12.0,0.7953783113303596,0.8234580764542382,18.0,5.0,79,33,Pala 2,57.8
7,15,5.0,12.0,0.35360527623648597,0.3516609131199737,18.0,5.0,101,174,Pala 1,38.7
43,15,5.0,12.0,0.06365137033462742,0.7235113590298136,18.0,5.0,95,109,Pala 2,61.2
33,4,5.0,12.0,0.29598321371620806,0.7773500628840102,18.0,5.0,86,102,Pala 2,35.8
43,24,5.0,12.0,0.3217365163129623,0.5011828472451642,18.0,5.0,51,56,Pala 2,86.7
4,37,5.0,12.0,0.5232442393090568,0.783213384366389,18.0,5.0,85,54,Pala 1,36.8
4,37,5.0,12.0,0.6610837672688546,0.3169030044282144,18.0,5.0,65,122,Pala 1,33.8
30,49,5.0,12.0,0.749055612208408,0.5161596467164058,18.0,5.0,97,109,Pala 1,108.2
44,37,5.0,12.0,0.24590304256326667,0.6865582639721405,18.0,5.0,30,121,Pala 2,115.7
8,38,5.0,12.0,0.321770570248497,0.1680731473043804,18.0,5.0,77,49,Pala 1,38.5
41,47,5.0,12.0,0.3083817068597352,0.2736219673821897,18.0,5.0,87,82,Pala 1,122.4
31,40,5.0,12.0,0.36273686812087647,0.6520366033936521,18.0,5.0,77,112,Pala 1,102.2
32,25,5.0,12.0,0.9996563089563387,0.6553601198295534,18.0,5.0,128,103,Pala 2,93.8
2,12,5.0,12.0,0.7779433028274259,0.49330264645297894,18.0,5.0,155,159,Pala 1,34.3
29,43,5.0,12.0,0.974990465268697,0.7955853567821205,18.0,5.0,143,32,Pala 1,105.2
49,25,5.0,12.0,0.6931110595470572,0.4820549020049756,18.0,5.0,119,132,Pala 2,91.5
11,0,5.0,12.0,0.4062707016472843,0.8813222654137333,18.0,5.0,142,95,Pala 2,28.3
28,7,5.0,12.0,0.38974418362697494,0.7359034308719454,18.0,5.0,136,138,Pala 2,44.1
2,3,5.0,12.0,0.4885811449750451,0.3146948633033413,18.0,5.0,134,44,Pala 1,27.1
25,20,5.0,12.0,0.41686978336443736,0.3952540084845555,18.0,5.0,162,164,Pala 2,76.9
29,21,5.0,12.0,0.8283262460927457,0.6676866857698457,18.0,5.0,47,157,Pala 2,84.3
8,36,5.0,12.0,0.46500201302669286,0.8944526188234913,18.0,5.0,141,111,Pala 1,45.5
25,48,5.0,12.0,0.295614360210846,0.17870873270350873,18.0,5.0,69,100,Pala 1,82.2
1,2,5.0,12.0,0.7748602686966518,0.5146635387419801,18.0,5.0,131,70,Pala 1,31.1
2,18,5.0,12.0,0.8544204093813946,0.11878442132437672,18.0,5.0,142,155,Pala 1,29.3
45,0,5.0,12.0,0.4204289561404514,0.2794551553201312,18.0,5.0,87,152,Pala 2,32.0
3,28,5.0,12.0,0.667808571905532,0.6859813592932423,18.0,5.0,114,62,Pala 1,37.5
24,22,5.0,12.0,0.058804533888304755,0.07773463524816171,18.0,5.0,75,93,Pala 1,75.3
12,32,5.0,12.0,0.5294648519714666,0.6623585818888474,18.0,5.0,101,163,Pala 1,58.2
38,40,5.0,12.0,0.04498113774550805,0.900811120945297,18.0,5.0,62,92,Pala 1,115.4
43,22,5.0,12.0,0.029190840494468073,0.9693702910184662,18.0,5.0,96,155,Pala 2,81.6
34,4,5.0,12.0,0.612924850522739,0.2166322010255155,18.0,5.0,142,37,Pala 2,36.9
22,6,5.0,12.0,0.30333538239498714,0.7488979566078758,18.0,5.0,113,122,Pala 2,43.2
8,5,5.0,12.0,0.7425371624554654,0.9263704487055298,18.0,5.0,68,57,Pala 2,45.2
1,48,5.0,12.0,0.8960825606325922,0.091369310849436,18.0,5.0,100,82,Pala 1,30.6
40,21,5.0,12.0,0.1393911737303507,0.4140236084892053,18.0,5.0,34,149,Pala 2,81.4
43,48,5.0,12.0,0.7245228385789239,0.919409766872166,18.0,5.0,30,153,Pala 1,139.3
30,12,5.0,12.0,0.5145199982883433,0.2027874982548301,18.0,5.0,154,84,Pala 2,61.8
43,11,5.0,12.0,0.11211925016269886,0.9337606837878418,18.0,5.0,164,172,Pala 2,58.4
46,3,5.0,12.0,0.6515926064807247,0.5271920710877784,18.0,5.0,142,83,Pala 2,38.1
1,7,5.0,12.0,0.6094668031064728,0.09989308253755569,18.0,5.0,37,90,Pala 1,23.6
31,36,5.0,12.0,0.5156418674007825,0.449877316755515,18.0,5.0,137,126,Pala 1,103.9
17,30,5.0,12.0,0.926471204559658,0.3262611954670662,18.0,5.0,155,83,Pala 1,76.2
12,36,5.0,12.0,0.5210796961040165,0.2822041605518083,18.0,5.0,155,58,Pala 1,52.1
45,44,5.0,12.0,0.9905151154502125,0.5414755756336838,18.0,5.0,57,110,Pala 2,139.2
4,25,5.0,12.0,0.509228813848111,0.48359269075187006,18.0,5.0,63,138,Pala 1,32.6
41,42,5.0,12.0,0.11585203830136759,0.48196715962009196,18.0,5.0,125,56,Pala 1,118.0
43,7,5.0,12.0,0.4704712510750304,0.0881417311031153,18.0,5.0,51,144,Pala 2,43.7
9,39,5.0,12.0,0.18232876255507124,0.8023181810271366,18.0,5.0,153,169,Pala 1,46.6
42,32,5.0,12.0,0.5971334852174273,0.4814393153557952,18.0,5.0,177,155,Pala 2,107.5
24,44,5.0,12.0,0.6931321751936012,0.8209058287018742,18.0,5.0,171,52,Pala 1,92.7
33,28,5.0,12.0,0.46843527870709367,0.8245946415509503,18.0,5.0,96,79,Pala 2,97.9
36,4,5.0,12.0,0.09770296768314823,0.3171353248480432,18.0,5.0,176,104,Pala 2,40.3
29,27,5.0,12.0,0.4686413985835529,0.004346303807612362,18.0,5.0,107,117,Pala 1,91.2
6,39,5.0,12.0,0.0814542147344004,0.9112456774581185,18.0,5.0,68,88,Pala 1,35.1
5,16,5.0,12.0,0.682125955506534,0.7606946930862403,18.0,5.0,128,38,Pala 1,42.4
2,22,5.0,12.0,0.7903682248650875,0.1072519568234711,18.0,5.0,158,62,Pala 1,29.9
12,44,5.0,12.0,0.962380327227039,0.7017270340031013,18.0,5.0,48,99,Pala 1,59.6
2,8,5.0,12.0,0.14880210712845643,0.0200232686688806,18.0,5.0,44,35,Pala 1,20.3
25,1,5.0,12.0,0.5324203355333041,0.027759069220698485,18.0,5.0,30,161,Pala 2,31.3
23,31,5.0,12.0,0.5675373675354186,0.5258232395978425,18.0,5.0,60,32,Pala 1,81.2
5,48,5.0,12.0,0.9224765337809797,0.09603742923634662,18.0,5.0,115,170,Pala 1,38.0
42,30,5.0,12.0,0.6272766405965142,0.9643365224849189,18.0,5.0,79,55,Pala 2,105.2
48,6,5.0,12.0,0.1455096456453211,0.8938312266502625,18.0,5.0,49,63,Pala 2,41.5
41,29,5.0,12.0,0.4363513239631892,0.6498120312478848,18.0,5.0,134,76,Pala 2,102.2
11,2,5.0,12.0,0.6547625285062505,0.06370897083831328,18.0,5.0,72,165,Pala 2,34.3
48,8,5.0,12.0,0.7002844320692974,0.3248352578070651,18.0,5.0,34,105,Pala 2,48.0
35,9,5.0,12.0,0.8630739985905735,0.3717229979060439,18.0,5.0,95,165,Pala 2,53.1
1,45,5.0,12.0,0.18050711984439716,0.48087983582869964,18.0,5.0,169,176,Pala 1,23.2
10,49,5.0,12.0,0.9515421467554984,0.1689028740064522,18.0,5.0,157,61,Pala 1,51.5
38,46,5.0,12.0,0.05913941201559225,0.5775116427971959,18.0,5.0,100,50,Pala 1,111.4
33,25,5.0,12.0,0.983762134568902,0.43577064790922326,18.0,5.0,95,120,Pala 2,93.9
25,0,5.0,12.0,0.8577670928664085,0.9472969633928585,18.0,5.0,102,118,Pala 2,32.7
17,29,5.0,12.0,0.6602727827621713,0.9361952296252191,18.0,5.0,108,100,Pala 1,72.4
20,37,5.0,12.0,0.7349955002644216,0.5654739553399724,18.0,5.0,48,71,Pala 1,75.6
35,14,5.0,12.0,0.07269200591879643,0.6443493359905352,18.0,5.0,42,64,Pala 2,61.8
39,24,5.0,12.0,0.04147986289445238,0.13779646777374244,18.0,5.0,74,159,Pala 2,83.2
45,5,5.0,12.0,0.10176579655136553,0.22332323884017158,18.0,5.0,35,135,Pala 2,39.5
43,17,5.0,12.0,0.08735981466413778,0.9007154042019095,18.0,5.0,158,105,Pala 2,70.9
21,0,5.0,12.0,0.5473812334694351,0.699165922895735,18.0,5.0,135,81,Pala 2,28.0
29,2,5.0,12.0,0.21544398711178914,0.18943019728307753,18.0,5.0,150,46,Pala 2,29.1
49,16,5.0,12.0,0.8602056372067265,0.5702103060732229,18.0,5.0,54,115,Pala 2,72.4
42,47,5.0,12.0,0.44574862306807217,0.9347612504894489,18.0,5.0,170,38,Pala 1,134.4
29,7,5.0,12.0,0.6955104764582749,0.3451711061619036,18.0,5.0,48,32,Pala 2,42.9
7,48,5.0,12.0,0.6528730929701598,0.18582037551908526,18.0,5.0,167,51,Pala 1,40.9
33,39,5.0,12.0,0.31985303892971007,0.9420252769090983,18.0,5.0,100,65,Pala 1,108.6
46,16,5.0,12.0,0.24316757352572904,0.4612653602920992,18.0,5.0,44,47,Pala 2,65.8
8,24,5.0,12.0,0.3424562852966352,0.41724199866276646,18.0,5.0,136,110,Pala 1,41.2
19,40,5.0,12.0,0.7966583738498375,0.26756719979275023,18.0,5.0,155,56,Pala 1,73.3
39,11,5.0,12.0,0.5862768484196185,0.8915852949471442,18.0,5.0,165,147,Pala 2,56.3
24,28,5.0,12.0,0.25353866251917534,0.8456167668895751,18.0,5.0,59,125,Pala 1,81.1
18,24,5.0,12.0,0.8178464430604302,0.4029903994367541,18.0,5.0,127,170,Pala 1,74.5
4,35,5.0,12.0,0.05475938611030673,0.03061327989707885,18.0,5.0,126,46,Pala 1,23.2
10,24,5.0,12.0,0.6991833749902954,0.44665143050613954,18.0,5.0,30,90,Pala 1,48.1
14,28,5.0,12.0,0.4391008057493109,0.1808580165800533,18.0,5.0,45,175,Pala 1,55.6
7,10,5.0,12.0,0.7312903860658883,0.14273407014888118,18.0,5.0,143,46,Pala 1,42.4
18,3,5.0,12.0,0.9274612802434268,0.3930936118954236,18.0,5.0,40,77,Pala 2,38.6
22,13,5.0,12.0,0.7500340979469039,0.09907693734462719,18.0,5.0,115,45,Pala 2,57.3
26,45,5.0,12.0,0.44196535531138237,0.957464506931665,18.0,5.0,99,56,Pala 1,90.8
39,37,5.0,12.0,0.15097568151388074,0.0475391817812818,18.0,5.0,149,43,Pala 1,113.3
31,16,5.0,12.0,0.8063509758054337,0.40136962739872717,18.0,5.0,68,121,Pala 2,71.8
25,1,5.0,12.0,0.46070552692137157,0.1627027020316949,18.0,5.0,160,140,Pala 2,31.2
26,7,5.0,12.0,0.07531232345712979,0.6888113215287561,18.0,5.0,30,145,Pala 2,47.0
18,35,5.0,12.0,0.719055397776866,0.07881144921456174,18.0,5.0,52,146,Pala 1,62.7
49,9,5.0,12.0,0.2918519659165897,0.5468055742086343,18.0,5.0,144,79,Pala 2,51.1
41,6,5.0,12.0,0.04888822950518523,0.7731014952019376,18.0,5.0,174,58,Pala 2,41.1
28,35,5.0,12.0,0.9027510149740777,0.9500598350489707,18.0,5.0,77,57,Pala 1,102.6
38,15,5.0,12.0,0.48310109209391006,0.6985275629694127,18.0,5.0,120,178,Pala 2,68.7
40,13,5.0,12.0,0.28096105317302156,0.09949175763458351,18.0,5.0,82,75,Pala 2,58.3
32,15,5.0,12.0,0.7163865578849116,0.08852054971414103,18.0,5.0,90,89,Pala 2,63.6
18,24,5.0,12.0,0.8859023776825637,0.7315980485380659,18.0,5.0,132,128,Pala 1,78.8
36,40,5.0,12.0,0.0003070750337554884,0.21532940500346864,18.0,5.0,131,177,Pala 1,104.7
18,3,5.0,12.0,0.6878521850421537,0.4472393086332488,18.0,5.0,168,81,Pala 2,40.1
32,28,5.0,12.0,0.7670116940184214,0.9766211013513589,18.0,5.0,172,179,Pala 2,104.3
46,5,5.0,12.0,0.20992742727949298,0.8199067984038756,18.0,5.0,119,97,Pala 2,38.9
15,0,5.0,12.0,0.4896238314101744,0.8465933573002006,18.0,5.0,147,173,Pala 2,31.9
22,38,5.0,12.0,0.08928589891793581,0.8607699047280787,18.0,5.0,168,178,Pala 1,75.8
6,0,5.0,12.0,0.7467498825153476,0.6195453401215579,18.0,5.0,164,91,Pala 2,27.9
25,39,5.0,12.0,0.8474560185633525,0.7439339238624784,18.0,5.0,76,178,Pala 1,90.1
31,2,5.0,12.0,0.1081866573246606,0.35896091463428725,18.0,5.0,165,133,Pala 2,35.8
11,0,5.0,12.0,0.8164602534328347,0.9984462265728508,18.0,5.0,34,168,Pala 2,32.0
7,0,5.0,12.0,0.7715701704845336,0.27962216965464504,18.0,5.0,116,149,Pala 2,32.3
4,38,5.0,12.0,0.3469133203708973,0.5900074033035195,18.0,5.0,120,66,Pala 1,31.0
41,20,5.0,12.0,0.6902895299335833,0.28206167832119333,18.0,5.0,92,153,Pala 2,78.5
27,44,5.0,12.0,4.8123894311746795e-05,0.11207105056007316,18.0,5.0,50,51,Pala 1,77.4
4,29,5.0,12.0,0.9317976544659986,0.5675858148436767,18.0,5.0,148,50,Pala 1,42.9
48,31,5.0,12.0,0.5503832353083729,0.35334867086613975,18.0,5.0,150,174,Pala 2,108.2
25,32,5.0,12.0,0.6203388640619995,0.5832192675233877,18.0,5.0,131,65,Pala 1,86.7
4,47,5.0,12.0,0.6646594135390986,0.5586784766649928,18.0,5.0,119,171,Pala 1,37.6
21,21,5.0,12.0,0.5613690172183667,0.5422567291435616,18.0,5.0,169,161,Pala 1,77.7
14,29,5.0,12.0,0.8567638875394631,0.12330112204652943,18.0,5.0,141,163,Pala 1,61.1
12,45,5.0,12.0,0.6097018321515439,0.4401807743503571,18.0,5.0,168,114,Pala 1,57.3
27,3,5.0,12.0,0.9077599912404726,0.8120039393987918,18.0,5.0,167,67,Pala 2,36.1
32,22,5.0,12.0,0.5823316222340089,0.31514349554463583,18.0,5.0,148,108,Pala 2,83.8
42,43,5.0,12.0,0.1711224219805666,0.44383150529206516,18.0,5.0,45,162,Pala 1,120.9
22,24,5.0,12.0,0.9135625558393029,0.493831590320268,18.0,5.0,172,53,Pala 1,85.0
32,11,5.0,12.0,0.6816274983597768,0.8627313125917447,18.0,5.0,148,47,Pala 2,57.3
42,16,5.0,12.0,0.6992389944355561,0.6555997692260189,18.0,5.0,113,122,Pala 2,69.1
17,14,5.0,12.0,0.9854817505716017,0.100202534837314,18.0,5.0,161,100,Pala 2,63.8
49,9,5.0,12.0,0.07519655420957916,0.8651709858050213,18.0,5.0,51,131,Pala 2,53.8
29,34,5.0,12.0,0.42859260709517133,0.8320659754820899,18.0,5.0,171,119,Pala 1,97.5
25,28,5.0,12.0,0.2390953929866152,0.7536459805991754,18.0,5.0,123,101,Pala 1,85.1
15,11,5.0,12.0,0.6304264647136572,0.46605801831883764,18.0,5.0,60,118,Pala 2,55.1
12,0,5.0,12.0,0.8068116837480719,0.7575453834858068,18.0,5.0,99,117,Pala 2,29.0
38,0,5.0,12.0,0.9663107088924127,0.4787420626427572,18.0,5.0,120,162,Pala 2,32.5
32,9,5.0,12.0,0.4545961069547201,0.7366235343271629,18.0,5.0,157,33,Pala 2,49.1
25,17,5.0,12.0,0.7862182306426042,0.8801101649725362,18.0,5.0,40,166,Pala 2,76.5
47,46,5.0,12.0,0.9170515920403796,0.8905415851305968,18.0,5.0,65,84,Pala 2,143.4
0,1,5.0,12.0,0.6833254325358847,0.4545785741874546,18.0,5.0,109,62,Pala 1,21.8
48,48,5.0,12.0,0.2427325524497712,0.8593426793520292,18.0,5.0,53,144,Pala 1,140.7
37,7,5.0,12.0,0.6078541511077914,0.10145738050771314,18.0,5.0,142,122,Pala 2,47.8
1,21,5.0,12.0,0.9699520478171866,0.10181941748678103,18.0,5.0,71,60,Pala 1,27.6
48,21,5.0,12.0,0.9875538288615654,0.54826694686748,18.0,5.0,50,137,Pala 2,84.3
5,25,5.0,12.0,0.6423598237167781,0.651844618456269,18.0,5.0,125,112,Pala 1,39.5
45,25,5.0,12.0,0.8869877578719892,0.1529937759784027,18.0,5.0,80,95,Pala 2,92.2
49,8,5.0,12.0,0.2003493638486028,0.47218004480599296,18.0,5.0,110,177,Pala 2,48.1
37,20,5.0,12.0,0.24607860495221678,0.09436266781592306,18.0,5.0,84,143,Pala 2,75.3
41,30,5.0,12.0,0.9528876128848597,0.6020994855533104,18.0,5.0,153,114,Pala 2,105.7
23,42,5.0,12.0,0.1352353754948079,0.8550940367528479,18.0,5.0,161,65,Pala 1,83.0
17,5,5.0,12.0,0.19110643809347894,0.7376389760195238,18.0,5.0,91,113,Pala 2,40.0
26,13,5.0,12.0,0.4205485991200517,0.37829155242927126,18.0,5.0,116,137,Pala 2,62.3
40,32,5.0,12.0,0.5895842877533504,0.9937937966371216,18.0,5.0,171,49,Pala 2,105.1
7,6,5.0,12.0,0.6038172189682717,0.6629349764661367,18.0,5.0,70,129,Pala 1,40.0
27,23,5.0,12.0,0.2919760086655644,0.8152484344424791,18.0,5.0,70,75,Pala 2,87.4
9,8,5.0,12.0,0.9206138979503482,0.6696973872917327,18.0,5.0,74,146,Pala 1,47.2
16,10,5.0,12.0,0.9150999076078628,0.9894162910871266,18.0,5.0,155,47,Pala 2,53.7
28,22,5.0,12.0,0.39206805305237247,0.8213597672177729,18.0,5.0,125,126,Pala 2,85.5
5,47,5.0,12.0,0.4342917694302971,0.5194232178954405,18.0,5.0,173,175,Pala 1,35.2
13,1,5.0,12.0,0.7024971168239118,0.3668795628375898,18.0,5.0,48,63,Pala 2,32.2
21,14,5.0,12.0,0.6629958963989008,0.6821548291488424,18.0,5.0,66,108,Pala 2,61.4
5,34,5.0,12.0,0.38229701496096236,0.5902218088070089,18.0,5.0,114,160,Pala 1,36.2
25,35,5.0,12.0,0.4142442515210034,0.6293505910275453,18.0,5.0,55,101,Pala 1,86.1
38,27,5.0,12.0,0.34803894342153896,0.34301176628375696,18.0,5.0,123,168,Pala 2,95.4
11,38,5.0,12.0,0.23538500695330788,0.4287284205705545,18.0,5.0,133,46,Pala 1,48.7
34,43,5.0,12.0,0.4581383629241397,0.5580965748906498,18.0,5.0,154,76,Pala 1,112.1
13,3,5.0,12.0,0.6864341319025404,0.839283401921843,18.0,5.0,170,59,Pala 2,35.2
21,9,5.0,12.0,0.741966705314293,0.7629089177629031,18.0,5.0,120,165,Pala 2,56.7
22,5,5.0,12.0,0.7788736482559626,0.11865587050279036,18.0,5.0,116,69,Pala 2,40.0
47,29,5.0,12.0,0.37473201345312146,0.2455542500193918,18.0,5.0,152,177,Pala 2,105.5
6,45,5.0,12.0,0.7646359942849736,0.026657724933027427,18.0,5.0,127,105,Pala 1,39.1
39,34,5.0,12.0,0.006516315691875274,0.007960567965591414,18.0,5.0,52,114,Pala 1,106.6
49,48,5.0,12.0,0.4770499377168822,0.22437546928024177,18.0,5.0,137,57,Pala 1,144.9
24,42,5.0,12.0,0.7939044001326908,0.7993209480093296,18.0,5.0,177,88,Pala 1,90.6
12,9,5.0,12.0,0.6300447206413533,0.9047476581743871,18.0,5.0,83,109,Pala 2,51.6
20,31,5.0,12.0,0.4740631241545077,0.3917683658985981,18.0,5.0,88,103,Pala 1,70.8
40,41,5.0,12.0,0.6446420066063492,0.5631985966066786,18.0,5.0,177,36,Pala 1,127.1
9,41,5.0,12.0,0.9069460031486639,0.7060526019553808,18.0,5.0,68,97,Pala 1,51.5
8,2,5.0,12.0,0.5663818006102074,0.9529366992517265,18.0,5.0,107,53,Pala 2,35.2
14,25,5.0,12.0,0.7997861914601062,0.9129322372974317,18.0,5.0,120,127,Pala 1,68.8
1,14,5.0,12.0,0.9807427252251976,0.05719230338137993,18.0,5.0,98,70,Pala 1,30.2
24,16,5.0,12.0,0.7055682020755667,0.2481658432092808,18.0,5.0,97,83,Pala 2,70.2
12,26,5.0,12.0,0.5733257638890635,0.04914454395517709,18.0,5.0,116,43,Pala 1,52.1
33,17,5.0,12.0,0.03748594712534026,0.6165424209890513,18.0,5.0,50,78,Pala 2,67.8
33,18,5.0,12.0,0.37447789825458755,0.710493316472639,18.0,5.0,173,92,Pala 2,75.6
34,11,5.0,12.0,0.5654427335151183,0.30828341235651147,18.0,5.0,61,74,Pala 2,56.1
37,23,5.0,12.0,0.7972065717060325,0.8538519081332145,18.0,5.0,32,101,Pala 2,91.3
2,4,5.0,12.0,0.43810478964757626,0.4528127504114977,18.0,5.0,111,135,Pala 1,27.9
41,23,5.0,12.0,0.9600582757647734,0.9983815150970126,18.0,5.0,150,36,Pala 2,89.3
5,26,5.0,12.0,0.2717937526236749,0.00039969258932492924,18.0,5.0,145,32,Pala 1,29.6
47,47,5.0,12.0,0.7445671952103164,0.10948970841855665,18.0,5.0,164,117,Pala 1,146.9
48,29,5.0,12.0,0.4190314170841275,0.3017932429353404,18.0,5.0,117,59,Pala 2,99.0
18,14,5.0,12.0,0.48598849456590587,0.025507597953713157,18.0,5.0,173,34,Pala 2,62.3
2,46,5.0,12.0,0.8025020338654403,0.7823394577382508,18.0,5.0,82,133,Pala 1,36.0
17,37,5.0,12.0,0.29621526165170553,0.052771787871287223,18.0,5.0,33,142,Pala 1,55.9
38,43,5.0,12.0,0.09681205659514314,0.7489796332938272,18.0,5.0,61,36,Pala 1,113.4
8,33,5.0,12.0,0.5202555846134271,0.05256845878954941,18.0,5.0,112,159,Pala 1,39.2
11,26,5.0,12.0,0.5287946118037488,0.2527272646530456,18.0,5.0,131,169,Pala 1,49.0
4,19,5.0,12.0,0.7971677722253737,0.8412768156585296,18.0,5.0,87,57,Pala 1,42.9
2,40,5.0,12.0,0.9683192062321018,0.9510952942377242,18.0,5.0,42,137,Pala 1,39.7
10,31,5.0,12.0,0.05530068632834839,0.41452634266051225,18.0,5.0,179,176,Pala 1,43.8
29,3,5.0,12.0,0.5916894737431089,0.9699389643125513,18.0,5.0,73,57,Pala 2,36.7
3,4,5.0,12.0,0.6812785303147999,0.6268809237585425,18.0,5.0,59,128,Pala 1,34.4
4,7,5.0,12.0,0.9858013507485217,0.4158351224329314,18.0,5.0,41,105,Pala 1,41.3
0,21,5.0,12.0,0.9425902142769116,0.8028013439679169,18.0,5.0,43,121,Pala 1,31.4
26,41,5.0,12.0,0.7124507647119775,0.29532852014020117,18.0,5.0,65,176,Pala 1,90.9
27,6,5.0,12.0,0.5217894112444659,0.2657962613602184,18.0,5.0,74,93,Pala 2,41.0
28,21,5.0,12.0,0.16152392229926127,0.6565476769110743,18.0,5.0,53,120,Pala 2,80.9
17,45,5.0,12.0,0.3841765552044174,0.39048736196809497,18.0,5.0,148,146,Pala 1,63.9
11,29,5.0,12.0,0.5851223250571543,0.13591802694497956,18.0,5.0,160,166,Pala 1,50.0
12,36,5.0,12.0,0.7252003965957537,0.0669642352899088,18.0,5.0,107,79,Pala 1,52.6
40,15,5.0,12.0,0.6353995574791123,0.7878425762484773,18.0,5.0,67,39,Pala 2,66.4
1,14,5.0,12.0,0.7141228018277412,0.6759107318023446,18.0,5.0,121,111,Pala 1,32.3
36,4,5.0,12.0,0.4291525045518977,0.4117982246066033,18.0,5.0,116,39,Pala 2,36.9
44,2,5.0,12.0,0.727627290571009,0.8962276351710566,18.0,5.0,49,164,Pala 2,33.9
15,22,5.0,12.0,0.1437412560197192,0.41085675244259956,18.0,5.0,126,133,Pala 1,53.8
47,9,5.0,12.0,0.16258631176311356,0.7102954714653835,18.0,5.0,31,83,Pala 2,48.2
23,4,5.0,12.0,0.16283214582946282,0.9091152752072929,18.0,5.0,31,99,Pala 2,38.0
34,22,5.0,12.0,0.8908649570357761,0.8407154587084434,18.0,5.0,71,63,Pala 2,84.7
21,14,5.0,12.0,0.07603406330863449,0.511104776339579,18.0,5.0,69,72,Pala 2,61.8
35,17,5.0,12.0,0.8015083727334759,0.6806363924467327,18.0,5.0,166,155,Pala 2,78.1
10,24,5.0,12.0,0.23357089804673714,0.41366577672736904,18.0,5.0,159,162,Pala 1,43.6
45,7,5.0,12.0,0.46842994049525066,0.647197172294114,18.0,5.0,32,176,Pala 2,44.3
28,30,5.0,12.0,0.915956595465678,0.2575524383453959,18.0,5.0,45,142,Pala 1,98.5
34,20,5.0,12.0,0.5859372296875067,0.4347421137695533,18.0,5.0,161,143,Pala 2,79.1
47,1,5.0,12.0,0.2101176862323586,0.20954573760183903,18.0,5.0,52,83,Pala 2,30.5
14,21,5.0,12.0,0.2840900603188071,0.03818495267954802,18.0,5.0,131,171,Pala 1,49.8
30,7,5.0,12.0,0.9204466238957857,0.5885398505753723,18.0,5.0,106,167,Pala 2,48.7
41,22,5.0,12.0,0.42714392510997834,0.8644293453507976,18.0,5.0,163,78,Pala 2,85.8
40,31,5.0,12.0,0.5869854830067894,0.02557827462319151,18.0,5.0,84,40,Pala 2,105.1
42,7,5.0,12.0,0.45993219662538876,0.1960297407292959,18.0,5.0,165,167,Pala 2,44.3
15,3,5.0,12.0,0.3784380880484496,0.46018505927041997,18.0,5.0,102,50,Pala 2,34.1
9,29,5.0,12.0,0.22327912693240193,0.6658968168422533,18.0,5.0,127,158,Pala 1,42.5
48,18,5.0,12.0,0.6861915004846021,0.17122919366988643,18.0,5.0,110,75,Pala 2,72.5
31,22,5.0,12.0,0.7182420262721204,0.05669482897062428,18.0,5.0,143,136,Pala 2,82.6
1,17,5.0,12.0,0.2748850916073995,0.5190487177268892,18.0,5.0,96,103,Pala 1,23.9
23,28,5.0,12.0,0.7890108430548304,0.8187097130573088,18.0,5.0,70,49,Pala 1,88.3
22,22,5.0,12.0,0.8545352003016795,0.03523490931277129,18.0,5.0,69,50,Pala 1,76.8
1,32,5.0,12.0,0.9206750962396304,0.3493694503590259,18.0,5.0,132,171,Pala 1,30.1
37,46,5.0,12.0,0.16121241391836993,0.6635147427933352,18.0,5.0,68,86,Pala 1,111.2
30,17,5.0,12.0,0.3039236836132664,0.130742006102467,18.0,5.0,82,86,Pala 2,71.4
39,43,5.0,12.0,0.8603533475036956,0.23594677689275678,18.0,5.0,69,98,Pala 1,124.3
25,32,5.0,12.0,0.19854020282789397,0.535492643786266,18.0,5.0,81,76,Pala 1,82.0
28,6,5.0,12.0,0.00346845924349537,0.953231696364218,18.0,5.0,66,170,Pala 2,44.5
2,27,5.0,12.0,0.8708273102516345,0.28734261824375606,18.0,5.0,96,37,Pala 1,32.4
13,0,5.0,12.0,0.32644944175136936,0.48752742122071036,18.0,5.0,176,131,Pala 2,29.9
24,38,5.0,12.0,0.41449752513895,0.3999308630644183,18.0,5.0,114,174,Pala 1,79.3
47,33,5.0,12.0,0.44633402572063796,0.89739667203008,18.0,5.0,95,34,Pala 2,109.6
0,38,5.0,12.0,0.8482746006672285,0.07188986403111564,18.0,5.0,167,101,Pala 1,24.2
2,18,5.0,12.0,0.3378921445934604,0.5661475913407643,18.0,5.0,81,152,Pala 1,28.9
25,30,5.0,12.0,0.8922798858564818,0.846119699189944,18.0,5.0,31,154,Pala 1,94.0
17,12,5.0,12.0,0.616939138048048,0.9881175770625917,18.0,5.0,158,123,Pala 2,60.1
8,23,5.0,12.0,0.5272867240336843,0.6987254975218073,18.0,5.0,126,169,Pala 1,41.5
37,4,5.0,12.0,0.3256145071274624,0.3799354756665245,18.0,5.0,51,97,Pala 2,38.8
22,22,5.0,12.0,0.24371169628118583,0.4118243525339439,18.0,5.0,142,167,Pala 1,76.3
20,18,5.0,12.0,0.6240584427773487,0.3516822197427639,18.0,5.0,111,77,Pala 2,75.0
0,0,5.0,12.0,0.4468941600565761,0.6036130998069534,18.0,5.0,150,34,Pala 2,25.1
20,32,5.0,12.0,0.9105160099320063,0.739405770718251,18.0,5.0,32,73,Pala 1,79.8
26,49,5.0,12.0,0.49163871611404975,0.8194675635889309,18.0,5.0,147,45,Pala 1,92.8
41,32,5.0,12.0,0.5117949167011911,0.41659310968317187,18.0,5.0,173,152,Pala 2,108.9
5,31,5.0,12.0,0.41672328113600077,0.7167085022590393,18.0,5.0,168,52,Pala 1,38.6
43,27,5.0,12.0,0.789262996991285,0.9162225920297764,18.0,5.0,39,122,Pala 2,97.5
35,36,5.0,12.0,0.4248391981092704,0.9208247944507053,18.0,5.0,54,140,Pala 1,111.1
27,40,5.0,12.0,0.2693419997497549,0.7040290027146425,18.0,5.0,149,50,Pala 1,90.5
44,11,5.0,12.0,0.8620308742935098,0.6369021928125361,18.0,5.0,35,159,Pala 2,62.0
16,8,5.0,12.0,0.5968282213652403,0.5315260755250067,18.0,5.0,139,52,Pala 2,45.8
39,49,5.0,12.0,0.5915102197690018,0.18319766818212857,18.0,5.0,37,168,Pala 1,117.3
2,10,5.0,12.0,0.6108222071639265,0.12362965260541847,18.0,5.0,70,147,Pala 1,23.0
11,32,5.0,12.0,0.7188397482056668,0.4857110067893803,18.0,5.0,139,152,Pala 1,54.7
38,18,5.0,12.0,0.31306798931256685,0.15944415620745933,18.0,5.0,30,159,Pala 2,73.6
11,41,5.0,12.0,0.033844370833002846,0.576999925669336,18.0,5.0,160,111,Pala 1,44.3
1,33,5.0,12.0,0.8105931608770096,0.6457027303012182,18.0,5.0,81,170,Pala 1,33.2
45,6,5.0,12.0,0.12890505388163742,0.5256155975200407,18.0,5.0,131,74,Pala 2,40.6
21,30,5.0,12.0,0.7218197372105442,0.036426712512613646,18.0,5.0,106,101,Pala 1,71.7
22,1,5.0,12.0,0.08231529828732875,0.05772795880233217,18.0,5.0,76,167,Pala 2,26.3
29,18,5.0,12.0,0.3753078420284921,0.11334118468148546,18.0,5.0,143,120,Pala 2,70.8
4,37,5.0,12.0,0.06302606983153825,0.15364580498833902,18.0,5.0,112,110,Pala 1,23.8
8,31,5.0,12.0,0.5222136796277246,0.9898826137693332,18.0,5.0,48,50,Pala 1,49.4
20,9,5.0,12.0,0.6531357727815751,0.34449501686312245,18.0,5.0,99,30,Pala 2,55.1
10,40,5.0,12.0,0.1714331411781883,0.29197337364128617,18.0,5.0,76,173,Pala 1,44.6
4,7,5.0,12.0,0.3716276184384021,0.052266635664229066,18.0,5.0,146,163,Pala 1,28.8
34,25,5.0,12.0,0.9302394910430536,0.6353203906855965,18.0,5.0,107,105,Pala 2,92.8
26,29,5.0,12.0,0.44238911710745676,0.6521907851312807,18.0,5.0,34,141,Pala 1,86.3
48,10,5.0,12.0,0.8025435689765567,0.17544868957866466,18.0,5.0,93,40,Pala 2,53.2
1,40,5.0,12.0,0.9271847450602091,0.9192415409246131,18.0,5.0,136,125,Pala 1,35.6
23,19,5.0,12.0,0.9743458249772865,0.8004935465951273,18.0,5.0,65,49,Pala 2,78.2
30,19,5.0,12.0,0.8983220196913693,0.23031931680750806,18.0,5.0,166,50,Pala 2,75.7
32,8,5.0,12.0,0.31740532915896913,0.4858497309165374,18.0,5.0,40,65,Pala 2,48.0
38,7,5.0,12.0,0.962572886161193,0.4583908561988499,18.0,5.0,176,67,Pala 2,49.4
29,14,5.0,12.0,0.8123952417460469,0.34852044434232077,18.0,5.0,93,85,Pala 2,63.3
45,33,5.0,12.0,0.8371755836394877,0.8176347128256132,18.0,5.0,94,120,Pala 2,114.5
36,23,5.0,12.0,0.015172984171834769,0.10926448562115099,18.0,5.0,102,40,Pala 2,79.2
27,32,5.0,12.0,0.9542388633182937,0.4153142398277927,18.0,5.0,86,47,Pala 1,97.3
30,40,5.0,12.0,0.7780902238487407,0.42803113054921704,18.0,5.0,95,110,Pala 1,100.7
10,40,5.0,12.0,0.7679674965079,0.46872560461417967,18.0,5.0,161,127,Pala 1,53.0
22,44,5.0,12.0,0.08152473092858625,0.8613499910986286,18.0,5.0,33,74,Pala 1,77.5
1,39,5.0,12.0,0.23256854107333125,0.21816687020150127,18.0,5.0,153,155,Pala 1,20.9
39,26,5.0,12.0,0.9622616651378991,0.10292317351227276,18.0,5.0,158,88,Pala 2,95.2
40,20,5.0,12.0,0.5006770748054763,0.617808462821108,18.0,5.0,121,163,Pala 2,80.6
26,4,5.0,12.0,0.3978580182372561,0.17383447497804716,18.0,5.0,47,72,Pala 2,37.1
34,34,5.0,12.0,0.8399408171469137,0.07493208585461975,18.0,5.0,170,123,Pala 1,113.7
1,20,5.0,12.0,0.08734041411394433,0.4266492205710535,18.0,5.0,99,132,Pala 1,19.1
38,3,5.0,12.0,0.4169420162710593,0.21964643085814095,18.0,5.0,132,46,Pala 2,34.7
36,48,5.0,12.0,0.3757007744220836,0.3612166188679836,18.0,5.0,115,106,Pala 1,110.0
20,47,5.0,12.0,0.34985138703039276,0.25971108010245747,18.0,5.0,59,146,Pala 1,67.5
4,15,5.0,12.0,0.3076922436530731,0.09263646272341575,18.0,5.0,136,75,Pala 1,30.9
44,30,5.0,12.0,0.21007495679007804,0.5603472029242016,18.0,5.0,159,170,Pala 2,105.0
20,25,5.0,12.0,0.1729108029905222,0.02701841803948568,18.0,5.0,49,163,Pala 1,65.6
28,34,5.0,12.0,0.6404061169196741,0.9663753479943995,18.0,5.0,107,161,Pala 1,101.3
19,5,5.0,12.0,0.9193948412086784,0.34133052173496625,18.0,5.0,106,77,Pala 2,44.8
37,32,5.0,12.0,0.5088516452498815,0.6951575104898038,18.0,5.0,101,128,Pala 2,107.1
19,20,5.0,12.0,0.2979745523466443,0.8103628725474499,18.0,5.0,178,56,Pala 1,67.0
49,15,5.0,12.0,0.15916019772222634,0.27910479553955514,18.0,5.0,179,35,Pala 2,62.7
24,46,5.0,12.0,0.8301433650525942,0.7487387091100682,18.0,5.0,102,87,Pala 1,89.7
1,38,5.0,12.0,0.9714920564732138,0.8324208554247096,18.0,5.0,135,30,Pala 1,39.5
31,33,5.0,12.0,0.34915540146785184,0.24131723381161352,18.0,5.0,157,57,Pala 1,98.3
25,41,5.0,12.0,0.2909504255521289,0.9924946768960727,18.0,5.0,136,58,Pala 1,84.9
5,14,5.0,12.0,0.6014929529749413,0.020688682842089356,18.0,5.0,40,125,Pala 1,29.7
40,5,5.0,12.0,0.7753289809534257,0.21700048023554108,18.0,5.0,109,120,Pala 2,42.3
2,1,5.0,12.0,0.45540280354966434,0.7800207562769929,18.0,5.0,38,97,Pala 2,30.1
32,23,5.0,12.0,0.6300731498609492,0.19413102505575286,18.0,5.0,129,70,Pala 2,82.4
0,48,5.0,12.0,0.7165490680232919,0.6982598633062065,18.0,5.0,81,135,Pala 1,25.8
4,27,5.0,12.0,0.9605922878561792,0.8555304049829037,18.0,5.0,144,145,Pala 1,43.2
12,0,5.0,12.0,0.1650373305200834,0.9592142726342602,18.0,5.0,170,152,Pala 2,28.1
18,0,5.0,12.0,0.9973824938253695,0.47424751540026955,18.0,5.0,158,179,Pala 2,32.6
11,27,5.0,12.0,0.3921566552412288,0.9711091229821174,18.0,5.0,104,150,Pala 1,50.6
47,35,5.0,12.0,0.7232001427265538,0.4116222966816786,18.0,5.0,162,86,Pala 2,116.5
24,19,5.0,12.0,0.5724143779729972,0.21812803967438577,18.0,5.0,177,51,Pala 2,72.6
34,47,5.0,12.0,0.4866686170088401,0.5139218530847253,18.0,5.0,172,95,Pala 1,111.9
11,7,5.0,12.0,0.6980753687315865,0.6498232443114926,18.0,5.0,97,72,Pala 2,49.0
29,0,5.0,12.0,0.3957538502235951,0.4579633160499438,18.0,5.0,83,63,Pala 2,28.9
4,25,5.0,12.0,0.1261099813368064,0.5669724439667916,18.0,5.0,40,143,Pala 1,29.6
33,42,5.0,12.0,0.48889338312123976,0.4164091877271886,18.0,5.0,158,31,Pala 1,105.3
21,48,5.0,12.0,0.5219158706823186,0.5247619540212498,18.0,5.0,76,88,Pala 1,74.3
38,24,5.0,12.0,0.20190215339993922,0.9525956719465616,18.0,5.0,144,65,Pala 2,89.5
12,9,5.0,12.0,0.9356193563286571,0.49983115253633204,18.0,5.0,67,37,Pala 2,53.3
46,11,5.0,12.0,0.22747564664629127,0.25317963280926026,18.0,5.0,159,62,Pala 2,51.7
2,40,5.0,12.0,0.4092275940840977,0.7587466215125707,18.0,5.0,74,47,Pala 1,27.9
19,6,5.0,12.0,0.1549296868447233,0.33758445778154933,18.0,5.0,90,93,Pala 2,44.6
30,11,5.0,12.0,0.5357966461869441,0.8162071708213907,18.0,5.0,111,90,Pala 2,54.8
4,46,5.0,12.0,0.30763760810008967,0.05684198898388515,18.0,5.0,40,112,Pala 1,25.0
23,39,5.0,12.0,0.489272519976084,0.33217797710869135,18.0,5.0,54,39,Pala 1,81.8
39,16,5.0,12.0,0.22461691645820192,0.09435990826063945,18.0,5.0,107,135,Pala 2,70.2
32,4,5.0,12.0,0.05377512794871575,0.08531782424583145,18.0,5.0,70,51,Pala 2,35.1
7,13,5.0,12.0,0.7792266510822553,0.6583895591724372,18.0,5.0,70,68,Pala 1,42.6
23,33,5.0,12.0,0.6410862839596584,0.3853348013536074,18.0,5.0,130,131,Pala 1,83.8
49,47,5.0,12.0,0.3407393557110129,0.8714789419851126,18.0,5.0,168,94,Pala 2,146.4
19,16,5.0,12.0,0.04749422468232223,0.5164051378735292,18.0,5.0,61,59,Pala 1,62.8
15,34,5.0,12.0,0.8655750626971209,0.29534322117228273,18.0,5.0,78,162,Pala 1,61.9
49,0,5.0,12.0,0.16979500493567934,0.7208888879621947,18.0,5.0,35,140,Pala 2,30.8
11,49,5.0,12.0,0.930742218281428,0.6240167915856997,18.0,5.0,86,55,Pala 1,60.9
12,49,5.0,12.0,0.47859537859595846,0.7995946208292034,18.0,5.0,35,149,Pala 1,52.2
44,35,5.0,12.0,0.34038670990848374,0.643588276341885,18.0,5.0,76,92,Pala 2,118.1
41,14,5.0,12.0,0.7417594768909639,0.16701341709892026,18.0,5.0,92,60,Pala 2,67.1
38,18,5.0,12.0,0.8768394060751857,0.670310037667066,18.0,5.0,179,169,Pala 2,77.4
24,41,5.0,12.0,0.37071356364571073,0.3915491976158103,18.0,5.0,96,46,Pala 1,81.1
45,4,5.0,12.0,0.40734375217018726,0.4631430302575681,18.0,5.0,176,175,Pala 2,42.2
31,18,5.0,12.0,0.43315821934719734,0.9215645757373447,18.0,5.0,70,142,Pala 2,71.4
23,42,5.0,12.0,0.922323061478669,0.35996404629774703,18.0,5.0,134,121,Pala 1,85.8
47,38,5.0,12.0,0.6925639915143327,0.6119591429908388,18.0,5.0,36,68,Pala 2,123.0
46,4,5.0,12.0,0.24764611704565553,0.36348173341223955,18.0,5.0,86,103,Pala 2,41.6
43,11,5.0,12.0,0.18499969750197942,0.09472748535779174,18.0,5.0,45,140,Pala 2,54.1
8,18,5.0,12.0,0.23036766342481607,0.45352534204830053,18.0,5.0,88,165,Pala 1,39.3
39,46,5.0,12.0,0.26356388918551743,0.5970615044596519,18.0,5.0,166,120,Pala 1,116.5
49,11,5.0,12.0,0.2301834913340015,0.4075032920375987,18.0,5.0,63,55,Pala 2,54.3
22,35,5.0,12.0,0.6585064471923961,0.39066618467818437,18.0,5.0,75,105,Pala 1,79.0
49,11,5.0,12.0,0.11593351065750634,0.820378513894397,18.0,5.0,72,64,Pala 2,54.6
12,17,5.0,12.0,0.3873584897079607,0.029685172289470207,18.0,5.0,76,86,Pala 1,49.0
31,48,5.0,12.0,0.6250535729703665,0.29558539674011997,18.0,5.0,163,50,Pala 1,99.7
49,47,5.0,12.0,0.29085997394293084,0.8117572653772116,18.0,5.0,141,153,Pala 1,146.7
14,42,5.0,12.0,0.06527438470165803,0.9205301486111638,18.0,5.0,152,162,Pala 1,57.7
35,33,5.0,12.0,0.08182392284596829,0.41229958584082826,18.0,5.0,90,46,Pala 1,104.7
48,47,5.0,12.0,0.12596677630468633,0.8887942431960764,18.0,5.0,161,155,Pala 1,139.5
4,32,5.0,12.0,0.8358430248681552,0.1989301221250327,18.0,5.0,162,127,Pala 1,35.7
21,48,5.0,12.0,0.6578635056049698,0.22142706786017263,18.0,5.0,99,126,Pala 1,78.3
15,17,5.0,12.0,0.06452241109764478,0.8461913765848035,18.0,5.0,89,111,Pala 1,56.3
40,28,5.0,12.0,0.39106887915141986,0.9032577413406182,18.0,5.0,117,54,Pala 2,100.9
9,44,5.0,12.0,0.27858517284706563,0.2228057679626675,18.0,5.0,121,134,Pala 1,39.7
23,4,5.0,12.0,0.5780401116288002,0.05932418996861111,18.0,5.0,106,90,Pala 2,41.1
17,24,5.0,12.0,0.5228059496723134,0.09032413705528775,18.0,5.0,135,123,Pala 1,67.7
48,23,5.0,12.0,0.48112402336971494,0.26138083537636325,18.0,5.0,111,66,Pala 2,82.4
17,28,5.0,12.0,0.31451237037261315,0.7614490771467949,18.0,5.0,36,138,Pala 1,63.6
6,37,5.0,12.0,0.13779977204399074,0.5099918277962828,18.0,5.0,60,170,Pala 1,33.4
3,32,5.0,12.0,0.742376382872638,0.45558884224276963,18.0,5.0,114,150,Pala 1,30.8
25,9,5.0,12.0,0.8798567688426544,0.5841399311660009,18.0,5.0,77,69,Pala 2,52.3
4,36,5.0,12.0,0.9441509092328173,0.8902231134621862,18.0,5.0,71,113,Pala 1,39.5
15,32,5.0,12.0,0.05861897061358046,0.09043037956565758,18.0,5.0,119,99,Pala 1,48.3
34,22,5.0,12.0,0.7399087115888829,0.6947241276365813,18.0,5.0,59,167,Pala 2,83.6
25,10,5.0,12.0,0.7265034594069625,0.9267908456554051,18.0,5.0,146,124,Pala 2,57.8
17,23,5.0,12.0,0.9471096141455893,0.2133500417584,18.0,5.0,155,72,Pala 1,69.5
28,23,5.0,12.0,0.25291459449776543,0.8377723159618344,18.0,5.0,80,157,Pala 2,83.6
22,6,5.0,12.0,0.7421790382951564,0.6980247107595022,18.0,5.0,80,118,Pala 2,48.5
13,49,5.0,12.0,0.054626288766484565,0.014468536073144689,18.0,5.0,149,128,Pala 1,45.7
14,20,5.0,12.0,0.6312457207616191,0.2316116803621282,18.0,5.0,138,70,Pala 1,55.6
48,19,5.0,12.0,0.35084782405217974,0.6058447608958808,18.0,5.0,176,90,Pala 2,75.0
32,9,5.0,12.0,0.7689094395474751,0.5024003394912117,18.0,5.0,79,153,Pala 2,50.9
24,24,5.0,12.0,0.8633042864353935,0.5279362525268659,18.0,5.0,112,162,Pala 1,90.2
20,46,5.0,12.0,0.3648210422175162,0.23193042460682267,18.0,5.0,115,126,Pala 1,68.6
16,35,5.0,12.0,0.5255860926993006,0.6750034707086267,18.0,5.0,161,168,Pala 1,69.6
22,47,5.0,12.0,0.1174040623635999,0.2664183709367769,18.0,5.0,41,37,Pala 1,67.3
42,46,5.0,12.0,0.4169069652234766,0.3894349664784539,18.0,5.0,172,178,Pala 1,125.0
16,14,5.0,12.0,0.36080039325916924,0.3689159158800762,18.0,5.0,172,34,Pala 1,56.6
13,43,5.0,12.0,0.18312345978451772,0.6720250221198986,18.0,5.0,167,63,Pala 1,54.3
28,39,5.0,12.0,0.8944786247667759,0.09025276168321739,18.0,5.0,147,38,Pala 1,94.1
19,39,5.0,12.0,0.14808783804016024,0.20554190104018522,18.0,5.0,90,67,Pala 1,62.8
29,49,5.0,12.0,0.6357393575301872,0.20049707068506784,18.0,5.0,176,72,Pala 1,94.1
18,5,5.0,12.0,0.8901426434798877,0.1084246741157101,18.0,5.0,86,125,Pala 2,41.5
38,36,5.0,12.0,0.9119685798632257,0.20759497883645905,18.0,5.0,38,167,Pala 1,117.6
12,1,5.0,12.0,0.7932396998405684,0.6070602679233543,18.0,5.0,58,41,Pala 2,32.6
17,11,5.0,12.0,0.17614113387417663,0.7321681708741882,18.0,5.0,36,128,Pala 2,54.8
22,3,5.0,12.0,0.8174314092138697,0.6603034469691227,18.0,5.0,134,175,Pala 2,39.1
45,22,5.0,12.0,0.2765648124156246,0.47518813798088233,18.0,5.0,174,169,Pala 2,82.4
32,12,5.0,12.0,0.922398027432509,0.05243457109606364,18.0,5.0,108,60,Pala 2,59.0
38,16,5.0,12.0,0.7090866814238496,0.9590070106867751,18.0,5.0,173,40,Pala 2,71.5
39,30,5.0,12.0,0.7852675610088865,0.16807646083749195,18.0,5.0,135,127,Pala 2,105.6
17,15,5.0,12.0,0.08503245350193722,0.6684213704056708,18.0,5.0,112,56,Pala 1,58.4
8,40,5.0,12.0,0.5827651134435444,0.912890615482111,18.0,5.0,118,50,Pala 1,50.7
32,25,5.0,12.0,0.8211421268986796,0.6977770959809886,18.0,5.0,105,157,Pala 2,93.0
31,27,5.0,12.0,0.8615903527724993,0.21804964018895023,18.0,5.0,39,42,Pala 2,93.4
16,0,5.0,12.0,0.028631704733641516,0.31579629876402304,18.0,5.0,79,74,Pala 2,20.5
18,46,5.0,12.0,0.9391592325551192,0.030205867011095178,18.0,5.0,155,54,Pala 1,71.6
26,11,5.0,12.0,0.043338733302479726,0.6127582408421135,18.0,5.0,72,106,Pala 2,53.2
5,36,5.0,12.0,0.6145186796748499,0.6129929808815666,18.0,5.0,83,93,Pala 1,41.9
34,49,5.0,12.0,0.6933875276153121,0.7255005813763793,18.0,5.0,72,128,Pala 1,116.1
36,19,5.0,12.0,0.1073452911679098,0.010996289275621351,18.0,5.0,66,177,Pala 2,76.4
33,1,5.0,12.0,0.04801186560919268,0.8178412888244666,18.0,5.0,157,33,Pala 2,31.5
19,35,5.0,12.0,0.7849121544507291,0.7387109574003081,18.0,5.0,158,113,Pala 1,77.8
24,14,5.0,12.0,0.38467062479743397,0.14088660952408882,18.0,5.0,122,53,Pala 2,66.2
3,37,5.0,12.0,0.10711251531512367,0.3476266092689786,18.0,5.0,45,174,Pala 1,25.0
9,21,5.0,12.0,0.762667816387642,0.6385248929042168,18.0,5.0,66,162,Pala 1,52.1
9,43,5.0,12.0,0.8491630701436206,0.49579687494032787,18.0,5.0,164,86,Pala 1,52.9
23,49,5.0,12.0,0.5873861907588074,0.11509426390126243,18.0,5.0,69,129,Pala 1,77.7
20,31,5.0,12.0,0.1612368084346456,0.08734537513658991,18.0,5.0,93,174,Pala 1,63.5
10,19,5.0,12.0,0.015222471491490808,0.7814562991080916,18.0,5.0,143,37,Pala 1,44.0
26,35,5.0,12.0,0.7008024813019439,0.15596711801780982,18.0,5.0,51,39,Pala 1,85.4
15,32,5.0,12.0,0.5501396748253168,0.17209267393044358,18.0,5.0,72,153,Pala 1,60.2
25,14,5.0,12.0,0.6507971417200795,0.8309231253567576,18.0,5.0,91,43,Pala 2,66.0
29,49,5.0,12.0,0.8131846701995957,0.6121396345632171,18.0,5.0,58,120,Pala 1,100.5
48,45,5.0,12.0,0.4342277769929721,0.6047156081539724,18.0,5.0,45,56,Pala 2,141.3
15,2,5.0,12.0,0.12451546883362041,0.47934577136334,18.0,5.0,168,34,Pala 2,31.9
6,28,5.0,12.0,0.9399832853908264,0.5689950144022909,18.0,5.0,50,108,Pala 1,43.1
15,46,5.0,12.0,0.5452621272468573,0.601769690371811,18.0,5.0,166,162,Pala 1,64.4
34,26,5.0,12.0,0.6152941190885403,0.9678262348435803,18.0,5.0,56,115,Pala 2,95.7
15,4,5.0,12.0,0.9334114295517512,0.22297330746757926,18.0,5.0,156,169,Pala 2,39.6
39,30,5.0,12.0,0.931583656310263,0.21456241970045908,18.0,5.0,115,37,Pala 2,105.7
11,21,5.0,12.0,0.5720946067281736,0.05721848770531568,18.0,5.0,136,88,Pala 1,49.7
34,34,5.0,12.0,0.2976114247214261,0.6581987988093223,18.0,5.0,80,89,Pala 1,110.2
48,6,5.0,12.0,0.9971136340127392,0.5490421808222619,18.0,5.0,109,109,Pala 2,47.8
20,5,5.0,12.0,0.680817089953536,0.11123920384663977,18.0,5.0,160,84,Pala 2,35.1
49,25,5.0,12.0,0.40843667689205654,0.36453893511818725,18.0,5.0,173,123,Pala 2,93.3
42,0,5.0,12.0,0.5598368028535897,0.17866320533120383,18.0,5.0,165,70,Pala 2,24.1
35,18,5.0,12.0,0.41583405026802966,0.33148174040086154,18.0,5.0,119,39,Pala 2,72.7
47,6,5.0,12.0,0.8883051522966474,0.9512641693946101,18.0,5.0,77,145,Pala 2,44.3
16,35,5.0,12.0,0.4824993748657461,0.6833188388805289,18.0,5.0,83,113,Pala 1,63.4
31,11,5.0,12.0,0.8235283759812472,0.0075691007951419476,18.0,5.0,132,136,Pala 2,58.0
40,19,5.0,12.0,0.840176297823004,0.25250807378412365,18.0,5.0,65,36,Pala 2,74.6
5,22,5.0,12.0,0.8243323377352484,0.010361547077779032,18.0,5.0,35,50,Pala 1,34.4
23,24,5.0,12.0,0.7221886124756745,0.7148684987686807,18.0,5.0,41,104,Pala 1,86.8
26,29,5.0,12.0,0.8548777168075818,0.46942180205547834,18.0,5.0,132,130,Pala 1,94.5
19,28,5.0,12.0,0.3872295796229692,0.9940186918143893,18.0,5.0,94,73,Pala 1,67.7
24,30,5.0,12.0,0.11466320614196035,0.7335832610226583,18.0,5.0,118,117,Pala 1,81.0
1,17,5.0,12.0,0.8424542043725145,0.5179129427078819,18.0,5.0,120,66,Pala 1,32.0
8,40,5.0,12.0,0.49816841568734527,0.8047054282081352,18.0,5.0,116,94,Pala 1,48.7
27,18,5.0,12.0,0.127376032527851,0.7048036512340761,18.0,5.0,50,143,Pala 2,73.7
37,3,5.0,12.0,0.11531252218200794,0.24377617763598713,18.0,5.0,117,35,Pala 2,32.7
2,0,5.0,12.0,0.1592423940098927,0.5302582748275165,18.0,5.0,42,67,Pala 1,22.2
19,40,5.0,12.0,0.7509732596671058,0.5559987248340709,18.0,5.0,149,86,Pala 1,73.3
5,14,5.0,12.0,0.7108566734662811,0.45123169860780343,18.0,5.0,172,99,Pala 1,39.5
38,7,5.0,12.0,0.20381868018488325,0.17919262285536197,18.0,5.0,158,94,Pala 2,40.7
32,14,5.0,12.0,0.8469234181097952,0.223369051657887,18.0,5.0,80,141,Pala 2,64.8
0,14,5.0,12.0,0.2812947955282449,0.2810474009559616,18.0,5.0,71,64,Pala 1,19.4
36,49,5.0,12.0,0.7929855833149475,0.010255149378163742,18.0,5.0,91,53,Pala 1,115.1
5,38,5.0,12.0,0.4888059077349419,0.9169438921695093,18.0,5.0,124,67,Pala 1,40.3
44,21,5.0,12.0,0.7315486825385661,0.6860959915834789,18.0,5.0,129,32,Pala 2,79.4
33,17,5.0,12.0,0.38138766307356586,0.6896173157844708,18.0,5.0,90,83,Pala 2,70.5
46,15,5.0,12.0,0.34714059709477596,0.5723306138091213,18.0,5.0,122,95,Pala 2,67.6
14,1,5.0,12.0,0.8413595989593323,0.6893108081610592,18.0,5.0,50,144,Pala 2,34.7
44,35,5.0,12.0,0.03530225451406965,0.9818625498736364,18.0,5.0,47,89,Pala 2,115.7
25,19,5.0,12.0,0.9747369472575074,0.3851603376344933,18.0,5.0,84,44,Pala 2,77.4
13,15,5.0,12.0,0.6481795582653734,0.7125255868765638,18.0,5.0,97,139,Pala 1,59.6
6,2,5.0,12.0,0.4324833881994421,0.3595290043775282,18.0,5.0,76,33,Pala 2,33.0
45,29,5.0,12.0,0.6280545311504252,0.854288798746826,18.0,5.0,83,53,Pala 2,102.1
30,1,5.0,12.0,0.12274094645898281,0.858028606890035,18.0,5.0,47,112,Pala 2,32.1
23,34,5.0,12.0,0.5140524552935476,0.902266425423485,18.0,5.0,157,123,Pala 1,86.9
30,25,5.0,12.0,0.9850955233397977,0.005463324241878342,18.0,5.0,78,132,Pala 2,92.3
28,4,5.0,12.0,0.23526943784670684,0.29819144499609485,18.0,5.0,123,69,Pala 2,37.4
41,1,5.0,12.0,0.7222780990363494,0.13392435120159607,18.0,5.0,86,56,Pala 2,32.3
31,19,5.0,12.0,0.43497137583170065,0.4539861978901568,18.0,5.0,35,66,Pala 2,75.1
16,33,5.0,12.0,0.6524581484879536,0.4954496426792978,18.0,5.0,107,30,Pala 1,65.4
13,33,5.0,12.0,0.20488722869177545,0.2559040428296555,18.0,5.0,49,166,Pala 1,48.8
39,19,5.0,12.0,0.4704649826176024,0.7234464920450704,18.0,5.0,79,175,Pala 2,78.2
35,49,5.0,12.0,0.9800927138592751,0.26976971718896936,18.0,5.0,38,152,Pala 1,115.3
47,24,5.0,12.0,0.19528715101600957,0.8538913752833586,18.0,5.0,171,68,Pala 2,86.3
23,19,5.0,12.0,0.6364450278487571,0.17765936814178684,18.0,5.0,149,59,Pala 2,76.1
44,24,5.0,12.0,0.5755977487667954,0.3672352947652836,18.0,5.0,77,49,Pala 2,85.0
26,13,5.0,12.0,0.5650515862904033,0.6222377584243051,18.0,5.0,109,172,Pala 2,61.1
24,46,5.0,12.0,0.6151232896516171,0.6053350704632533,18.0,5.0,85,93,Pala 1,85.8
31,43,5.0,12.0,0.5022379736882281,0.07802911200514351,18.0,5.0,150,148,Pala 1,100.0
17,42,5.0,12.0,0.016930750257658,0.8462586121909482,18.0,5.0,69,96,Pala 1,62.5
45,42,5.0,12.0,0.9000968114631178,0.5980649334297752,18.0,5.0,126,151,Pala 2,137.5
17,38,5.0,12.0,0.8269788274840308,0.8698595487071684,18.0,5.0,115,55,Pala 1,75.7
36,11,5.0,12.0,0.17416768092112134,0.8676355782278685,18.0,5.0,72,155,Pala 2,57.8
25,47,5.0,12.0,0.41327317737886904,0.545918690375031,18.0,5.0,151,35,Pala 1,87.6
8,4,5.0,12.0,0.7705489806935679,0.9107814573114379,18.0,5.0,99,61,Pala 2,39.5
34,1,5.0,12.0,0.9800623153872844,0.848407798813456,18.0,5.0,129,46,Pala 2,29.9
7,15,5.0,12.0,0.9511370464417864,0.958122944561771,18.0,5.0,160,82,Pala 1,50.0
19,29,5.0,12.0,0.8993591996761742,0.8504983985594063,18.0,5.0,161,129,Pala 1,80.4
41,46,5.0,12.0,0.15837389729913964,0.8212038510011495,18.0,5.0,118,161,Pala 1,123.0
21,42,5.0,12.0,0.9144751060090048,0.4693604806769115,18.0,5.0,56,139,Pala 1,83.8
18,37,5.0,12.0,0.8784449129510794,0.21203106037792774,18.0,5.0,134,100,Pala 1,71.3
29,44,5.0,12.0,0.37694991116638954,0.9107087330754859,18.0,5.0,129,173,Pala 1,99.5
27,41,5.0,12.0,0.39452259453626204,0.7225491864460757,18.0,5.0,89,130,Pala 1,86.8
34,23,5.0,12.0,0.45990892195516075,0.28174786419852027,18.0,5.0,65,120,Pala 2,84.3
42,29,5.0,12.0,0.656175630966417,0.3409957227556425,18.0,5.0,147,86,Pala 2,104.1
10,36,5.0,12.0,0.26083561598301575,0.6860785118572206,18.0,5.0,90,85,Pala 1,49.6
30,38,5.0,12.0,0.022948429439944684,0.47781730835367087,18.0,5.0,36,156,Pala 1,93.2
48,10,5.0,12.0,0.14122952459724225,0.08148256184636826,18.0,5.0,79,47,Pala 2,49.5
47,13,5.0,12.0,0.44011590757677366,0.141447945745657,18.0,5.0,145,104,Pala 2,61.5
38,22,5.0,12.0,0.28200256942620183,0.7456486835123112,18.0,5.0,157,51,Pala 2,84.9
35,15,5.0,12.0,0.7645165610361319,0.32856952848183085,18.0,5.0,34,161,Pala 2,67.2
29,49,5.0,12.0,0.10669007054927138,0.5076494284020392,18.0,5.0,99,32,Pala 1,91.2
22,20,5.0,12.0,0.9174652255548038,0.7666214782535258,18.0,5.0,61,53,Pala 2,76.8
18,3,5.0,12.0,0.8953271799439111,0.7511755937060525,18.0,5.0,108,81,Pala 2,34.8
11,32,5.0,12.0,0.9087568169332881,0.16701502688727388,18.0,5.0,144,96,Pala 1,52.0
14,46,5.0,12.0,0.7396099986033267,0.0983938643990353,18.0,5.0,106,152,Pala 1,56.6
30,13,5.0,12.0,0.1069999714835993,0.59115229296509,18.0,5.0,103,60,Pala 2,61.8
42,18,5.0,12.0,0.43813757136956677,0.7416328739312396,18.0,5.0,86,82,Pala 2,69.7
36,4,5.0,12.0,0.13140537180546374,0.14903992199541038,18.0,5.0,40,150,Pala 2,38.9
36,35,5.0,12.0,0.9876991927610826,0.3719552873272748,18.0,5.0,133,60,Pala 2,118.5
14,30,5.0,12.0,0.3330384233986733,0.8702779959676407,18.0,5.0,159,105,Pala 1,58.9
28,44,5.0,12.0,0.5853305418900621,0.944223141560321,18.0,5.0,147,167,Pala 1,100.7
49,17,5.0,12.0,0.7793930542442218,0.4540697609496843,18.0,5.0,149,113,Pala 2,71.3
42,43,5.0,12.0,0.9206160842256454,0.07951593403083301,18.0,5.0,78,175,Pala 1,133.4
25,30,5.0,12.0,0.75554772584136,0.25769645620237736,18.0,5.0,67,137,Pala 1,87.3
43,29,5.0,12.0,0.6745037787662376,0.23296992031553299,18.0,5.0,45,85,Pala 2,105.1
1,20,5.0,12.0,0.4659817820381513,0.23896372054105697,18.0,5.0,149,65,Pala 1,23.4
19,46,5.0,12.0,0.605400133750524,0.49388170537925,18.0,5.0,117,80,Pala 1,71.8
14,29,5.0,12.0,0.09416380885282982,0.5832256516915711,18.0,5.0,148,176,Pala 1,52.4
3,40,5.0,12.0,0.8839225419612625,0.12250958867993533,18.0,5.0,107,110,Pala 1,28.4
21,3,5.0,12.0,0.5437773088398854,0.8893560065283344,18.0,5.0,56,133,Pala 2,35.2
49,4,5.0,12.0,0.0401350504349427,0.6199738232811148,18.0,5.0,103,154,Pala 2,44.7
37,40,5.0,12.0,0.9199021256598975,0.5972517302680054,18.0,5.0,152,168,Pala 1,121.5
22,44,5.0,12.0,0.4893019738368687,0.9872789983842841,18.0,5.0,74,34,Pala 1,79.2
25,9,5.0,12.0,0.8685891415610018,0.6281439774931253,18.0,5.0,157,130,Pala 2,53.3
10,26,5.0,12.0,0.8568879542053569,0.928959149301185,18.0,5.0,89,129,Pala 1,55.6
27,15,5.0,12.0,0.8157515874571148,0.28625697235979175,18.0,5.0,155,137,Pala 2,67.3
1,29,5.0,12.0,0.061403019295356076,0.24012949034649755,18.0,5.0,64,43,Pala 1,17.8
7,12,5.0,12.0,0.24706664542420886,0.5165186868244531,18.0,5.0,70,146,Pala 1,35.8
28,35,5.0,12.0,0.8755478724654308,0.5086089476366661,18.0,5.0,162,57,Pala 1,98.4
10,20,5.0,12.0,0.8989910560520938,0.22648364948389688,18.0,5.0,34,38,Pala 1,49.9
36,44,5.0,12.0,0.45806886236880606,0.6996556568999477,18.0,5.0,179,88,Pala 1,118.1
17,39,5.0,12.0,0.44004146765420227,0.029633819236693282,18.0,5.0,63,67,Pala 1,62.6
49,44,5.0,12.0,0.17514063388614975,0.6906304725494526,18.0,5.0,174,122,Pala 2,135.8
13,14,5.0,12.0,0.9684107886911513,0.4571778861233001,18.0,5.0,80,101,Pala 1,61.3
9,19,5.0,12.0,0.21313847535904318,0.689007510845079,18.0,5.0,166,77,Pala 1,44.8
34,19,5.0,12.0,0.19093678435076555,0.47708063064151895,18.0,5.0,154,176,Pala 2,76.3
8,44,5.0,12.0,0.6607289701491743,0.977333782884695,18.0,5.0,172,159,Pala 1,51.4
34,4,5.0,12.0,0.24284430300044768,0.3346849511031178,18.0,5.0,138,35,Pala 2,36.2
10,31,5.0,12.0,0.9387716110143898,0.9825729370023882,18.0,5.0,114,90,Pala 1,59.3
43,5,5.0,12.0,0.010906995317794821,0.06497394247897537,18.0,5.0,57,31,Pala 2,35.2
11,29,5.0,12.0,0.005753262323301311,0.6837607747575566,18.0,5.0,132,112,Pala 1,49.0
2,25,5.0,12.0,0.5048768014355995,0.4542192067849121,18.0,5.0,129,42,Pala 1,29.6
38,36,5.0,12.0,0.48806245991347197,0.8221376255297003,18.0,5.0,32,78,Pala 2,119.2
13,12,5.0,12.0,0.16336402190091048,0.789616069716998,18.0,5.0,62,37,Pala 1,53.3
27,28,5.0,12.0,0.49451956297028443,0.8002101828759374,18.0,5.0,98,38,Pala 1,88.1
10,4,5.0,12.0,0.41166110516998644,0.09473859930251971,18.0,5.0,119,102,Pala 2,35.9
38,24,5.0,12.0,0.8903295253423688,0.8223656998612947,18.0,5.0,46,173,Pala 2,92.2
24,12,5.0,12.0,0.009253920216963474,0.21404015744376093,18.0,5.0,110,173,Pala 2,59.3
20,23,5.0,12.0,0.9762698050329522,0.02568026385903477,18.0,5.0,140,41,Pala 1,78.9
9,30,5.0,12.0,0.6243927642958425,0.21773871968441139,18.0,5.0,96,150,Pala 1,45.4
42,19,5.0,12.0,0.15184344564527563,0.47928510469983276,18.0,5.0,96,168,Pala 2,76.8
14,7,5.0,12.0,0.046760013811166234,0.7421113599114321,18.0,5.0,63,111,Pala 2,47.0
18,8,5.0,12.0,0.5381056585592319,0.2186324808328537,18.0,5.0,37,170,Pala 2,51.1
47,20,5.0,12.0,0.2348901659718201,0.11300754809027136,18.0,5.0,74,136,Pala 2,77.6
21,19,5.0,12.0,0.30116553700125925,0.6459672550239423,18.0,5.0,89,130,Pala 1,74.8
20,14,5.0,12.0,0.2451321648345136,0.9838980363600176,18.0,5.0,99,89,Pala 2,63.2
43,25,5.0,12.0,0.6501723135725108,0.6008703020856181,18.0,5.0,130,96,Pala 2,94.8
31,41,5.0,12.0,0.5535289621161336,0.6910573641234218,18.0,5.0,138,58,Pala 1,99.2
49,10,5.0,12.0,0.0779744235218115,0.56116744374642,18.0,5.0,179,95,Pala 2,51.3
22,36,5.0,12.0,0.5265265331751754,0.7823484442285039,18.0,5.0,141,34,Pala 1,83.7
12,40,5.0,12.0,0.7911897655632999,0.9758044202094448,18.0,5.0,81,153,Pala 1,60.7
4,10,5.0,12.0,0.08119459082032432,0.5441292294041848,18.0,5.0,148,124,Pala 1,24.7
3,26,5.0,12.0,0.88973897623042,0.41679051174272586,18.0,5.0,103,34,Pala 1,38.7
27,29,5.0,12.0,0.5783066494477291,0.8603430611601265,18.0,5.0,95,114,Pala 1,96.0
13,18,5.0,12.0,0.9506244692703166,0.9697283437599901,18.0,5.0,178,78,Pala 1,69.7
7,33,5.0,12.0,0.14814121772237565,0.12918164086956796,18.0,5.0,150,55,Pala 1,33.0
8,37,5.0,12.0,0.9935649993533152,0.5781709654738779,18.0,5.0,42,100,Pala 1,47.7
34,22,5.0,12.0,0.6442728659696768,0.7924599925459974,18.0,5.0,93,127,Pala 2,85.5
36,0,5.0,12.0,0.5674941994810628,0.5333394051563908,18.0,5.0,34,155,Pala 2,28.8
20,2,5.0,12.0,0.5152796241120854,0.4091969681929487,18.0,5.0,175,43,Pala 2,34.1
17,2,5.0,12.0,0.023654373098312753,0.6552298211354206,18.0,5.0,145,47,Pala 2,30.9
32,27,5.0,12.0,0.9396391915495781,0.2701280945133483,18.0,5.0,66,86,Pala 2,99.6
7,13,5.0,12.0,0.6439944728541983,0.3491337429383694,18.0,5.0,83,54,Pala 1,43.0
48,29,5.0,12.0,0.09162648449929123,0.9922766588813446,18.0,5.0,61,99,Pala 2,104.1
16,4,5.0,12.0,0.020952170294524897,0.6364653343744954,18.0,5.0,57,162,Pala 2,36.9
42,48,5.0,12.0,0.05078363923675133,0.8729272983110746,18.0,5.0,115,114,Pala 1,126.4
30,14,5.0,12.0,0.6093957634322407,0.8077685130371435,18.0,5.0,74,68,Pala 2,67.0
33,37,5.0,12.0,0.6140154148945852,0.6522725543940241,18.0,5.0,57,143,Pala 1,109.0
5,13,5.0,12.0,0.4996672917814411,0.8407290824587732,18.0,5.0,94,40,Pala 1,37.3
21,13,5.0,12.0,0.30676582065295155,0.28715849543357097,18.0,5.0,99,131,Pala 2,58.0
13,48,5.0,12.0,0.5317427316146414,0.6371164488122983,18.0,5.0,71,54,Pala 1,54.6
2,7,5.0,12.0,0.5163018208762579,0.5906034895239809,18.0,5.0,45,31,Pala 1,27.4
11,7,5.0,12.0,0.019415559876565625,0.6224196007933448,18.0,5.0,170,65,Pala 1,44.9
35,18,5.0,12.0,0.28246923032749804,0.16863192714677522,18.0,5.0,178,66,Pala 2,72.4
11,31,5.0,12.0,0.05318534146714948,0.27724303999806843,18.0,5.0,88,31,Pala 1,41.4
44,30,5.0,12.0,0.9001547514476554,0.2866583187925391,18.0,5.0,76,137,Pala 2,103.8
1,28,5.0,12.0,0.7252231627851354,0.6019461625727632,18.0,5.0,139,120,Pala 1,29.9
1,40,5.0,12.0,0.9961151701929123,0.9725468804397861,18.0,5.0,155,125,Pala 1,39.7
14,10,5.0,12.0,0.3021712633052879,0.9540675511821481,18.0,5.0,72,33,Pala 2,56.5
22,44,5.0,12.0,0.8784858477569103,0.22718955298969656,18.0,5.0,138,123,Pala 1,75.0
28,12,5.0,12.0,0.6030542679324817,0.3048452430667725,18.0,5.0,143,75,Pala 2,59.5
16,26,5.0,12.0,0.4531254069036049,0.03606189227916712,18.0,5.0,32,138,Pala 1,59.2
31,18,5.0,12.0,0.2225731112886351,0.39881558985939414,18.0,5.0,105,131,Pala 2,73.8
6,25,5.0,12.0,0.7383921652861428,0.8346741216803636,18.0,5.0,36,94,Pala 1,43.0
29,36,5.0,12.0,0.9041407489043,0.91575173898614,18.0,5.0,49,85,Pala 1,104.9
27,47,5.0,12.0,0.23530839807537074,0.23649647956794362,18.0,5.0,108,64,Pala 1,80.8
13,8,5.0,12.0,0.17539033497361256,0.2657944734888392,18.0,5.0,94,148,Pala 1,47.6
43,27,5.0,12.0,0.696221915004867,0.22084981650875368,18.0,5.0,144,130,Pala 2,97.8
29,31,5.0,12.0,0.9769731627255192,0.3501035675745787,18.0,5.0,171,52,Pala 1,103.2
16,2,5.0,12.0,0.749955101104078,0.8047593985905447,18.0,5.0,127,107,Pala 2,31.7
31,31,5.0,12.0,0.2845807390476489,0.6468574698844601,18.0,5.0,78,73,Pala 1,101.0
45,4,5.0,12.0,0.41995542414778564,0.7859409178637,18.0,5.0,103,30,Pala 2,37.8
5,7,5.0,12.0,0.3843176354583717,0.5830311063353062,18.0,5.0,66,169,Pala 1,35.5
23,13,5.0,12.0,0.8520950180470455,0.2577330780591468,18.0,5.0,163,170,Pala 2,61.6
5,2,5.0,12.0,0.7713707788722238,0.22799418021254414,18.0,5.0,35,49,Pala 2,33.9
26,23,5.0,12.0,0.5889754347615201,0.009000705863749792,18.0,5.0,57,140,Pala 1,81.5
17,12,5.0,12.0,0.27495911039690324,0.7809821368740725,18.0,5.0,131,141,Pala 2,59.9
23,42,5.0,12.0,0.9379885277220562,0.8471212261647177,18.0,5.0,150,127,Pala 1,90.6
36,28,5.0,12.0,0.6533152247691466,0.7682825996284163,18.0,5.0,170,35,Pala 2,98.3
23,7,5.0,12.0,0.9704766464417824,0.07440205772849073,18.0,5.0,42,165,Pala 2,49.2
37,41,5.0,12.0,0.5801170330420308,0.762221627169866,18.0,5.0,152,50,Pala 1,118.6
33,30,5.0,12.0,0.821192758363614,0.04576745315026931,18.0,5.0,39,132,Pala 1,103.0
39,25,5.0,12.0,0.8131053793945268,0.10559306570639115,18.0,5.0,109,178,Pala 2,92.7
46,17,5.0,12.0,0.3373287768335921,0.44047537293266725,18.0,5.0,128,74,Pala 2,69.3
14,17,5.0,12.0,0.9640207229572282,0.4761470089248401,18.0,5.0,66,99,Pala 1,63.1
10,6,5.0,12.0,0.02194146759756399,0.8161186366186963,18.0,5.0,150,134,Pala 1,45.2
21,47,5.0,12.0,0.7687109087674142,0.6795268920409105,18.0,5.0,37,167,Pala 1,79.7
23,37,5.0,12.0,0.9655570857640439,0.15332017863121628,18.0,5.0,115,104,Pala 1,84.1
0,47,5.0,12.0,0.33890820328372284,0.22614678322880133,18.0,5.0,34,30,Pala 1,16.3
17,15,5.0,12.0,0.648110587790972,0.28567518825868676,18.0,5.0,151,167,Pala 1,62.3
43,32,5.0,12.0,0.5622232498442106,0.12367263745485835,18.0,5.0,56,112,Pala 2,112.5
11,2,5.0,12.0,0.7615073096765237,0.2876448863592307,18.0,5.0,153,103,Pala 2,35.0
42,37,5.0,12.0,0.8661779216450524,0.7285981555397331,18.0,5.0,176,140,Pala 2,123.0
27,3,5.0,12.0,0.603044569299548,0.24140147010728297,18.0,5.0,72,43,Pala 2,36.6
39,35,5.0,12.0,0.8159045863814569,0.8353596470603865,18.0,5.0,64,160,Pala 2,121.3
6,3,5.0,12.0,0.3122855758892552,0.46951699512520784,18.0,5.0,84,164,Pala 1,36.2
22,41,5.0,12.0,0.22858705870481688,0.32293576124438883,18.0,5.0,90,137,Pala 1,71.1
20,8,5.0,12.0,0.4306676895328402,0.41241810454887307,18.0,5.0,76,32,Pala 2,48.0
33,39,5.0,12.0,0.6777365995807832,0.7094967405934914,18.0,5.0,131,148,Pala 1,110.4
10,16,5.0,12.0,0.18724694893872362,0.5167927032459902,18.0,5.0,106,122,Pala 1,44.6
21,16,5.0,12.0,0.6803521921518915,0.007278663975058053,18.0,5.0,85,120,Pala 2,68.2
41,32,5.0,12.0,0.3940936485720673,0.922323846585075,18.0,5.0,111,54,Pala 2,110.7
34,19,5.0,12.0,0.7955752738926319,0.06599600300185171,18.0,5.0,175,72,Pala 2,78.7
28,13,5.0,12.0,0.0368358171033033,0.9386213488143857,18.0,5.0,82,144,Pala 2,62.1
41,21,5.0,12.0,0.6679826378293945,0.028152823620054668,18.0,5.0,118,123,Pala 2,84.8
27,26,5.0,12.0,0.6498223366499677,0.7709793349574484,18.0,5.0,114,73,Pala 2,94.5
17,42,5.0,12.0,0.9409354761253144,0.5346747081832882,18.0,5.0,168,58,Pala 1,71.3
13,2,5.0,12.0,0.7133675535640704,0.505726180604106,18.0,5.0,141,120,Pala 2,38.1
17,23,5.0,12.0,0.7963018964232812,0.07277850254400453,18.0,5.0,158,86,Pala 1,67.3
27,29,5.0,12.0,0.9045910158531684,0.23874501033791629,18.0,5.0,125,137,Pala 1,92.2
23,7,5.0,12.0,0.6750519182919879,0.777547317065192,18.0,5.0,37,166,Pala 2,48.0
7,21,5.0,12.0,0.2901536349599746,0.8912598299224941,18.0,5.0,176,51,Pala 1,46.0
41,24,5.0,12.0,0.8697737995835221,0.5291186810529795,18.0,5.0,45,99,Pala 2,90.9
44,9,5.0,12.0,0.7475781194759751,0.3533433963625954,18.0,5.0,95,35,Pala 2,49.4
7,48,5.0,12.0,0.4244376040008935,0.05994320806421083,18.0,5.0,41,151,Pala 1,31.3
3,28,5.0,12.0,0.7105291726499621,0.6821785260663404,18.0,5.0,122,147,Pala 1,39.7
26,39,5.0,12.0,0.8676888771811421,0.2784466106862826,18.0,5.0,103,81,Pala 1,88.4
35,0,5.0,12.0,0.9756521313912715,0.0550137149921468,18.0,5.0,115,99,Pala 2,30.6
4,20,5.0,12.0,0.9523515039590553,0.6658517290986221,18.0,5.0,127,122,Pala 1,42.0
32,38,5.0,12.0,0.3253278267641415,0.4857197935337584,18.0,5.0,50,110,Pala 1,99.2
48,23,5.0,12.0,0.42169371371818176,0.011962149701723934,18.0,5.0,66,178,Pala 2,88.4
33,8,5.0,12.0,0.10953660497737128,0.11092403910634707,18.0,5.0,34,103,Pala 2,47.6
29,43,5.0,12.0,0.24754428701804598,0.6992019292459442,18.0,5.0,96,136,Pala 1,93.7
7,25,5.0,12.0,0.8824212084869503,0.06367133306578854,18.0,5.0,39,165,Pala 1,43.1
38,8,5.0,12.0,0.36084992627935897,0.8659630648429902,18.0,5.0,117,43,Pala 2,50.3
46,19,5.0,12.0,0.6205526585948811,0.3113262774199327,18.0,5.0,113,60,Pala 2,76.4
25,34,5.0,12.0,0.6659656183070333,0.08866647043642462,18.0,5.0,91,175,Pala 1,83.4
36,35,5.0,12.0,0.781829275143312,0.7597573781680654,18.0,5.0,66,123,Pala 1,120.7
33,41,5.0,12.0,0.18280003024563096,0.5244272344530237,18.0,5.0,78,111,Pala 1,100.6
6,35,5.0,12.0,0.3048131346144355,0.3066400323792976,18.0,5.0,53,59,Pala 1,35.2
39,8,5.0,12.0,0.4483363414581806,0.40609834166926795,18.0,5.0,111,59,Pala 2,46.7
27,21,5.0,12.0,0.36484106123827353,0.021412395604825885,18.0,5.0,135,129,Pala 2,78.7
38,0,5.0,12.0,0.9829052328596898,0.662698537539429,18.0,5.0,84,77,Pala 2,30.9
38,4,5.0,12.0,0.8349408032137124,0.36577368896344453,18.0,5.0,36,56,Pala 2,41.8
27,8,5.0,12.0,0.47968675462048604,0.7140375697281297,18.0,5.0,159,173,Pala 2,50.0
13,36,5.0,12.0,0.8792686260864679,0.6281711459525472,18.0,5.0,152,123,Pala 1,61.1
49,37,5.0,12.0,0.3476529475832968,0.6512541859097379,18.0,5.0,49,44,Pala 2,125.2
37,18,5.0,12.0,0.7858283238902646,0.7928927110044324,18.0,5.0,85,73,Pala 2,76.3
3,7,5.0,12.0,0.22367559810645365,0.631158078376251,18.0,5.0,53,77,Pala 1,26.8
41,41,5.0,12.0,0.7723220452263659,0.41872592924189245,18.0,5.0,137,143,Pala 1,132.2
17,42,5.0,12.0,0.45645340319572836,0.3899275617346356,18.0,5.0,169,154,Pala 1,65.3
43,31,5.0,12.0,0.10749932099224235,0.11958210676485581,18.0,5.0,120,43,Pala 2,105.3
47,12,5.0,12.0,0.2732624545555823,0.7794434131562418,18.0,5.0,44,83,Pala 2,56.7
24,19,5.0,12.0,0.4022746240235646,0.7611084417546218,18.0,5.0,102,121,Pala 2,76.3
6,35,5.0,12.0,0.7492929116644371,0.24629836708552344,18.0,5.0,90,179,Pala 1,41.2
37,42,5.0,12.0,0.07298271473095086,0.8626819126981446,18.0,5.0,57,153,Pala 1,114.1
27,43,5.0,12.0,0.6595469950926396,0.5890032577906282,18.0,5.0,139,90,Pala 1,94.5
4,36,5.0,12.0,0.7160136409328436,0.47868684239456727,18.0,5.0,32,47,Pala 1,33.3
2,29,5.0,12.0,0.6539213699257515,0.01749630162549587,18.0,5.0,45,115,Pala 1,27.5
43,9,5.0,12.0,0.7606696381675556,0.38274118586431627,18.0,5.0,161,175,Pala 2,56.3
30,30,5.0,12.0,0.1781686160228383,0.640670768235663,18.0,5.0,38,86,Pala 1,92.1
46,24,5.0,12.0,0.5871033550630373,0.08974783768838346,18.0,5.0,139,114,Pala 2,85.7
41,28,5.0,12.0,0.9411449472038799,0.45956730888754826,18.0,5.0,41,44,Pala 2,98.6
19,23,5.0,12.0,0.6107842698045377,0.9934359513615961,18.0,5.0,103,135,Pala 1,77.5
18,38,5.0,12.0,0.611336346952953,0.7165386372090675,18.0,5.0,73,87,Pala 1,66.1
47,20,5.0,12.0,0.736439642113269,0.5468708875016044,18.0,5.0,137,159,Pala 2,80.3
10,40,5.0,12.0,0.33320423212585903,0.5330328849390766,18.0,5.0,176,43,Pala 1,50.5
39,8,5.0,12.0,0.7004759013215406,0.04376508225819442,18.0,5.0,42,50,Pala 2,47.0
2,41,5.0,12.0,0.9162338333132151,0.9573144374079361,18.0,5.0,94,74,Pala 1,38.1
22,41,5.0,12.0,0.010895473025342994,0.928177660285043,18.0,5.0,121,63,Pala 1,75.4
6,1,5.0,12.0,0.8701130411088653,0.6824047106754465,18.0,5.0,133,146,Pala 2,31.3
22,3,5.0,12.0,0.2186183312588591,0.09901164968154996,18.0,5.0,145,100,Pala 2,33.9
6,7,5.0,12.0,0.4559232737003752,0.2078338967494382,18.0,5.0,160,108,Pala 1,36.2
45,31,5.0,12.0,0.852347800952638,0.18390953587558523,18.0,5.0,138,41,Pala 2,103.1
33,13,5.0,12.0,0.823912127456629,0.5195784851012188,18.0,5.0,150,152,Pala 2,62.6
41,48,5.0,12.0,0.8919274781260559,0.20780387450198556,18.0,5.0,137,36,Pala 1,130.7
18,12,5.0,12.0,0.9404167926325261,0.6958005615441982,18.0,5.0,45,98,Pala 2,62.8
8,20,5.0,12.0,0.4471569567717586,0.545229885969389,18.0,5.0,72,140,Pala 1,42.1
47,23,5.0,12.0,0.6563638108010069,0.017658177042655487,18.0,5.0,85,132,Pala 2,86.6
17,49,5.0,12.0,0.3904784405261067,0.7440572370356515,18.0,5.0,165,146,Pala 1,65.7
40,17,5.0,12.0,0.3507167174921658,0.1888287366539485,18.0,5.0,132,127,Pala 2,69.7
47,44,5.0,12.0,0.4315954105976695,0.8248851196806769,18.0,5.0,35,54,Pala 2,139.4
44,39,5.0,12.0,0.743076134782676,0.355045437122979,18.0,5.0,72,95,Pala 2,123.2
41,25,5.0,12.0,0.5014407471415528,0.33861967998163645,18.0,5.0,73,80,Pala 2,88.5
24,31,5.0,12.0,0.814059674448342,0.011817335778210536,18.0,5.0,147,149,Pala 1,81.9
13,43,5.0,12.0,0.7452184771961559,0.9877289829230171,18.0,5.0,109,154,Pala 1,62.1
43,32,5.0,12.0,0.020478461124399328,0.6120043391718638,18.0,5.0,52,169,Pala 2,109.6
24,30,5.0,12.0,0.6302381571061616,0.4227301661859907,18.0,5.0,173,154,Pala 1,81.5
18,17,5.0,12.0,0.43657112330859105,0.09662140446133904,18.0,5.0,38,176,Pala 1,59.7
38,34,5.0,12.0,0.4566289891511416,0.6991480641510168,18.0,5.0,166,76,Pala 2,113.0
14,11,5.0,12.0,0.8183730538698947,0.28273046999193885,18.0,5.0,88,167,Pala 2,54.0
15,24,5.0,12.0,0.5476079860846768,0.988280818375529,18.0,5.0,98,39,Pala 1,65.0
26,44,5.0,12.0,0.8856218234589471,0.9505473591493231,18.0,5.0,176,128,Pala 1,96.4
39,30,5.0,12.0,0.7128055923916904,0.7352966788027886,18.0,5.0,64,70,Pala 2,105.0
9,9,5.0,12.0,0.5528400087640528,0.971071930282969,18.0,5.0,126,84,Pala 2,50.1
3,46,5.0,12.0,0.7545379761511037,0.10563386245376283,18.0,5.0,139,147,Pala 1,28.8
18,33,5.0,12.0,0.0383490509254073,0.2799153605365452,18.0,5.0,69,144,Pala 1,58.6
27,2,5.0,12.0,0.027083654828207737,0.2532432887911791,18.0,5.0,171,72,Pala 2,31.6
20,45,5.0,12.0,0.08334932692085206,0.07201265845930249,18.0,5.0,113,61,Pala 1,62.1
46,38,5.0,12.0,0.43756532514714264,0.9722265979714558,18.0,5.0,145,144,Pala 2,128.3
13,7,5.0,12.0,0.2354501456269431,0.059974086646893854,18.0,5.0,42,100,Pala 2,40.9
32,31,5.0,12.0,0.9842612944157846,0.8566889039943296,18.0,5.0,82,55,Pala 2,111.9
47,42,5.0,12.0,0.5422901390113669,0.7681614245768392,18.0,5.0,109,87,Pala 2,136.7
9,28,5.0,12.0,0.6624157460811585,0.37586708747145947,18.0,5.0,124,105,Pala 1,49.2
18,21,5.0,12.0,0.27882013624669666,0.018807362629798985,18.0,5.0,68,143,Pala 1,60.7
29,19,5.0,12.0,0.3217969085876088,0.0060959049818695155,18.0,5.0,113,173,Pala 2,77.0
21,5,5.0,12.0,0.3354619141411559,0.20399384069392323,18.0,5.0,150,119,Pala 2,37.2
2,42,5.0,12.0,0.6987357051503006,0.4938765800337931,18.0,5.0,94,170,Pala 1,29.5
36,48,5.0,12.0,0.4737062076893085,0.45790997818515133,18.0,5.0,69,131,Pala 1,112.0
40,28,5.0,12.0,0.5176836525300744,0.5852925765649275,18.0,5.0,164,35,Pala 2,99.0
17,41,5.0,12.0,0.5920029821593453,0.7719593096607621,18.0,5.0,74,169,Pala 1,69.6
10,16,5.0,12.0,0.768811656238217,0.3773546148602057,18.0,5.0,51,166,Pala 1,50.2
47,30,5.0,12.0,0.09036974851247814,0.1603636955093174,18.0,5.0,164,113,Pala 2,101.2
1,33,5.0,12.0,0.7768739122188216,0.8000489168284239,18.0,5.0,151,88,Pala 1,29.1
11,37,5.0,12.0,0.5632350688751798,0.3326906813312108,18.0,5.0,81,96,Pala 1,49.4
5,36,5.0,12.0,0.6690954448552572,0.2868818977933507,18.0,5.0,129,44,Pala 1,34.2
42,3,5.0,12.0,0.327551764840762,0.7643120384292353,18.0,5.0,97,92,Pala 2,37.5
39,1,5.0,12.0,0.40938683681644916,0.9341394380831445,18.0,5.0,96,79,Pala 2,33.0
43,11,5.0,12.0,0.23116581965392025,0.9149612820107569,18.0,5.0,32,125,Pala 2,55.3
28,34,5.0,12.0,0.9792999974174053,0.13744242585717859,18.0,5.0,87,50,Pala 1,94.6
29,5,5.0,12.0,0.49700297251031667,0.5031581534692996,18.0,5.0,149,30,Pala 2,36.9
1,45,5.0,12.0,0.9960769157965979,0.09287028372817341,18.0,5.0,129,155,Pala 1,28.9
8,7,5.0,12.0,0.48978597806126634,0.9609759589063998,18.0,5.0,38,40,Pala 1,44.0
46,20,5.0,12.0,0.21975126438406734,0.2152278858768394,18.0,5.0,45,179,Pala 2,74.4
1,45,5.0,12.0,0.5074523967368567,0.19742957476577472,18.0,5.0,41,137,Pala 1,22.5
28,34,5.0,12.0,0.0395955717990778,0.8888856730064795,18.0,5.0,131,131,Pala 1,88.8
32,47,5.0,12.0,0.9047698014219513,0.9678505551219649,18.0,5.0,177,117,Pala 1,112.6
9,14,5.0,12.0,0.8185502511944411,0.6976322592952566,18.0,5.0,60,164,Pala 1,51.4
33,6,5.0,12.0,0.7258205206942847,0.12100503369922488,18.0,5.0,50,142,Pala 2,44.1
43,14,5.0,12.0,0.60982671544246,0.48585561054067383,18.0,5.0,160,129,Pala 2,61.8
7,44,5.0,12.0,0.5798342336703631,0.8166050940616038,18.0,5.0,50,158,Pala 1,42.3
36,5,5.0,12.0,0.9967282140794629,0.5724771837082452,18.0,5.0,121,94,Pala 2,45.4
32,46,5.0,12.0,0.27799743401993793,0.13259485472833465,18.0,5.0,57,93,Pala 1,95.8
46,16,5.0,12.0,0.779684365365578,0.17188774950322783,18.0,5.0,162,46,Pala 2,70.4
5,3,5.0,12.0,0.5814047702136574,0.8641416758348051,18.0,5.0,100,168,Pala 2,37.6
43,21,5.0,12.0,0.9758805437588852,0.5270291636874834,18.0,5.0,102,154,Pala 2,85.4
39,31,5.0,12.0,0.8278031832982524,0.7058367737667124,18.0,5.0,177,39,Pala 2,104.9
44,21,5.0,12.0,0.9985251129895927,0.3730625262330648,18.0,5.0,145,95,Pala 2,80.6
18,26,5.0,12.0,0.5883249944624463,0.5324855829188415,18.0,5.0,87,61,Pala 1,73.0
31,45,5.0,12.0,0.20454395754493504,0.9771031403876917,18.0,5.0,174,45,Pala 1,104.1
26,14,5.0,12.0,0.5036870356947338,0.3297030369681381,18.0,5.0,71,141,Pala 2,63.3
0,43,5.0,12.0,0.7111111340505746,0.6747885275082744,18.0,5.0,126,55,Pala 1,31.1
42,21,5.0,12.0,0.7743603861815881,0.17250555719522975,18.0,5.0,91,133,Pala 2,78.3
32,27,5.0,12.0,0.0005099890159435683,0.1217398852603333,18.0,5.0,125,103,Pala 1,94.0
39,41,5.0,12.0,0.505027088502294,0.7836401112590298,18.0,5.0,141,129,Pala 1,126.4
31,37,5.0,12.0,0.23523457997064656,0.8441082099871656,18.0,5.0,149,123,Pala 1,99.3
4,8,5.0,12.0,0.8749118332547884,0.6683116953494155,18.0,5.0,116,166,Pala 1,37.5
16,33,5.0,12.0,0.15290544405022855,0.15819583754447508,18.0,5.0,178,34,Pala 1,59.4
7,35,5.0,12.0,0.6664562495748334,0.2405879656425386,18.0,5.0,163,36,Pala 1,41.3
41,8,5.0,12.0,0.26606219032492484,0.9111757080951116,18.0,5.0,142,94,Pala 2,50.5
33,14,5.0,12.0,0.35654214321427224,0.2887040487997563,18.0,5.0,121,41,Pala 2,62.9
8,44,5.0,12.0,0.9405592607568448,0.8188605161971175,18.0,5.0,95,54,Pala 1,53.9
22,19,5.0,12.0,0.24044812540807947,0.2859372889104016,18.0,5.0,61,170,Pala 1,67.1
34,7,5.0,12.0,0.09500276182293066,0.9394625693234345,18.0,5.0,93,39,Pala 2,49.2
49,27,5.0,12.0,0.06928490144422583,0.914452912837003,18.0,5.0,34,62,Pala 2,92.6
6,18,5.0,12.0,0.5046151100994621,0.043263173628787954,18.0,5.0,168,132,Pala 1,35.7
14,15,5.0,12.0,0.641711482284288,0.7704139868674086,18.0,5.0,157,45,Pala 2,67.9
19,10,5.0,12.0,0.3272936435708872,0.16946176023440707,18.0,5.0,103,101,Pala 2,53.2
49,41,5.0,12.0,0.6902597417930808,0.2152716259063815,18.0,5.0,121,62,Pala 2,129.5
24,7,5.0,12.0,0.061033718573237805,0.4598452123314758,18.0,5.0,89,64,Pala 2,41.7
2,32,5.0,12.0,0.8573346449228768,0.5763181497494501,18.0,5.0,31,131,Pala 1,32.2
45,9,5.0,12.0,0.8165672097392378,0.325799718970492,18.0,5.0,118,105,Pala 2,56.7
23,17,5.0,12.0,0.9854962713920856,0.5753833655542092,18.0,5.0,136,108,Pala 2,71.3
33,34,5.0,12.0,0.9365049809018454,0.1706583713411366,18.0,5.0,144,46,Pala 1,109.6
45,42,5.0,12.0,0.3561971639189281,0.022337654381037075,18.0,5.0,105,56,Pala 1,130.5
21,49,5.0,12.0,0.39927538401557716,0.5712243883617631,18.0,5.0,105,143,Pala 1,75.6
10,2,5.0,12.0,0.7459648474782595,0.5174152599623189,18.0,5.0,157,50,Pala 2,37.3
47,39,5.0,12.0,0.1340827719549832,0.6896539640759249,18.0,5.0,50,178,Pala 2,127.2
7,26,5.0,12.0,0.31401471024483485,0.6498220619678245,18.0,5.0,177,46,Pala 1,43.1
38,27,5.0,12.0,0.11854093697564827,0.8974863802339554,18.0,5.0,48,105,Pala 2,96.5
42,45,5.0,12.0,0.4548864490728314,0.4594686201615459,18.0,5.0,92,73,Pala 1,128.1
34,5,5.0,12.0,0.5520042798853176,0.008369474692942025,18.0,5.0,48,57,Pala 2,36.4
48,46,5.0,12.0,0.2111604699627524,0.6306526815968541,18.0,5.0,142,54,Pala 1,139.8
45,13,5.0,12.0,0.026631686914105,0.6751324296032184,18.0,5.0,51,76,Pala 2,63.7
37,6,5.0,12.0,0.7193558317505231,0.5214949893959697,18.0,5.0,80,130,Pala 2,48.6
7,9,5.0,12.0,0.02000516442616851,0.6893048702412157,18.0,5.0,117,52,Pala 1,38.3
36,14,5.0,12.0,0.9734026089283562,0.3235838132361527,18.0,5.0,152,104,Pala 2,69.2
26,30,5.0,12.0,0.22160725674239545,0.14880830319107918,18.0,5.0,92,79,Pala 1,78.9
27,28,5.0,12.0,0.6639000921162911,0.6645536639564066,18.0,5.0,91,94,Pala 1,93.4
39,41,5.0,12.0,0.43475172623998914,0.2451864292155287,18.0,5.0,103,45,Pala 1,120.0
33,16,5.0,12.0,0.0596738603371072,0.45631590928420485,18.0,5.0,61,153,Pala 2,68.7
31,28,5.0,12.0,0.47218360663446746,0.49162273061164863,18.0,5.0,173,79,Pala 2,98.1
14,48,5.0,12.0,0.5167606342967996,0.47719955046838847,18.0,5.0,44,42,Pala 1,59.6
43,43,5.0,12.0,0.8546832080928685,0.5984491436799558,18.0,5.0,77,109,Pala 1,136.5
16,14,5.0,12.0,0.7323490696478979,0.029453708925858857,18.0,5.0,47,64,Pala 1,61.3
32,25,5.0,12.0,0.07930247475338636,0.9896824949300881,18.0,5.0,52,143,Pala 2,90.0
46,11,5.0,12.0,0.20916268343226507,0.7163104739385713,18.0,5.0,84,61,Pala 2,54.5
45,24,5.0,12.0,0.3118876842149477,0.4253877817987627,18.0,5.0,71,116,Pala 2,84.5
15,40,5.0,12.0,0.11640768646481947,0.1913300302902443,18.0,5.0,160,138,Pala 1,55.0
28,4,5.0,12.0,0.45689907091449056,0.08017732244335629,18.0,5.0,132,95,Pala 2,38.6
8,3,5.0,12.0,0.9843091908625355,0.6721904206261219,18.0,5.0,81,124,Pala 2,40.4
32,43,5.0,12.0,0.5146127912377616,0.3169556149585583,18.0,5.0,40,126,Pala 1,98.8
48,47,5.0,12.0,0.7418821683231693,0.229478458249868,18.0,5.0,84,76,Pala 1,140.5
28,40,5.0,12.0,0.6829377976993461,0.3799543871123334,18.0,5.0,117,147,Pala 1,97.0
12,30,5.0,12.0,0.849911435092138,0.5929230878077101,18.0,5.0,143,64,Pala 1,59.5
20,2,5.0,12.0,0.21572349046560946,0.6717052166840012,18.0,5.0,54,129,Pala 2,33.5
20,2,5.0,12.0,0.7538262616930282,0.6451700693545301,18.0,5.0,121,93,Pala 2,34.2
4,25,5.0,12.0,0.8813552403057495,0.8632655834919736,18.0,5.0,116,41,Pala 1,41.9
9,49,5.0,12.0,0.17150982298024275,0.21875743107011525,18.0,5.0,110,149,Pala 1,35.6
5,16,5.0,12.0,0.34680221978800374,0.6367461631971355,18.0,5.0,38,73,Pala 1,31.2
12,9,5.0,12.0,0.9701017643315615,0.10111437618609409,18.0,5.0,128,40,Pala 2,53.2
0,1,5.0,12.0,0.7807878459797924,0.5479346898991778,18.0,5.0,65,118,Pala 1,27.7
19,23,5.0,12.0,0.28259083253753237,0.5839584024896712,18.0,5.0,86,75,Pala 1,67.5
46,10,5.0,12.0,0.563941769644487,0.21623729893417365,18.0,5.0,92,88,Pala 2,55.1
45,23,5.0,12.0,0.4043261228494788,0.39169312999123684,18.0,5.0,111,128,Pala 2,82.5
7,34,5.0,12.0,0.4899651763271299,0.8271928895838024,18.0,5.0,49,178,Pala 1,41.0
9,22,5.0,12.0,0.3551661913907085,0.14840905375296343,18.0,5.0,76,81,Pala 1,37.5
8,31,5.0,12.0,0.2793310185303406,0.4345061976158402,18.0,5.0,49,77,Pala 1,35.7
48,22,5.0,12.0,0.6747630413914187,0.9327330712114519,18.0,5.0,35,107,Pala 2,87.6
40,33,5.0,12.0,0.7785418150861175,0.5041089276996009,18.0,5.0,102,176,Pala 2,115.3
2,40,5.0,12.0,0.8739571227473448,0.725133711833287,18.0,5.0,136,161,Pala 1,37.0
10,18,5.0,12.0,0.15532996731818804,0.8268660395555509,18.0,5.0,122,131,Pala 1,50.9
11,1,5.0,12.0,0.8228555236452406,0.20377437484549243,18.0,5.0,58,61,Pala 2,29.0
9,1,5.0,12.0,0.25480082447706354,0.21821723553293237,18.0,5.0,129,119,Pala 2,31.6
24,14,5.0,12.0,0.42733638991005063,0.7585914560983835,18.0,5.0,140,105,Pala 2,62.2
48,20,5.0,12.0,0.9014436858492466,0.7533067381764009,18.0,5.0,150,62,Pala 2,82.9
48,34,5.0,12.0,0.454503600982602,0.060183320639619065,18.0,5.0,78,171,Pala 2,112.1
24,4,5.0,12.0,0.1970635340443162,0.32249824069496436,18.0,5.0,137,133,Pala 2,41.6
10,42,5.0,12.0,0.1598686552371178,0.398532491908438,18.0,5.0,163,82,Pala 1,42.5
35,26,5.0,12.0,0.4729837666521338,0.8290404034711537,18.0,5.0,68,137,Pala 2,98.3
38,23,5.0,12.0,0.7626724239765541,0.42186225542973743,18.0,5.0,61,71,Pala 2,87.4
25,6,5.0,12.0,0.9972051439743013,0.9259288904032438,18.0,5.0,72,65,Pala 2,48.0
13,5,5.0,12.0,0.7874086284309019,0.9966077771406401,18.0,5.0,137,54,Pala 2,42.1
38,45,5.0,12.0,0.8770119589428536,0.7807261656943496,18.0,5.0,57,144,Pala 1,125.8
39,32,5.0,12.0,0.747832360934888,0.6663866895672574,18.0,5.0,74,115,Pala 2,108.3
0,48,5.0,12.0,0.895435100756106,0.39189716598712276,18.0,5.0,94,38,Pala 1,27.4
3,16,5.0,12.0,0.07629354331391325,0.06703944605203338,18.0,5.0,79,136,Pala 1,17.7
29,45,5.0,12.0,0.9299315989816455,0.5731387563961305,18.0,5.0,83,98,Pala 1,102.7
11,41,5.0,12.0,0.39640615372565613,0.36170490554399093,18.0,5.0,80,178,Pala 1,48.0
34,29,5.0,12.0,0.9216142232804446,0.35089807583234356,18.0,5.0,72,99,Pala 2,102.9
12,7,5.0,12.0,0.07573283745947557,0.6877092527094356,18.0,5.0,93,158,Pala 2,47.2
30,39,5.0,12.0,0.7152429571211358,0.46363935859663574,18.0,5.0,59,60,Pala 1,99.2
37,45,5.0,12.0,0.7356887486702045,0.75209384477145,18.0,5.0,116,157,Pala 1,121.8
42,6,5.0,12.0,0.9969108892977727,0.39817322268537914,18.0,5.0,95,160,Pala 2,45.6
22,5,5.0,12.0,0.7688552706898137,0.15086338548656264,18.0,5.0,98,131,Pala 2,43.0
3,3,5.0,12.0,0.3825737058156067,0.46134752619024655,18.0,5.0,44,145,Pala 1,28.3
15,0,5.0,12.0,0.5572485516185454,0.9510125143253633,18.0,5.0,139,33,Pala 2,24.4
6,14,5.0,12.0,0.36655093816659023,0.8015246291165583,18.0,5.0,163,169,Pala 1,40.8
21,30,5.0,12.0,0.19601864530485813,0.20574925507336672,18.0,5.0,53,151,Pala 1,67.2
28,24,5.0,12.0,0.24850232750227352,0.3913005016449427,18.0,5.0,150,91,Pala 2,83.1
10,46,5.0,12.0,0.22201053427432094,0.9277920952205377,18.0,5.0,114,100,Pala 1,48.6
32,32,5.0,12.0,0.5488153301632129,0.1236990587265665,18.0,5.0,171,121,Pala 1,103.1
28,34,5.0,12.0,0.9061606345318933,0.253950241864936,18.0,5.0,169,164,Pala 1,96.7
38,4,5.0,12.0,0.9127266260883976,0.26222264587189636,18.0,5.0,97,85,Pala 2,40.7
11,4,5.0,12.0,0.05476377752582551,0.5709328756619835,18.0,5.0,151,96,Pala 2,36.8
6,35,5.0,12.0,0.07989940095189352,0.41073331971132276,18.0,5.0,73,170,Pala 1,28.8
38,16,5.0,12.0,0.2451190571723435,0.07987067399629988,18.0,5.0,114,92,Pala 2,64.3
41,13,5.0,12.0,0.2550594524694749,0.6291814545770856,18.0,5.0,70,70,Pala 2,60.0
47,28,5.0,12.0,0.09488917523925111,0.09907786452015022,18.0,5.0,151,94,Pala 2,96.3
25,7,5.0,12.0,0.3884633411734405,0.6064149319790781,18.0,5.0,73,126,Pala 2,47.4
39,33,5.0,12.0,0.5877253926912872,0.5070083802260258,18.0,5.0,104,65,Pala 2,112.6
8,39,5.0,12.0,0.5781622005994637,0.49366866072531257,18.0,5.0,121,43,Pala 1,43.1
40,0,5.0,12.0,0.5434296812585927,0.06749624529922982,18.0,5.0,45,76,Pala 2,28.2
33,28,5.0,12.0,0.3386719248874972,0.6392204468835359,18.0,5.0,115,109,Pala 2,103.5
44,35,5.0,12.0,0.7064556853165807,0.43132025858933076,18.0,5.0,162,43,Pala 2,114.6
12,36,5.0,12.0,0.8264839409810714,0.41110612228568655,18.0,5.0,166,108,Pala 1,57.1
35,28,5.0,12.0,0.34627426647740844,0.5964513964185367,18.0,5.0,106,145,Pala 2,99.7
24,4,5.0,12.0,0.08553535929946199,0.6062480599465474,18.0,5.0,68,30,Pala 2,36.4
23,31,5.0,12.0,0.2963302510918565,0.01503329576198853,18.0,5.0,116,48,Pala 1,74.9
43,23,5.0,12.0,0.13736865457490277,0.12522590120320665,18.0,5.0,93,150,Pala 2,87.1
16,18,5.0,12.0,0.46735872722718086,0.23651822084472063,18.0,5.0,135,87,Pala 1,57.9
1,11,5.0,12.0,0.15593515131607827,0.6779773333459791,18.0,5.0,119,164,Pala 1,21.2
12,0,5.0,12.0,0.4628447576579773,0.5767411270296074,18.0,5.0,175,106,Pala 2,29.1
30,6,5.0,12.0,0.22100289232464776,0.7576291323847537,18.0,5.0,96,144,Pala 2,43.7
28,16,5.0,12.0,0.738731105462403,0.740607805543857,18.0,5.0,34,93,Pala 2,72.1
49,33,5.0,12.0,0.027568240835845637,0.8531828692061507,18.0,5.0,88,47,Pala 2,107.4
27,42,5.0,12.0,0.5547463038319256,0.3768148612724139,18.0,5.0,105,79,Pala 1,91.1
26,6,5.0,12.0,0.1694882749200567,0.34506386618330276,18.0,5.0,33,97,Pala 2,41.3
14,16,5.0,12.0,0.0009918644696270684,0.8310154030534632,18.0,5.0,45,120,Pala 1,53.0
30,2,5.0,12.0,0.8692000880648071,0.23760153386718452,18.0,5.0,104,45,Pala 2,34.8
39,28,5.0,12.0,0.6715277878140676,0.461172373673607,18.0,5.0,129,171,Pala 2,99.3
14,21,5.0,12.0,0.0989428220505234,0.19432565202224972,18.0,5.0,150,107,Pala 1,51.8
32,37,5.0,12.0,0.6640723676838556,0.9138407421392136,18.0,5.0,95,164,Pala 1,110.3
19,42,5.0,12.0,0.6116473327375985,0.40780301309662537,18.0,5.0,165,85,Pala 1,73.7
41,28,5.0,12.0,0.47335668704320333,0.21248689823082834,18.0,5.0,50,43,Pala 2,96.8
11,49,5.0,12.0,0.419258098425614,0.692013390568912,18.0,5.0,55,138,Pala 1,51.0
36,49,5.0,12.0,0.8870697629157349,0.24464467821047864,18.0,5.0,172,99,Pala 1,120.7
8,41,5.0,12.0,0.24514801989745127,0.9435036031702234,18.0,5.0,59,91,Pala 1,39.7
22,4,5.0,12.0,0.3983100570133833,0.36761701480941145,18.0,5.0,95,72,Pala 2,39.3
7,29,5.0,12.0,0.32911541289482726,0.6646407121018371,18.0,5.0,109,86,Pala 1,41.7
31,22,5.0,12.0,0.7712010290366336,0.3452449311574134,18.0,5.0,42,131,Pala 2,86.4
47,20,5.0,12.0,0.9164653062325394,0.8072455829934737,18.0,5.0,30,104,Pala 2,79.1
13,25,5.0,12.0,0.8497816987402305,0.8969227410227758,18.0,5.0,158,80,Pala 1,65.6
26,46,5.0,12.0,0.7977039302997685,0.7879183594147862,18.0,5.0,170,96,Pala 1,98.1
24,20,5.0,12.0,0.9867899455700829,0.84849901872752,18.0,5.0,90,158,Pala 2,80.7
12,19,5.0,12.0,0.6971445504103851,0.10188082793763598,18.0,5.0,146,109,Pala 1,53.5
20,22,5.0,12.0,0.7510537912135338,0.9240646770330664,18.0,5.0,95,89,Pala 1,81.8
44,3,5.0,12.0,0.982802539705019,0.6243007288752803,18.0,5.0,152,32,Pala 2,33.6
30,20,5.0,12.0,0.006990785399174082,0.8692175321661997,18.0,5.0,33,101,Pala 2,78.9
36,20,5.0,12.0,0.634048376436365,0.6844367641854154,18.0,5.0,170,143,Pala 2,82.0
47,0,5.0,12.0,0.7389715319532896,0.2018476685437104,18.0,5.0,65,109,Pala 2,28.6
42,14,5.0,12.0,0.917827053757195,0.6095551016456765,18.0,5.0,125,140,Pala 2,70.1
4,16,5.0,12.0,0.8838443041843428,0.09094623972314098,18.0,5.0,114,83,Pala 1,34.1
12,13,5.0,12.0,0.8419606812337943,0.6957230302181586,18.0,5.0,172,31,Pala 1,61.3
27,18,5.0,12.0,0.9457912719417038,0.4090011410805727,18.0,5.0,119,58,Pala 2,72.1
42,49,5.0,12.0,0.5373791879137075,0.15173317310020895,18.0,5.0,114,45,Pala 1,125.9
24,33,5.0,12.0,0.006920095584826758,0.9792298158684141,18.0,5.0,41,124,Pala 1,79.3
34,5,5.0,12.0,0.011054398697009526,0.9010844242106811,18.0,5.0,105,88,Pala 2,42.6
46,44,5.0,12.0,0.5446390556178581,0.8935437134032538,18.0,5.0,98,168,Pala 2,138.6
38,48,5.0,12.0,0.4352722388639413,0.7888203063522529,18.0,5.0,71,53,Pala 1,115.6
6,5,5.0,12.0,0.4512450533654485,0.6919811251435176,18.0,5.0,159,112,Pala 2,41.9
37,4,5.0,12.0,0.400404737210037,0.6550794802922452,18.0,5.0,37,103,Pala 2,38.8
31,6,5.0,12.0,0.9177258090912357,0.10609383770385528,18.0,5.0,83,125,Pala 2,45.8
2,32,5.0,12.0,0.3591703511697899,0.9005662353184541,18.0,5.0,165,116,Pala 1,32.8
44,12,5.0,12.0,0.8562269417630832,0.8811283963046104,18.0,5.0,117,126,Pala 2,61.4
38,0,5.0,12.0,0.9028647937916409,0.7478526265248534,18.0,5.0,170,123,Pala 2,27.5
36,12,5.0,12.0,0.4995017699989548,0.9273149590751225,18.0,5.0,58,123,Pala 2,60.0
49,42,5.0,12.0,0.4469380373650883,0.553083451397992,18.0,5.0,42,100,Pala 2,136.6
21,26,5.0,12.0,0.7610206042154468,0.4476423347175553,18.0,5.0,87,82,Pala 1,78.4
7,6,5.0,12.0,0.7079715076398824,0.9679474021662787,18.0,5.0,92,143,Pala 2,45.7
16,2,5.0,12.0,0.32853511659620593,0.46413118779765605,18.0,5.0,116,158,Pala 2,35.8
26,24,5.0,12.0,0.10254812592464657,0.6413244410671577,18.0,5.0,116,123,Pala 2,85.4
32,32,5.0,12.0,0.26485240018248035,0.37306214685843897,18.0,5.0,103,127,Pala 1,98.7
45,39,5.0,12.0,0.13102850581229897,0.6363262260197279,18.0,5.0,67,147,Pala 2,124.5
16,16,5.0,12.0,0.29473227577669137,0.7200989956256877,18.0,5.0,98,63,Pala 1,64.5
41,44,5.0,12.0,0.26182156558079905,0.6246555252885504,18.0,5.0,98,90,Pala 1,124.6
11,13,5.0,12.0,0.6377114238867135,0.5145629412161977,18.0,5.0,158,131,Pala 1,50.8
47,36,5.0,12.0,0.9544960284547797,0.30011079762523285,18.0,5.0,159,90,Pala 2,118.4
45,22,5.0,12.0,0.6857437323304836,0.6438456761362233,18.0,5.0,142,37,Pala 2,83.3
26,23,5.0,12.0,0.9266494080645696,0.9084288952613628,18.0,5.0,58,83,Pala 2,87.2
47,28,5.0,12.0,0.7841322586084434,0.006912591169667359,18.0,5.0,151,177,Pala 2,98.9
7,37,5.0,12.0,0.7278776220711732,0.13392902742969037,18.0,5.0,36,75,Pala 1,39.2
22,26,5.0,12.0,0.4140619402133414,0.1197731584998557,18.0,5.0,84,147,Pala 1,70.9
41,37,5.0,12.0,0.32479450286336864,0.9232053028928541,18.0,5.0,36,122,Pala 2,121.9
48,39,5.0,12.0,0.8462773724729192,0.6627476889626147,18.0,5.0,121,60,Pala 2,132.5
28,44,5.0,12.0,0.9053932329290053,0.9517881064701506,18.0,5.0,39,177,Pala 1,104.9
49,49,5.0,12.0,0.451882493650932,0.5828132732124283,18.0,5.0,109,51,Pala 1,146.7
19,22,5.0,12.0,0.009063098186644414,0.4617328971592537,18.0,5.0,103,86,Pala 1,62.8
15,30,5.0,12.0,0.7925310589064705,0.7923429118143624,18.0,5.0,87,133,Pala 1,68.0
16,35,5.0,12.0,0.28506884047229164,0.16094226747522455,18.0,5.0,119,46,Pala 1,57.4
15,16,5.0,12.0,0.009887865016920738,0.3813381163173214,18.0,5.0,127,118,Pala 1,53.9
18,36,5.0,12.0,0.8049885589761221,0.4662742405342237,18.0,5.0,69,130,Pala 1,67.4
7,2,5.0,12.0,0.5174141888168982,0.2984583945121182,18.0,5.0,171,96,Pala 2,36.8
37,35,5.0,12.0,0.6852107463384691,0.37128561240847846,18.0,5.0,158,85,Pala 1,115.5
37,4,5.0,12.0,0.9146898211444775,0.07810518692441826,18.0,5.0,174,53,Pala 2,39.1
28,45,5.0,12.0,0.5411738301381054,0.19798358944955796,18.0,5.0,78,54,Pala 1,92.8
40,14,5.0,12.0,0.5031940725789658,0.33549672033092837,18.0,5.0,115,143,Pala 2,64.5
35,48,5.0,12.0,0.2906621213482635,0.7958904332331344,18.0,5.0,173,39,Pala 1,109.6
25,5,5.0,12.0,0.3051938344399526,0.1824973548428639,18.0,5.0,164,65,Pala 2,35.9
30,9,5.0,12.0,0.7965420660296458,0.34664037398422465,18.0,5.0,172,154,Pala 2,54.2
43,31,5.0,12.0,0.44902924558593704,0.06492028819693518,18.0,5.0,144,147,Pala 2,103.7
11,22,5.0,12.0,0.1635262086081204,0.557104344826606,18.0,5.0,50,174,Pala 1,44.6
16,47,5.0,12.0,0.09452876400049559,0.6112508881409278,18.0,5.0,95,87,Pala 1,59.0
14,16,5.0,12.0,0.47292011686177937,0.8655164634621669,18.0,5.0,118,112,Pala 1,62.0
8,45,5.0,12.0,0.46495502361773045,0.819115998501964,18.0,5.0,167,111,Pala 1,46.7
38,19,5.0,12.0,0.653458278205396,0.2853779546838805,18.0,5.0,81,52,Pala 2,78.8
41,43,5.0,12.0,0.4710674777451407,0.13695368918985973,18.0,5.0,63,165,Pala 1,121.6
47,40,5.0,12.0,0.14347570413421473,0.15608318221040374,18.0,5.0,123,79,Pala 2,121.6
11,14,5.0,12.0,0.5078028847985135,0.9689639430404445,18.0,5.0,115,173,Pala 1,56.5
31,43,5.0,12.0,0.9067894038860251,0.6732258140073574,18.0,5.0,94,118,Pala 1,108.3
24,45,5.0,12.0,0.15944141162021241,0.04257078780323931,18.0,5.0,89,72,Pala 1,71.5
38,21,5.0,12.0,0.689754640977749,0.13677925504509458,18.0,5.0,165,125,Pala 2,79.4
17,49,5.0,12.0,0.5938592649655265,0.48580006510095575,18.0,5.0,104,142,Pala 1,65.8
14,5,5.0,12.0,0.7485857267118027,0.20782880429311978,18.0,5.0,98,143,Pala 2,46.3
31,3,5.0,12.0,0.15060027342759275,0.8036589850000189,18.0,5.0,74,111,Pala 2,35.8
5,22,5.0,12.0,0.9416053369059946,0.5732171175693649,18.0,5.0,78,125,Pala 1,42.7
43,43,5.0,12.0,0.6209664277671586,0.6126322077892984,18.0,5.0,91,75,Pala 1,132.5
42,44,5.0,12.0,0.8470711376911368,0.46282554804921183,18.0,5.0,178,133,Pala 1,136.7
34,18,5.0,12.0,0.2466067636802356,0.2560627754263155,18.0,5.0,150,44,Pala 2,73.1
33,44,5.0,12.0,0.7394128893979616,0.5894036132025465,18.0,5.0,82,78,Pala 1,110.5
37,30,5.0,12.0,0.781030704333919,0.7169700461607318,18.0,5.0,126,178,Pala 2,104.7
4,43,5.0,12.0,0.39743527238707566,0.3709480776301669,18.0,5.0,150,104,Pala 1,28.6
17,2,5.0,12.0,0.3839534528834221,0.5049436306178353,18.0,5.0,82,35,Pala 2,32.1
15,27,5.0,12.0,0.6577962650257493,0.8396839704720332,18.0,5.0,38,84,Pala 1,63.5
7,2,5.0,12.0,0.09340768176021597,0.1486817618224603,18.0,5.0,104,112,Pala 1,32.6
24,13,5.0,12.0,0.7356241502175089,0.5452244192741004,18.0,5.0,133,105,Pala 2,61.3
31,17,5.0,12.0,0.042886759839410926,0.34841266182922814,18.0,5.0,122,44,Pala 2,68.1
25,26,5.0,12.0,0.19059030112082598,0.7027947582172305,18.0,5.0,153,40,Pala 1,85.6
21,9,5.0,12.0,0.6641437572413672,0.018810243162394658,18.0,5.0,151,156,Pala 2,52.8
30,48,5.0,12.0,0.09832366709196383,0.6704732998031887,18.0,5.0,90,149,Pala 1,94.2
42,14,5.0,12.0,0.97184209147679,0.1028977340161874,18.0,5.0,153,103,Pala 2,62.7
9,18,5.0,12.0,0.8683962094619007,0.064767752993658,18.0,5.0,179,80,Pala 1,53.0
